-- phpMyAdmin SQL Dump
-- version 5.1.1
-- https://www.phpmyadmin.net/
--
-- Host: localhost
-- Generation Time: Aug 12, 2021 at 11:14 AM
-- Server version: 10.1.45-MariaDB
-- PHP Version: 7.2.30

SET SQL_MODE = "NO_AUTO_VALUE_ON_ZERO";
START TRANSACTION;
SET time_zone = "+00:00";


/*!40101 SET @OLD_CHARACTER_SET_CLIENT=@@CHARACTER_SET_CLIENT */;
/*!40101 SET @OLD_CHARACTER_SET_RESULTS=@@CHARACTER_SET_RESULTS */;
/*!40101 SET @OLD_COLLATION_CONNECTION=@@COLLATION_CONNECTION */;
/*!40101 SET NAMES utf8mb4 */;

--
-- Database: `ti17141_jurnal`
--

DELIMITER $$
--
-- Procedures
--
CREATE DEFINER=`ti17141`@`localhost` PROCEDURE `fill_date` (IN `startdate` DATE, IN `stopdate` DATE)  BEGIN DECLARE currentdate DATE;
SET 
  currentdate = startdate;
	WHILE currentdate <= stopdate DO 
		INSERT INTO dates 
		VALUES 
		  (
		    YEAR(currentdate)* 10000 + MONTH(currentdate)* 100 + DAY(currentdate), 
		    currentdate, 
		    YEAR(currentdate), 
		    MONTH(currentdate), 
		    DAY(currentdate), 
		    QUARTER(currentdate), 
		    WEEKOFYEAR(currentdate), 
		    CASE DAYOFWEEK(currentdate)-1 
			 	WHEN 0 THEN 7 
				ELSE  DAYOFWEEK(currentdate)-1 END,
				 update_at = NOW()
		  ) ON DUPLICATE KEY UPDATE update_at = NOW();
	SET 
	  currentdate = ADDDATE(currentdate, INTERVAL 1 DAY);
	END WHILE;
END$$

DELIMITER ;

-- --------------------------------------------------------

--
-- Table structure for table `ci_session`
--

CREATE TABLE `ci_session` (
  `id` varchar(40) NOT NULL,
  `ip_address` varchar(45) DEFAULT NULL,
  `timestamp` int(10) UNSIGNED DEFAULT NULL,
  `data` blob
) ENGINE=InnoDB DEFAULT CHARSET=latin1;

--
-- Dumping data for table `ci_session`
--

INSERT INTO `ci_session` (`id`, `ip_address`, `timestamp`, `data`) VALUES
('0a57bc01glqjlp1fm75h0m9ir2e8lfae', '112.215.241.114', 1628757489, 0x5f5f63695f6c6173745f726567656e65726174657c693a313632383735373438393b757365725f69647c733a313a2231223b757365725f757365726e616d657c733a353a2261646d696e223b757365725f6c6576656c7c733a353a2241444d494e223b),
('24p9vc6s65mc187tske6i84blv0jdknp', '112.215.241.114', 1628752805, 0x5f5f63695f6c6173745f726567656e65726174657c693a313632383735323830353b757365725f69647c733a313a2231223b757365725f757365726e616d657c733a353a2261646d696e223b757365725f6c6576656c7c733a353a2241444d494e223b),
('35ark34n3pcte5d1tidg2t7kge05gj22', '112.215.241.114', 1628757911, 0x5f5f63695f6c6173745f726567656e65726174657c693a313632383735373931313b757365725f69647c733a313a2231223b757365725f757365726e616d657c733a353a2261646d696e223b757365725f6c6576656c7c733a353a2241444d494e223b),
('548iq3l4479u6n6r82ele77n7bm0ughg', '112.215.241.114', 1628757135, 0x5f5f63695f6c6173745f726567656e65726174657c693a313632383735373133353b757365725f69647c733a313a2231223b757365725f757365726e616d657c733a353a2261646d696e223b757365725f6c6576656c7c733a353a2241444d494e223b),
('b5b46c39lo1nr3mrvqq91unvosric06s', '112.215.241.114', 1628752498, 0x5f5f63695f6c6173745f726567656e65726174657c693a313632383735323439383b757365725f69647c733a313a2231223b757365725f757365726e616d657c733a353a2261646d696e223b757365725f6c6576656c7c733a353a2241444d494e223b),
('g4bp4rtr1ugp08ohno559ctsf4tleih6', '112.215.241.114', 1628758690, 0x5f5f63695f6c6173745f726567656e65726174657c693a313632383735383234393b757365725f69647c733a313a2231223b757365725f757365726e616d657c733a353a2261646d696e223b757365725f6c6576656c7c733a353a2241444d494e223b),
('iv91n1qfja6c3qsi1c7n50evfn7lbfgj', '112.215.241.114', 1628756563, 0x5f5f63695f6c6173745f726567656e65726174657c693a313632383735363536333b757365725f69647c733a313a2231223b757365725f757365726e616d657c733a353a2261646d696e223b757365725f6c6576656c7c733a353a2241444d494e223b),
('m8qdduoaliq5h4ubjlouhjgbdd5had6o', '112.215.241.114', 1628766776, 0x5f5f63695f6c6173745f726567656e65726174657c693a313632383736363737363b),
('p53qgh5rms3id819662riatsveiidrap', '112.215.241.114', 1628753048, 0x5f5f63695f6c6173745f726567656e65726174657c693a313632383735323830353b757365725f69647c733a313a2231223b757365725f757365726e616d657c733a353a2261646d696e223b757365725f6c6576656c7c733a353a2241444d494e223b616c6572742d737563636573737c613a313a7b693a303b733a35303a2250617373776f726420626572686173696c20646972657365742064616e20646967616e7469206d656e6a616469204e49534e223b7d5f5f63695f766172737c613a313a7b733a31333a22616c6572742d73756363657373223b733a333a226f6c64223b7d),
('qb5d4m0oa5bppn8d1mp3hia90b841jb5', '112.215.241.114', 1628751121, 0x5f5f63695f6c6173745f726567656e65726174657c693a313632383735313132313b),
('rt8g1ehvu6o40q8bo011mbuibuidn670', '112.215.241.114', 1628758249, 0x5f5f63695f6c6173745f726567656e65726174657c693a313632383735383234393b757365725f69647c733a313a2231223b757365725f757365726e616d657c733a353a2261646d696e223b757365725f6c6576656c7c733a353a2241444d494e223b);

-- --------------------------------------------------------

--
-- Table structure for table `cronjob_status`
--

CREATE TABLE `cronjob_status` (
  `id` int(11) NOT NULL,
  `start_at` datetime DEFAULT '0000-00-00 00:00:00',
  `end_at` datetime DEFAULT '0000-00-00 00:00:00',
  `keterangan` text
) ENGINE=InnoDB DEFAULT CHARSET=latin1;

--
-- Dumping data for table `cronjob_status`
--

INSERT INTO `cronjob_status` (`id`, `start_at`, `end_at`, `keterangan`) VALUES
(2, '2020-04-09 13:16:03', '2020-04-09 13:16:03', '{\'CMD\':\'INSERT_JADWAL\',\'KELAS\':\'1\',\'JUMLAH_BARIS\':\'4\'},{\'CMD\':\'INSERT_JADWAL\',\'KELAS\':\'2\',\'JUMLAH_BARIS\':\'4\'}'),
(3, '2020-04-22 00:04:50', '2020-04-22 00:04:50', '{\'CMD\':\'INSERT_JADWAL\',\'KELAS\':\'1\',\'JUMLAH_BARIS\':\'4\'},{\'CMD\':\'INSERT_JADWAL\',\'KELAS\':\'2\',\'JUMLAH_BARIS\':\'4\'}'),
(4, '2020-09-30 20:19:06', '2020-09-30 20:19:06', '{\'CMD\':\'INSERT_JADWAL\',\'KELAS\':\'1\',\'JUMLAH_BARIS\':\'4\'},{\'CMD\':\'INSERT_JADWAL\',\'KELAS\':\'2\',\'JUMLAH_BARIS\':\'4\'}'),
(5, '2021-03-10 11:55:29', '2021-03-10 11:55:29', '{\'CMD\':\'INSERT_JADWAL\',\'KELAS\':\'1\',\'JUMLAH_BARIS\':\'4\'},{\'CMD\':\'INSERT_JADWAL\',\'KELAS\':\'2\',\'JUMLAH_BARIS\':\'4\'}'),
(6, '2021-06-16 02:00:06', '2021-06-16 02:00:06', '{\'CMD\':\'INSERT_JADWAL\',\'KELAS\':\'1\',\'JUMLAH_BARIS\':\'4\'},{\'CMD\':\'INSERT_JADWAL\',\'KELAS\':\'2\',\'JUMLAH_BARIS\':\'4\'}'),
(7, '2021-06-17 02:00:06', '2021-06-17 02:00:06', '{\'CMD\':\'INSERT_JADWAL\',\'KELAS\':\'1\',\'JUMLAH_BARIS\':\'4\'},{\'CMD\':\'INSERT_JADWAL\',\'KELAS\':\'2\',\'JUMLAH_BARIS\':\'4\'}'),
(8, '2021-06-18 02:00:06', '2021-06-18 02:00:06', '{\'CMD\':\'INSERT_JADWAL\',\'KELAS\':\'1\',\'JUMLAH_BARIS\':\'2\'},{\'CMD\':\'INSERT_JADWAL\',\'KELAS\':\'2\',\'JUMLAH_BARIS\':\'2\'}'),
(9, '2021-06-26 14:11:29', '2021-06-26 14:11:29', '{\'CMD\':\'INSERT_JADWAL\',\'KELAS\':\'1\',\'JUMLAH_BARIS\':\'4\'},{\'CMD\':\'INSERT_JADWAL\',\'KELAS\':\'2\',\'JUMLAH_BARIS\':\'4\'},{\'CMD\':\'INSERT_JADWAL\',\'KELAS\':\'3\',\'JUMLAH_BARIS\':\'4\'},{\'CMD\':\'INSERT_JADWAL\',\'KELAS\':\'4\',\'JUMLAH_BARIS\':\'4\'},{\'CMD\':\'INSERT_JADWAL\',\'KELAS\':\'5\',\'JUMLAH_BARIS\':\'4\'},{\'CMD\':\'INSERT_JADWAL\',\'KELAS\':\'6\',\'JUMLAH_BARIS\':\'4\'},{\'CMD\':\'INSERT_JADWAL\',\'KELAS\':\'7\',\'JUMLAH_BARIS\':\'0\'},{\'CMD\':\'INSERT_JADWAL\',\'KELAS\':\'8\',\'JUMLAH_BARIS\':\'0\'},{\'CMD\':\'INSERT_JADWAL\',\'KELAS\':\'9\',\'JUMLAH_BARIS\':\'0\'},{\'CMD\':\'INSERT_JADWAL\',\'KELAS\':\'10\',\'JUMLAH_BARIS\':\'0\'},{\'CMD\':\'INSERT_JADWAL\',\'KELAS\':\'11\',\'JUMLAH_BARIS\':\'0\'},{\'CMD\':\'INSERT_JADWAL\',\'KELAS\':\'12\',\'JUMLAH_BARIS\':\'0\'},{\'CMD\':\'INSERT_JADWAL\',\'KELAS\':\'13\',\'JUMLAH_BARIS\':\'0\'},{\'CMD\':\'INSERT_JADWAL\',\'KELAS\':\'14\',\'JUMLAH_BARIS\':\'0\'},{\'CMD\':\'INSERT_JADWAL\',\'KELAS\':\'15\',\'JUMLAH_BARIS\':\'0\'},{\'CMD\':\'INSERT_JADWAL\',\'KELAS\':\'16\',\'JUMLAH_BARIS\':\'0\'},{\'CMD\':\'INSERT_JADWAL\',\'KELAS\':\'17\',\'JUMLAH_BARIS\':\'0\'},{\'CMD\':\'INSERT_JADWAL\',\'KELAS\':\'18\',\'JUMLAH_BARIS\':\'0\'},{\'CMD\':\'INSERT_JADWAL\',\'KELAS\':\'19\',\'JUMLAH_BARIS\':\'0\'},{\'CMD\':\'INSERT_JADWAL\',\'KELAS\':\'20\',\'JUMLAH_BARIS\':\'0\'},{\'CMD\':\'INSERT_JADWAL\',\'KELAS\':\'21\',\'JUMLAH_BARIS\':\'0\'},{\'CMD\':\'INSERT_JADWAL\',\'KELAS\':\'22\',\'JUMLAH_BARIS\':\'0\'},{\'CMD\':\'INSERT_JADWAL\',\'KELAS\':\'23\',\'JUMLAH_BARIS\':\'0\'},{\'CMD\':\'INSERT_JADWAL\',\'KELAS\':\'24\',\'JUMLAH_BARIS\':\'0\'},{\'CMD\':\'INSERT_JADWAL\',\'KELAS\':\'25\',\'JUMLAH_BARIS\':\'0\'},{\'CMD\':\'INSERT_JADWAL\',\'KELAS\':\'26\',\'JUMLAH_BARIS\':\'0\'},{\'CMD\':\'INSERT_JADWAL\',\'KELAS\':\'27\',\'JUMLAH_BARIS\':\'0\'}'),
(10, '2021-06-28 02:00:06', '2021-06-28 02:00:06', '{\'CMD\':\'INSERT_JADWAL\',\'KELAS\':\'1\',\'JUMLAH_BARIS\':\'4\'},{\'CMD\':\'INSERT_JADWAL\',\'KELAS\':\'2\',\'JUMLAH_BARIS\':\'4\'},{\'CMD\':\'INSERT_JADWAL\',\'KELAS\':\'3\',\'JUMLAH_BARIS\':\'4\'},{\'CMD\':\'INSERT_JADWAL\',\'KELAS\':\'4\',\'JUMLAH_BARIS\':\'4\'},{\'CMD\':\'INSERT_JADWAL\',\'KELAS\':\'5\',\'JUMLAH_BARIS\':\'4\'},{\'CMD\':\'INSERT_JADWAL\',\'KELAS\':\'6\',\'JUMLAH_BARIS\':\'4\'},{\'CMD\':\'INSERT_JADWAL\',\'KELAS\':\'7\',\'JUMLAH_BARIS\':\'4\'},{\'CMD\':\'INSERT_JADWAL\',\'KELAS\':\'9\',\'JUMLAH_BARIS\':\'4\'},{\'CMD\':\'INSERT_JADWAL\',\'KELAS\':\'10\',\'JUMLAH_BARIS\':\'4\'},{\'CMD\':\'INSERT_JADWAL\',\'KELAS\':\'11\',\'JUMLAH_BARIS\':\'4\'},{\'CMD\':\'INSERT_JADWAL\',\'KELAS\':\'12\',\'JUMLAH_BARIS\':\'4\'},{\'CMD\':\'INSERT_JADWAL\',\'KELAS\':\'13\',\'JUMLAH_BARIS\':\'4\'},{\'CMD\':\'INSERT_JADWAL\',\'KELAS\':\'15\',\'JUMLAH_BARIS\':\'4\'},{\'CMD\':\'INSERT_JADWAL\',\'KELAS\':\'16\',\'JUMLAH_BARIS\':\'4\'},{\'CMD\':\'INSERT_JADWAL\',\'KELAS\':\'18\',\'JUMLAH_BARIS\':\'4\'},{\'CMD\':\'INSERT_JADWAL\',\'KELAS\':\'19\',\'JUMLAH_BARIS\':\'4\'},{\'CMD\':\'INSERT_JADWAL\',\'KELAS\':\'20\',\'JUMLAH_BARIS\':\'4\'},{\'CMD\':\'INSERT_JADWAL\',\'KELAS\':\'21\',\'JUMLAH_BARIS\':\'4\'},{\'CMD\':\'INSERT_JADWAL\',\'KELAS\':\'22\',\'JUMLAH_BARIS\':\'4\'},{\'CMD\':\'INSERT_JADWAL\',\'KELAS\':\'24\',\'JUMLAH_BARIS\':\'4\'},{\'CMD\':\'INSERT_JADWAL\',\'KELAS\':\'25\',\'JUMLAH_BARIS\':\'4\'},{\'CMD\':\'INSERT_JADWAL\',\'KELAS\':\'27\',\'JUMLAH_BARIS\':\'4\'}'),
(11, '2021-06-29 02:00:06', '2021-06-29 02:00:06', '{\'CMD\':\'INSERT_JADWAL\',\'KELAS\':\'1\',\'JUMLAH_BARIS\':\'4\'},{\'CMD\':\'INSERT_JADWAL\',\'KELAS\':\'2\',\'JUMLAH_BARIS\':\'4\'},{\'CMD\':\'INSERT_JADWAL\',\'KELAS\':\'3\',\'JUMLAH_BARIS\':\'4\'},{\'CMD\':\'INSERT_JADWAL\',\'KELAS\':\'4\',\'JUMLAH_BARIS\':\'4\'},{\'CMD\':\'INSERT_JADWAL\',\'KELAS\':\'5\',\'JUMLAH_BARIS\':\'4\'},{\'CMD\':\'INSERT_JADWAL\',\'KELAS\':\'6\',\'JUMLAH_BARIS\':\'4\'},{\'CMD\':\'INSERT_JADWAL\',\'KELAS\':\'7\',\'JUMLAH_BARIS\':\'4\'},{\'CMD\':\'INSERT_JADWAL\',\'KELAS\':\'9\',\'JUMLAH_BARIS\':\'4\'},{\'CMD\':\'INSERT_JADWAL\',\'KELAS\':\'10\',\'JUMLAH_BARIS\':\'4\'},{\'CMD\':\'INSERT_JADWAL\',\'KELAS\':\'11\',\'JUMLAH_BARIS\':\'4\'},{\'CMD\':\'INSERT_JADWAL\',\'KELAS\':\'12\',\'JUMLAH_BARIS\':\'4\'},{\'CMD\':\'INSERT_JADWAL\',\'KELAS\':\'13\',\'JUMLAH_BARIS\':\'4\'},{\'CMD\':\'INSERT_JADWAL\',\'KELAS\':\'15\',\'JUMLAH_BARIS\':\'4\'},{\'CMD\':\'INSERT_JADWAL\',\'KELAS\':\'16\',\'JUMLAH_BARIS\':\'4\'},{\'CMD\':\'INSERT_JADWAL\',\'KELAS\':\'18\',\'JUMLAH_BARIS\':\'4\'},{\'CMD\':\'INSERT_JADWAL\',\'KELAS\':\'19\',\'JUMLAH_BARIS\':\'4\'},{\'CMD\':\'INSERT_JADWAL\',\'KELAS\':\'20\',\'JUMLAH_BARIS\':\'4\'},{\'CMD\':\'INSERT_JADWAL\',\'KELAS\':\'21\',\'JUMLAH_BARIS\':\'4\'},{\'CMD\':\'INSERT_JADWAL\',\'KELAS\':\'22\',\'JUMLAH_BARIS\':\'4\'},{\'CMD\':\'INSERT_JADWAL\',\'KELAS\':\'24\',\'JUMLAH_BARIS\':\'4\'},{\'CMD\':\'INSERT_JADWAL\',\'KELAS\':\'25\',\'JUMLAH_BARIS\':\'4\'},{\'CMD\':\'INSERT_JADWAL\',\'KELAS\':\'27\',\'JUMLAH_BARIS\':\'4\'}'),
(12, '2021-06-30 02:00:06', '2021-06-30 02:00:07', '{\'CMD\':\'INSERT_JADWAL\',\'KELAS\':\'1\',\'JUMLAH_BARIS\':\'5\'},{\'CMD\':\'INSERT_JADWAL\',\'KELAS\':\'2\',\'JUMLAH_BARIS\':\'5\'},{\'CMD\':\'INSERT_JADWAL\',\'KELAS\':\'3\',\'JUMLAH_BARIS\':\'5\'},{\'CMD\':\'INSERT_JADWAL\',\'KELAS\':\'4\',\'JUMLAH_BARIS\':\'5\'},{\'CMD\':\'INSERT_JADWAL\',\'KELAS\':\'5\',\'JUMLAH_BARIS\':\'5\'},{\'CMD\':\'INSERT_JADWAL\',\'KELAS\':\'6\',\'JUMLAH_BARIS\':\'5\'},{\'CMD\':\'INSERT_JADWAL\',\'KELAS\':\'7\',\'JUMLAH_BARIS\':\'5\'},{\'CMD\':\'INSERT_JADWAL\',\'KELAS\':\'9\',\'JUMLAH_BARIS\':\'5\'},{\'CMD\':\'INSERT_JADWAL\',\'KELAS\':\'10\',\'JUMLAH_BARIS\':\'5\'},{\'CMD\':\'INSERT_JADWAL\',\'KELAS\':\'11\',\'JUMLAH_BARIS\':\'5\'},{\'CMD\':\'INSERT_JADWAL\',\'KELAS\':\'12\',\'JUMLAH_BARIS\':\'5\'},{\'CMD\':\'INSERT_JADWAL\',\'KELAS\':\'13\',\'JUMLAH_BARIS\':\'5\'},{\'CMD\':\'INSERT_JADWAL\',\'KELAS\':\'15\',\'JUMLAH_BARIS\':\'5\'},{\'CMD\':\'INSERT_JADWAL\',\'KELAS\':\'16\',\'JUMLAH_BARIS\':\'5\'},{\'CMD\':\'INSERT_JADWAL\',\'KELAS\':\'18\',\'JUMLAH_BARIS\':\'5\'},{\'CMD\':\'INSERT_JADWAL\',\'KELAS\':\'19\',\'JUMLAH_BARIS\':\'5\'},{\'CMD\':\'INSERT_JADWAL\',\'KELAS\':\'20\',\'JUMLAH_BARIS\':\'5\'},{\'CMD\':\'INSERT_JADWAL\',\'KELAS\':\'21\',\'JUMLAH_BARIS\':\'5\'},{\'CMD\':\'INSERT_JADWAL\',\'KELAS\':\'22\',\'JUMLAH_BARIS\':\'5\'},{\'CMD\':\'INSERT_JADWAL\',\'KELAS\':\'24\',\'JUMLAH_BARIS\':\'5\'},{\'CMD\':\'INSERT_JADWAL\',\'KELAS\':\'25\',\'JUMLAH_BARIS\':\'5\'},{\'CMD\':\'INSERT_JADWAL\',\'KELAS\':\'27\',\'JUMLAH_BARIS\':\'5\'}'),
(13, '2021-07-01 02:00:06', '2021-07-01 02:00:07', '{\'CMD\':\'INSERT_JADWAL\',\'KELAS\':\'1\',\'JUMLAH_BARIS\':\'4\'},{\'CMD\':\'INSERT_JADWAL\',\'KELAS\':\'2\',\'JUMLAH_BARIS\':\'4\'},{\'CMD\':\'INSERT_JADWAL\',\'KELAS\':\'3\',\'JUMLAH_BARIS\':\'4\'},{\'CMD\':\'INSERT_JADWAL\',\'KELAS\':\'4\',\'JUMLAH_BARIS\':\'4\'},{\'CMD\':\'INSERT_JADWAL\',\'KELAS\':\'5\',\'JUMLAH_BARIS\':\'4\'},{\'CMD\':\'INSERT_JADWAL\',\'KELAS\':\'6\',\'JUMLAH_BARIS\':\'4\'},{\'CMD\':\'INSERT_JADWAL\',\'KELAS\':\'7\',\'JUMLAH_BARIS\':\'4\'},{\'CMD\':\'INSERT_JADWAL\',\'KELAS\':\'9\',\'JUMLAH_BARIS\':\'4\'},{\'CMD\':\'INSERT_JADWAL\',\'KELAS\':\'10\',\'JUMLAH_BARIS\':\'4\'},{\'CMD\':\'INSERT_JADWAL\',\'KELAS\':\'11\',\'JUMLAH_BARIS\':\'4\'},{\'CMD\':\'INSERT_JADWAL\',\'KELAS\':\'12\',\'JUMLAH_BARIS\':\'4\'},{\'CMD\':\'INSERT_JADWAL\',\'KELAS\':\'13\',\'JUMLAH_BARIS\':\'4\'},{\'CMD\':\'INSERT_JADWAL\',\'KELAS\':\'15\',\'JUMLAH_BARIS\':\'4\'},{\'CMD\':\'INSERT_JADWAL\',\'KELAS\':\'16\',\'JUMLAH_BARIS\':\'4\'},{\'CMD\':\'INSERT_JADWAL\',\'KELAS\':\'18\',\'JUMLAH_BARIS\':\'4\'},{\'CMD\':\'INSERT_JADWAL\',\'KELAS\':\'19\',\'JUMLAH_BARIS\':\'4\'},{\'CMD\':\'INSERT_JADWAL\',\'KELAS\':\'20\',\'JUMLAH_BARIS\':\'4\'},{\'CMD\':\'INSERT_JADWAL\',\'KELAS\':\'21\',\'JUMLAH_BARIS\':\'4\'},{\'CMD\':\'INSERT_JADWAL\',\'KELAS\':\'22\',\'JUMLAH_BARIS\':\'4\'},{\'CMD\':\'INSERT_JADWAL\',\'KELAS\':\'24\',\'JUMLAH_BARIS\':\'4\'},{\'CMD\':\'INSERT_JADWAL\',\'KELAS\':\'25\',\'JUMLAH_BARIS\':\'4\'},{\'CMD\':\'INSERT_JADWAL\',\'KELAS\':\'27\',\'JUMLAH_BARIS\':\'4\'}'),
(14, '2021-07-02 02:00:06', '2021-07-02 02:00:06', '{\'CMD\':\'INSERT_JADWAL\',\'KELAS\':\'1\',\'JUMLAH_BARIS\':\'3\'},{\'CMD\':\'INSERT_JADWAL\',\'KELAS\':\'2\',\'JUMLAH_BARIS\':\'3\'},{\'CMD\':\'INSERT_JADWAL\',\'KELAS\':\'3\',\'JUMLAH_BARIS\':\'3\'},{\'CMD\':\'INSERT_JADWAL\',\'KELAS\':\'4\',\'JUMLAH_BARIS\':\'3\'},{\'CMD\':\'INSERT_JADWAL\',\'KELAS\':\'5\',\'JUMLAH_BARIS\':\'3\'},{\'CMD\':\'INSERT_JADWAL\',\'KELAS\':\'6\',\'JUMLAH_BARIS\':\'3\'},{\'CMD\':\'INSERT_JADWAL\',\'KELAS\':\'7\',\'JUMLAH_BARIS\':\'3\'},{\'CMD\':\'INSERT_JADWAL\',\'KELAS\':\'9\',\'JUMLAH_BARIS\':\'3\'},{\'CMD\':\'INSERT_JADWAL\',\'KELAS\':\'10\',\'JUMLAH_BARIS\':\'3\'},{\'CMD\':\'INSERT_JADWAL\',\'KELAS\':\'11\',\'JUMLAH_BARIS\':\'3\'},{\'CMD\':\'INSERT_JADWAL\',\'KELAS\':\'12\',\'JUMLAH_BARIS\':\'3\'},{\'CMD\':\'INSERT_JADWAL\',\'KELAS\':\'13\',\'JUMLAH_BARIS\':\'3\'},{\'CMD\':\'INSERT_JADWAL\',\'KELAS\':\'15\',\'JUMLAH_BARIS\':\'3\'},{\'CMD\':\'INSERT_JADWAL\',\'KELAS\':\'16\',\'JUMLAH_BARIS\':\'3\'},{\'CMD\':\'INSERT_JADWAL\',\'KELAS\':\'18\',\'JUMLAH_BARIS\':\'3\'},{\'CMD\':\'INSERT_JADWAL\',\'KELAS\':\'19\',\'JUMLAH_BARIS\':\'3\'},{\'CMD\':\'INSERT_JADWAL\',\'KELAS\':\'20\',\'JUMLAH_BARIS\':\'3\'},{\'CMD\':\'INSERT_JADWAL\',\'KELAS\':\'21\',\'JUMLAH_BARIS\':\'3\'},{\'CMD\':\'INSERT_JADWAL\',\'KELAS\':\'22\',\'JUMLAH_BARIS\':\'3\'},{\'CMD\':\'INSERT_JADWAL\',\'KELAS\':\'24\',\'JUMLAH_BARIS\':\'3\'},{\'CMD\':\'INSERT_JADWAL\',\'KELAS\':\'25\',\'JUMLAH_BARIS\':\'3\'},{\'CMD\':\'INSERT_JADWAL\',\'KELAS\':\'27\',\'JUMLAH_BARIS\':\'3\'}'),
(15, '2021-07-03 02:00:06', '2021-07-03 02:00:06', '{\'CMD\':\'INSERT_JADWAL\',\'KELAS\':\'1\',\'JUMLAH_BARIS\':\'4\'},{\'CMD\':\'INSERT_JADWAL\',\'KELAS\':\'2\',\'JUMLAH_BARIS\':\'4\'},{\'CMD\':\'INSERT_JADWAL\',\'KELAS\':\'3\',\'JUMLAH_BARIS\':\'4\'},{\'CMD\':\'INSERT_JADWAL\',\'KELAS\':\'4\',\'JUMLAH_BARIS\':\'4\'},{\'CMD\':\'INSERT_JADWAL\',\'KELAS\':\'5\',\'JUMLAH_BARIS\':\'4\'},{\'CMD\':\'INSERT_JADWAL\',\'KELAS\':\'6\',\'JUMLAH_BARIS\':\'4\'},{\'CMD\':\'INSERT_JADWAL\',\'KELAS\':\'7\',\'JUMLAH_BARIS\':\'4\'},{\'CMD\':\'INSERT_JADWAL\',\'KELAS\':\'9\',\'JUMLAH_BARIS\':\'4\'},{\'CMD\':\'INSERT_JADWAL\',\'KELAS\':\'10\',\'JUMLAH_BARIS\':\'4\'},{\'CMD\':\'INSERT_JADWAL\',\'KELAS\':\'11\',\'JUMLAH_BARIS\':\'4\'},{\'CMD\':\'INSERT_JADWAL\',\'KELAS\':\'12\',\'JUMLAH_BARIS\':\'4\'},{\'CMD\':\'INSERT_JADWAL\',\'KELAS\':\'13\',\'JUMLAH_BARIS\':\'4\'},{\'CMD\':\'INSERT_JADWAL\',\'KELAS\':\'15\',\'JUMLAH_BARIS\':\'4\'},{\'CMD\':\'INSERT_JADWAL\',\'KELAS\':\'16\',\'JUMLAH_BARIS\':\'4\'},{\'CMD\':\'INSERT_JADWAL\',\'KELAS\':\'18\',\'JUMLAH_BARIS\':\'4\'},{\'CMD\':\'INSERT_JADWAL\',\'KELAS\':\'19\',\'JUMLAH_BARIS\':\'4\'},{\'CMD\':\'INSERT_JADWAL\',\'KELAS\':\'20\',\'JUMLAH_BARIS\':\'4\'},{\'CMD\':\'INSERT_JADWAL\',\'KELAS\':\'21\',\'JUMLAH_BARIS\':\'4\'},{\'CMD\':\'INSERT_JADWAL\',\'KELAS\':\'22\',\'JUMLAH_BARIS\':\'4\'},{\'CMD\':\'INSERT_JADWAL\',\'KELAS\':\'24\',\'JUMLAH_BARIS\':\'4\'},{\'CMD\':\'INSERT_JADWAL\',\'KELAS\':\'25\',\'JUMLAH_BARIS\':\'4\'},{\'CMD\':\'INSERT_JADWAL\',\'KELAS\':\'27\',\'JUMLAH_BARIS\':\'4\'}'),
(16, '2021-07-05 02:00:06', '2021-07-05 02:00:06', '{\'CMD\':\'INSERT_JADWAL\',\'KELAS\':\'1\',\'JUMLAH_BARIS\':\'4\'},{\'CMD\':\'INSERT_JADWAL\',\'KELAS\':\'2\',\'JUMLAH_BARIS\':\'4\'},{\'CMD\':\'INSERT_JADWAL\',\'KELAS\':\'3\',\'JUMLAH_BARIS\':\'4\'},{\'CMD\':\'INSERT_JADWAL\',\'KELAS\':\'4\',\'JUMLAH_BARIS\':\'4\'},{\'CMD\':\'INSERT_JADWAL\',\'KELAS\':\'5\',\'JUMLAH_BARIS\':\'4\'},{\'CMD\':\'INSERT_JADWAL\',\'KELAS\':\'6\',\'JUMLAH_BARIS\':\'4\'},{\'CMD\':\'INSERT_JADWAL\',\'KELAS\':\'7\',\'JUMLAH_BARIS\':\'4\'},{\'CMD\':\'INSERT_JADWAL\',\'KELAS\':\'9\',\'JUMLAH_BARIS\':\'4\'},{\'CMD\':\'INSERT_JADWAL\',\'KELAS\':\'10\',\'JUMLAH_BARIS\':\'4\'},{\'CMD\':\'INSERT_JADWAL\',\'KELAS\':\'11\',\'JUMLAH_BARIS\':\'4\'},{\'CMD\':\'INSERT_JADWAL\',\'KELAS\':\'12\',\'JUMLAH_BARIS\':\'4\'},{\'CMD\':\'INSERT_JADWAL\',\'KELAS\':\'13\',\'JUMLAH_BARIS\':\'4\'},{\'CMD\':\'INSERT_JADWAL\',\'KELAS\':\'15\',\'JUMLAH_BARIS\':\'4\'},{\'CMD\':\'INSERT_JADWAL\',\'KELAS\':\'16\',\'JUMLAH_BARIS\':\'4\'},{\'CMD\':\'INSERT_JADWAL\',\'KELAS\':\'18\',\'JUMLAH_BARIS\':\'4\'},{\'CMD\':\'INSERT_JADWAL\',\'KELAS\':\'19\',\'JUMLAH_BARIS\':\'4\'},{\'CMD\':\'INSERT_JADWAL\',\'KELAS\':\'20\',\'JUMLAH_BARIS\':\'4\'},{\'CMD\':\'INSERT_JADWAL\',\'KELAS\':\'21\',\'JUMLAH_BARIS\':\'4\'},{\'CMD\':\'INSERT_JADWAL\',\'KELAS\':\'22\',\'JUMLAH_BARIS\':\'4\'},{\'CMD\':\'INSERT_JADWAL\',\'KELAS\':\'24\',\'JUMLAH_BARIS\':\'4\'},{\'CMD\':\'INSERT_JADWAL\',\'KELAS\':\'25\',\'JUMLAH_BARIS\':\'4\'},{\'CMD\':\'INSERT_JADWAL\',\'KELAS\':\'27\',\'JUMLAH_BARIS\':\'4\'}'),
(17, '2021-07-06 02:00:06', '2021-07-06 02:00:06', '{\'CMD\':\'INSERT_JADWAL\',\'KELAS\':\'1\',\'JUMLAH_BARIS\':\'4\'},{\'CMD\':\'INSERT_JADWAL\',\'KELAS\':\'2\',\'JUMLAH_BARIS\':\'4\'},{\'CMD\':\'INSERT_JADWAL\',\'KELAS\':\'3\',\'JUMLAH_BARIS\':\'4\'},{\'CMD\':\'INSERT_JADWAL\',\'KELAS\':\'4\',\'JUMLAH_BARIS\':\'4\'},{\'CMD\':\'INSERT_JADWAL\',\'KELAS\':\'5\',\'JUMLAH_BARIS\':\'4\'},{\'CMD\':\'INSERT_JADWAL\',\'KELAS\':\'6\',\'JUMLAH_BARIS\':\'4\'},{\'CMD\':\'INSERT_JADWAL\',\'KELAS\':\'7\',\'JUMLAH_BARIS\':\'4\'},{\'CMD\':\'INSERT_JADWAL\',\'KELAS\':\'9\',\'JUMLAH_BARIS\':\'4\'},{\'CMD\':\'INSERT_JADWAL\',\'KELAS\':\'10\',\'JUMLAH_BARIS\':\'4\'},{\'CMD\':\'INSERT_JADWAL\',\'KELAS\':\'11\',\'JUMLAH_BARIS\':\'4\'},{\'CMD\':\'INSERT_JADWAL\',\'KELAS\':\'12\',\'JUMLAH_BARIS\':\'4\'},{\'CMD\':\'INSERT_JADWAL\',\'KELAS\':\'13\',\'JUMLAH_BARIS\':\'4\'},{\'CMD\':\'INSERT_JADWAL\',\'KELAS\':\'15\',\'JUMLAH_BARIS\':\'4\'},{\'CMD\':\'INSERT_JADWAL\',\'KELAS\':\'16\',\'JUMLAH_BARIS\':\'4\'},{\'CMD\':\'INSERT_JADWAL\',\'KELAS\':\'18\',\'JUMLAH_BARIS\':\'4\'},{\'CMD\':\'INSERT_JADWAL\',\'KELAS\':\'19\',\'JUMLAH_BARIS\':\'4\'},{\'CMD\':\'INSERT_JADWAL\',\'KELAS\':\'20\',\'JUMLAH_BARIS\':\'4\'},{\'CMD\':\'INSERT_JADWAL\',\'KELAS\':\'21\',\'JUMLAH_BARIS\':\'4\'},{\'CMD\':\'INSERT_JADWAL\',\'KELAS\':\'22\',\'JUMLAH_BARIS\':\'4\'},{\'CMD\':\'INSERT_JADWAL\',\'KELAS\':\'24\',\'JUMLAH_BARIS\':\'4\'},{\'CMD\':\'INSERT_JADWAL\',\'KELAS\':\'25\',\'JUMLAH_BARIS\':\'4\'},{\'CMD\':\'INSERT_JADWAL\',\'KELAS\':\'27\',\'JUMLAH_BARIS\':\'4\'}'),
(18, '2021-07-07 02:00:06', '2021-07-07 02:00:06', '{\'CMD\':\'INSERT_JADWAL\',\'KELAS\':\'1\',\'JUMLAH_BARIS\':\'5\'},{\'CMD\':\'INSERT_JADWAL\',\'KELAS\':\'2\',\'JUMLAH_BARIS\':\'5\'},{\'CMD\':\'INSERT_JADWAL\',\'KELAS\':\'3\',\'JUMLAH_BARIS\':\'5\'},{\'CMD\':\'INSERT_JADWAL\',\'KELAS\':\'4\',\'JUMLAH_BARIS\':\'5\'},{\'CMD\':\'INSERT_JADWAL\',\'KELAS\':\'5\',\'JUMLAH_BARIS\':\'5\'},{\'CMD\':\'INSERT_JADWAL\',\'KELAS\':\'6\',\'JUMLAH_BARIS\':\'5\'},{\'CMD\':\'INSERT_JADWAL\',\'KELAS\':\'7\',\'JUMLAH_BARIS\':\'5\'},{\'CMD\':\'INSERT_JADWAL\',\'KELAS\':\'9\',\'JUMLAH_BARIS\':\'5\'},{\'CMD\':\'INSERT_JADWAL\',\'KELAS\':\'10\',\'JUMLAH_BARIS\':\'5\'},{\'CMD\':\'INSERT_JADWAL\',\'KELAS\':\'11\',\'JUMLAH_BARIS\':\'5\'},{\'CMD\':\'INSERT_JADWAL\',\'KELAS\':\'12\',\'JUMLAH_BARIS\':\'5\'},{\'CMD\':\'INSERT_JADWAL\',\'KELAS\':\'13\',\'JUMLAH_BARIS\':\'5\'},{\'CMD\':\'INSERT_JADWAL\',\'KELAS\':\'15\',\'JUMLAH_BARIS\':\'5\'},{\'CMD\':\'INSERT_JADWAL\',\'KELAS\':\'16\',\'JUMLAH_BARIS\':\'5\'},{\'CMD\':\'INSERT_JADWAL\',\'KELAS\':\'18\',\'JUMLAH_BARIS\':\'5\'},{\'CMD\':\'INSERT_JADWAL\',\'KELAS\':\'19\',\'JUMLAH_BARIS\':\'5\'},{\'CMD\':\'INSERT_JADWAL\',\'KELAS\':\'20\',\'JUMLAH_BARIS\':\'5\'},{\'CMD\':\'INSERT_JADWAL\',\'KELAS\':\'21\',\'JUMLAH_BARIS\':\'5\'},{\'CMD\':\'INSERT_JADWAL\',\'KELAS\':\'22\',\'JUMLAH_BARIS\':\'5\'},{\'CMD\':\'INSERT_JADWAL\',\'KELAS\':\'24\',\'JUMLAH_BARIS\':\'5\'},{\'CMD\':\'INSERT_JADWAL\',\'KELAS\':\'25\',\'JUMLAH_BARIS\':\'5\'},{\'CMD\':\'INSERT_JADWAL\',\'KELAS\':\'27\',\'JUMLAH_BARIS\':\'5\'}'),
(19, '2021-07-08 02:00:06', '2021-07-08 02:00:07', '{\'CMD\':\'INSERT_JADWAL\',\'KELAS\':\'1\',\'JUMLAH_BARIS\':\'4\'},{\'CMD\':\'INSERT_JADWAL\',\'KELAS\':\'2\',\'JUMLAH_BARIS\':\'4\'},{\'CMD\':\'INSERT_JADWAL\',\'KELAS\':\'3\',\'JUMLAH_BARIS\':\'4\'},{\'CMD\':\'INSERT_JADWAL\',\'KELAS\':\'4\',\'JUMLAH_BARIS\':\'4\'},{\'CMD\':\'INSERT_JADWAL\',\'KELAS\':\'5\',\'JUMLAH_BARIS\':\'4\'},{\'CMD\':\'INSERT_JADWAL\',\'KELAS\':\'6\',\'JUMLAH_BARIS\':\'4\'},{\'CMD\':\'INSERT_JADWAL\',\'KELAS\':\'7\',\'JUMLAH_BARIS\':\'4\'},{\'CMD\':\'INSERT_JADWAL\',\'KELAS\':\'9\',\'JUMLAH_BARIS\':\'4\'},{\'CMD\':\'INSERT_JADWAL\',\'KELAS\':\'10\',\'JUMLAH_BARIS\':\'4\'},{\'CMD\':\'INSERT_JADWAL\',\'KELAS\':\'11\',\'JUMLAH_BARIS\':\'4\'},{\'CMD\':\'INSERT_JADWAL\',\'KELAS\':\'12\',\'JUMLAH_BARIS\':\'4\'},{\'CMD\':\'INSERT_JADWAL\',\'KELAS\':\'13\',\'JUMLAH_BARIS\':\'4\'},{\'CMD\':\'INSERT_JADWAL\',\'KELAS\':\'15\',\'JUMLAH_BARIS\':\'4\'},{\'CMD\':\'INSERT_JADWAL\',\'KELAS\':\'16\',\'JUMLAH_BARIS\':\'4\'},{\'CMD\':\'INSERT_JADWAL\',\'KELAS\':\'18\',\'JUMLAH_BARIS\':\'4\'},{\'CMD\':\'INSERT_JADWAL\',\'KELAS\':\'19\',\'JUMLAH_BARIS\':\'4\'},{\'CMD\':\'INSERT_JADWAL\',\'KELAS\':\'20\',\'JUMLAH_BARIS\':\'4\'},{\'CMD\':\'INSERT_JADWAL\',\'KELAS\':\'21\',\'JUMLAH_BARIS\':\'4\'},{\'CMD\':\'INSERT_JADWAL\',\'KELAS\':\'22\',\'JUMLAH_BARIS\':\'4\'},{\'CMD\':\'INSERT_JADWAL\',\'KELAS\':\'24\',\'JUMLAH_BARIS\':\'4\'},{\'CMD\':\'INSERT_JADWAL\',\'KELAS\':\'25\',\'JUMLAH_BARIS\':\'4\'},{\'CMD\':\'INSERT_JADWAL\',\'KELAS\':\'27\',\'JUMLAH_BARIS\':\'4\'}'),
(20, '2021-07-09 02:00:06', '2021-07-09 02:00:06', '{\'CMD\':\'INSERT_JADWAL\',\'KELAS\':\'1\',\'JUMLAH_BARIS\':\'3\'},{\'CMD\':\'INSERT_JADWAL\',\'KELAS\':\'2\',\'JUMLAH_BARIS\':\'3\'},{\'CMD\':\'INSERT_JADWAL\',\'KELAS\':\'3\',\'JUMLAH_BARIS\':\'3\'},{\'CMD\':\'INSERT_JADWAL\',\'KELAS\':\'4\',\'JUMLAH_BARIS\':\'3\'},{\'CMD\':\'INSERT_JADWAL\',\'KELAS\':\'5\',\'JUMLAH_BARIS\':\'3\'},{\'CMD\':\'INSERT_JADWAL\',\'KELAS\':\'6\',\'JUMLAH_BARIS\':\'3\'},{\'CMD\':\'INSERT_JADWAL\',\'KELAS\':\'7\',\'JUMLAH_BARIS\':\'3\'},{\'CMD\':\'INSERT_JADWAL\',\'KELAS\':\'9\',\'JUMLAH_BARIS\':\'3\'},{\'CMD\':\'INSERT_JADWAL\',\'KELAS\':\'10\',\'JUMLAH_BARIS\':\'3\'},{\'CMD\':\'INSERT_JADWAL\',\'KELAS\':\'11\',\'JUMLAH_BARIS\':\'3\'},{\'CMD\':\'INSERT_JADWAL\',\'KELAS\':\'12\',\'JUMLAH_BARIS\':\'3\'},{\'CMD\':\'INSERT_JADWAL\',\'KELAS\':\'13\',\'JUMLAH_BARIS\':\'3\'},{\'CMD\':\'INSERT_JADWAL\',\'KELAS\':\'15\',\'JUMLAH_BARIS\':\'3\'},{\'CMD\':\'INSERT_JADWAL\',\'KELAS\':\'16\',\'JUMLAH_BARIS\':\'3\'},{\'CMD\':\'INSERT_JADWAL\',\'KELAS\':\'18\',\'JUMLAH_BARIS\':\'3\'},{\'CMD\':\'INSERT_JADWAL\',\'KELAS\':\'19\',\'JUMLAH_BARIS\':\'3\'},{\'CMD\':\'INSERT_JADWAL\',\'KELAS\':\'20\',\'JUMLAH_BARIS\':\'3\'},{\'CMD\':\'INSERT_JADWAL\',\'KELAS\':\'21\',\'JUMLAH_BARIS\':\'3\'},{\'CMD\':\'INSERT_JADWAL\',\'KELAS\':\'22\',\'JUMLAH_BARIS\':\'3\'},{\'CMD\':\'INSERT_JADWAL\',\'KELAS\':\'24\',\'JUMLAH_BARIS\':\'3\'},{\'CMD\':\'INSERT_JADWAL\',\'KELAS\':\'25\',\'JUMLAH_BARIS\':\'3\'},{\'CMD\':\'INSERT_JADWAL\',\'KELAS\':\'27\',\'JUMLAH_BARIS\':\'3\'}'),
(21, '2021-07-10 02:00:06', '2021-07-10 02:00:06', '{\'CMD\':\'INSERT_JADWAL\',\'KELAS\':\'1\',\'JUMLAH_BARIS\':\'4\'},{\'CMD\':\'INSERT_JADWAL\',\'KELAS\':\'2\',\'JUMLAH_BARIS\':\'4\'},{\'CMD\':\'INSERT_JADWAL\',\'KELAS\':\'3\',\'JUMLAH_BARIS\':\'4\'},{\'CMD\':\'INSERT_JADWAL\',\'KELAS\':\'4\',\'JUMLAH_BARIS\':\'4\'},{\'CMD\':\'INSERT_JADWAL\',\'KELAS\':\'5\',\'JUMLAH_BARIS\':\'4\'},{\'CMD\':\'INSERT_JADWAL\',\'KELAS\':\'6\',\'JUMLAH_BARIS\':\'4\'},{\'CMD\':\'INSERT_JADWAL\',\'KELAS\':\'7\',\'JUMLAH_BARIS\':\'4\'},{\'CMD\':\'INSERT_JADWAL\',\'KELAS\':\'9\',\'JUMLAH_BARIS\':\'4\'},{\'CMD\':\'INSERT_JADWAL\',\'KELAS\':\'10\',\'JUMLAH_BARIS\':\'4\'},{\'CMD\':\'INSERT_JADWAL\',\'KELAS\':\'11\',\'JUMLAH_BARIS\':\'4\'},{\'CMD\':\'INSERT_JADWAL\',\'KELAS\':\'12\',\'JUMLAH_BARIS\':\'4\'},{\'CMD\':\'INSERT_JADWAL\',\'KELAS\':\'13\',\'JUMLAH_BARIS\':\'4\'},{\'CMD\':\'INSERT_JADWAL\',\'KELAS\':\'15\',\'JUMLAH_BARIS\':\'4\'},{\'CMD\':\'INSERT_JADWAL\',\'KELAS\':\'16\',\'JUMLAH_BARIS\':\'4\'},{\'CMD\':\'INSERT_JADWAL\',\'KELAS\':\'18\',\'JUMLAH_BARIS\':\'4\'},{\'CMD\':\'INSERT_JADWAL\',\'KELAS\':\'19\',\'JUMLAH_BARIS\':\'4\'},{\'CMD\':\'INSERT_JADWAL\',\'KELAS\':\'20\',\'JUMLAH_BARIS\':\'4\'},{\'CMD\':\'INSERT_JADWAL\',\'KELAS\':\'21\',\'JUMLAH_BARIS\':\'4\'},{\'CMD\':\'INSERT_JADWAL\',\'KELAS\':\'22\',\'JUMLAH_BARIS\':\'4\'},{\'CMD\':\'INSERT_JADWAL\',\'KELAS\':\'24\',\'JUMLAH_BARIS\':\'4\'},{\'CMD\':\'INSERT_JADWAL\',\'KELAS\':\'25\',\'JUMLAH_BARIS\':\'4\'},{\'CMD\':\'INSERT_JADWAL\',\'KELAS\':\'27\',\'JUMLAH_BARIS\':\'4\'}'),
(22, '2021-07-12 02:00:05', '2021-07-12 02:00:05', '{\'CMD\':\'INSERT_JADWAL\',\'KELAS\':\'1\',\'JUMLAH_BARIS\':\'4\'},{\'CMD\':\'INSERT_JADWAL\',\'KELAS\':\'2\',\'JUMLAH_BARIS\':\'4\'},{\'CMD\':\'INSERT_JADWAL\',\'KELAS\':\'3\',\'JUMLAH_BARIS\':\'4\'},{\'CMD\':\'INSERT_JADWAL\',\'KELAS\':\'4\',\'JUMLAH_BARIS\':\'4\'},{\'CMD\':\'INSERT_JADWAL\',\'KELAS\':\'5\',\'JUMLAH_BARIS\':\'4\'},{\'CMD\':\'INSERT_JADWAL\',\'KELAS\':\'6\',\'JUMLAH_BARIS\':\'4\'},{\'CMD\':\'INSERT_JADWAL\',\'KELAS\':\'7\',\'JUMLAH_BARIS\':\'4\'},{\'CMD\':\'INSERT_JADWAL\',\'KELAS\':\'9\',\'JUMLAH_BARIS\':\'4\'},{\'CMD\':\'INSERT_JADWAL\',\'KELAS\':\'10\',\'JUMLAH_BARIS\':\'4\'},{\'CMD\':\'INSERT_JADWAL\',\'KELAS\':\'11\',\'JUMLAH_BARIS\':\'4\'},{\'CMD\':\'INSERT_JADWAL\',\'KELAS\':\'12\',\'JUMLAH_BARIS\':\'4\'},{\'CMD\':\'INSERT_JADWAL\',\'KELAS\':\'13\',\'JUMLAH_BARIS\':\'4\'},{\'CMD\':\'INSERT_JADWAL\',\'KELAS\':\'15\',\'JUMLAH_BARIS\':\'4\'},{\'CMD\':\'INSERT_JADWAL\',\'KELAS\':\'16\',\'JUMLAH_BARIS\':\'4\'},{\'CMD\':\'INSERT_JADWAL\',\'KELAS\':\'18\',\'JUMLAH_BARIS\':\'4\'},{\'CMD\':\'INSERT_JADWAL\',\'KELAS\':\'19\',\'JUMLAH_BARIS\':\'4\'},{\'CMD\':\'INSERT_JADWAL\',\'KELAS\':\'20\',\'JUMLAH_BARIS\':\'4\'},{\'CMD\':\'INSERT_JADWAL\',\'KELAS\':\'21\',\'JUMLAH_BARIS\':\'4\'},{\'CMD\':\'INSERT_JADWAL\',\'KELAS\':\'22\',\'JUMLAH_BARIS\':\'4\'},{\'CMD\':\'INSERT_JADWAL\',\'KELAS\':\'24\',\'JUMLAH_BARIS\':\'4\'},{\'CMD\':\'INSERT_JADWAL\',\'KELAS\':\'25\',\'JUMLAH_BARIS\':\'4\'},{\'CMD\':\'INSERT_JADWAL\',\'KELAS\':\'27\',\'JUMLAH_BARIS\':\'4\'}'),
(23, '2021-07-13 02:00:06', '2021-07-13 02:00:06', '{\'CMD\':\'INSERT_JADWAL\',\'KELAS\':\'1\',\'JUMLAH_BARIS\':\'4\'},{\'CMD\':\'INSERT_JADWAL\',\'KELAS\':\'2\',\'JUMLAH_BARIS\':\'4\'},{\'CMD\':\'INSERT_JADWAL\',\'KELAS\':\'3\',\'JUMLAH_BARIS\':\'4\'},{\'CMD\':\'INSERT_JADWAL\',\'KELAS\':\'4\',\'JUMLAH_BARIS\':\'4\'},{\'CMD\':\'INSERT_JADWAL\',\'KELAS\':\'5\',\'JUMLAH_BARIS\':\'4\'},{\'CMD\':\'INSERT_JADWAL\',\'KELAS\':\'6\',\'JUMLAH_BARIS\':\'4\'},{\'CMD\':\'INSERT_JADWAL\',\'KELAS\':\'7\',\'JUMLAH_BARIS\':\'4\'},{\'CMD\':\'INSERT_JADWAL\',\'KELAS\':\'9\',\'JUMLAH_BARIS\':\'4\'},{\'CMD\':\'INSERT_JADWAL\',\'KELAS\':\'10\',\'JUMLAH_BARIS\':\'4\'},{\'CMD\':\'INSERT_JADWAL\',\'KELAS\':\'11\',\'JUMLAH_BARIS\':\'4\'},{\'CMD\':\'INSERT_JADWAL\',\'KELAS\':\'12\',\'JUMLAH_BARIS\':\'4\'},{\'CMD\':\'INSERT_JADWAL\',\'KELAS\':\'13\',\'JUMLAH_BARIS\':\'4\'},{\'CMD\':\'INSERT_JADWAL\',\'KELAS\':\'15\',\'JUMLAH_BARIS\':\'4\'},{\'CMD\':\'INSERT_JADWAL\',\'KELAS\':\'16\',\'JUMLAH_BARIS\':\'4\'},{\'CMD\':\'INSERT_JADWAL\',\'KELAS\':\'18\',\'JUMLAH_BARIS\':\'4\'},{\'CMD\':\'INSERT_JADWAL\',\'KELAS\':\'19\',\'JUMLAH_BARIS\':\'4\'},{\'CMD\':\'INSERT_JADWAL\',\'KELAS\':\'20\',\'JUMLAH_BARIS\':\'4\'},{\'CMD\':\'INSERT_JADWAL\',\'KELAS\':\'21\',\'JUMLAH_BARIS\':\'4\'},{\'CMD\':\'INSERT_JADWAL\',\'KELAS\':\'22\',\'JUMLAH_BARIS\':\'4\'},{\'CMD\':\'INSERT_JADWAL\',\'KELAS\':\'24\',\'JUMLAH_BARIS\':\'4\'},{\'CMD\':\'INSERT_JADWAL\',\'KELAS\':\'25\',\'JUMLAH_BARIS\':\'4\'},{\'CMD\':\'INSERT_JADWAL\',\'KELAS\':\'27\',\'JUMLAH_BARIS\':\'4\'}'),
(24, '2021-07-14 02:00:07', '2021-07-14 02:00:07', '{\'CMD\':\'INSERT_JADWAL\',\'KELAS\':\'1\',\'JUMLAH_BARIS\':\'5\'},{\'CMD\':\'INSERT_JADWAL\',\'KELAS\':\'2\',\'JUMLAH_BARIS\':\'5\'},{\'CMD\':\'INSERT_JADWAL\',\'KELAS\':\'3\',\'JUMLAH_BARIS\':\'5\'},{\'CMD\':\'INSERT_JADWAL\',\'KELAS\':\'4\',\'JUMLAH_BARIS\':\'5\'},{\'CMD\':\'INSERT_JADWAL\',\'KELAS\':\'5\',\'JUMLAH_BARIS\':\'5\'},{\'CMD\':\'INSERT_JADWAL\',\'KELAS\':\'6\',\'JUMLAH_BARIS\':\'5\'},{\'CMD\':\'INSERT_JADWAL\',\'KELAS\':\'7\',\'JUMLAH_BARIS\':\'5\'},{\'CMD\':\'INSERT_JADWAL\',\'KELAS\':\'9\',\'JUMLAH_BARIS\':\'5\'},{\'CMD\':\'INSERT_JADWAL\',\'KELAS\':\'10\',\'JUMLAH_BARIS\':\'5\'},{\'CMD\':\'INSERT_JADWAL\',\'KELAS\':\'11\',\'JUMLAH_BARIS\':\'5\'},{\'CMD\':\'INSERT_JADWAL\',\'KELAS\':\'12\',\'JUMLAH_BARIS\':\'5\'},{\'CMD\':\'INSERT_JADWAL\',\'KELAS\':\'13\',\'JUMLAH_BARIS\':\'5\'},{\'CMD\':\'INSERT_JADWAL\',\'KELAS\':\'15\',\'JUMLAH_BARIS\':\'5\'},{\'CMD\':\'INSERT_JADWAL\',\'KELAS\':\'16\',\'JUMLAH_BARIS\':\'5\'},{\'CMD\':\'INSERT_JADWAL\',\'KELAS\':\'18\',\'JUMLAH_BARIS\':\'5\'},{\'CMD\':\'INSERT_JADWAL\',\'KELAS\':\'19\',\'JUMLAH_BARIS\':\'5\'},{\'CMD\':\'INSERT_JADWAL\',\'KELAS\':\'20\',\'JUMLAH_BARIS\':\'5\'},{\'CMD\':\'INSERT_JADWAL\',\'KELAS\':\'21\',\'JUMLAH_BARIS\':\'5\'},{\'CMD\':\'INSERT_JADWAL\',\'KELAS\':\'22\',\'JUMLAH_BARIS\':\'5\'},{\'CMD\':\'INSERT_JADWAL\',\'KELAS\':\'24\',\'JUMLAH_BARIS\':\'5\'},{\'CMD\':\'INSERT_JADWAL\',\'KELAS\':\'25\',\'JUMLAH_BARIS\':\'5\'},{\'CMD\':\'INSERT_JADWAL\',\'KELAS\':\'27\',\'JUMLAH_BARIS\':\'5\'}'),
(25, '2021-07-15 02:00:06', '2021-07-15 02:00:06', '{\'CMD\':\'INSERT_JADWAL\',\'KELAS\':\'1\',\'JUMLAH_BARIS\':\'4\'},{\'CMD\':\'INSERT_JADWAL\',\'KELAS\':\'2\',\'JUMLAH_BARIS\':\'4\'},{\'CMD\':\'INSERT_JADWAL\',\'KELAS\':\'3\',\'JUMLAH_BARIS\':\'4\'},{\'CMD\':\'INSERT_JADWAL\',\'KELAS\':\'4\',\'JUMLAH_BARIS\':\'4\'},{\'CMD\':\'INSERT_JADWAL\',\'KELAS\':\'5\',\'JUMLAH_BARIS\':\'4\'},{\'CMD\':\'INSERT_JADWAL\',\'KELAS\':\'6\',\'JUMLAH_BARIS\':\'4\'},{\'CMD\':\'INSERT_JADWAL\',\'KELAS\':\'7\',\'JUMLAH_BARIS\':\'4\'},{\'CMD\':\'INSERT_JADWAL\',\'KELAS\':\'9\',\'JUMLAH_BARIS\':\'4\'},{\'CMD\':\'INSERT_JADWAL\',\'KELAS\':\'10\',\'JUMLAH_BARIS\':\'4\'},{\'CMD\':\'INSERT_JADWAL\',\'KELAS\':\'11\',\'JUMLAH_BARIS\':\'4\'},{\'CMD\':\'INSERT_JADWAL\',\'KELAS\':\'12\',\'JUMLAH_BARIS\':\'4\'},{\'CMD\':\'INSERT_JADWAL\',\'KELAS\':\'13\',\'JUMLAH_BARIS\':\'4\'},{\'CMD\':\'INSERT_JADWAL\',\'KELAS\':\'15\',\'JUMLAH_BARIS\':\'4\'},{\'CMD\':\'INSERT_JADWAL\',\'KELAS\':\'16\',\'JUMLAH_BARIS\':\'4\'},{\'CMD\':\'INSERT_JADWAL\',\'KELAS\':\'18\',\'JUMLAH_BARIS\':\'4\'},{\'CMD\':\'INSERT_JADWAL\',\'KELAS\':\'19\',\'JUMLAH_BARIS\':\'4\'},{\'CMD\':\'INSERT_JADWAL\',\'KELAS\':\'20\',\'JUMLAH_BARIS\':\'4\'},{\'CMD\':\'INSERT_JADWAL\',\'KELAS\':\'21\',\'JUMLAH_BARIS\':\'4\'},{\'CMD\':\'INSERT_JADWAL\',\'KELAS\':\'22\',\'JUMLAH_BARIS\':\'4\'},{\'CMD\':\'INSERT_JADWAL\',\'KELAS\':\'24\',\'JUMLAH_BARIS\':\'4\'},{\'CMD\':\'INSERT_JADWAL\',\'KELAS\':\'25\',\'JUMLAH_BARIS\':\'4\'},{\'CMD\':\'INSERT_JADWAL\',\'KELAS\':\'27\',\'JUMLAH_BARIS\':\'4\'}'),
(26, '2021-07-16 02:00:06', '2021-07-16 02:00:06', '{\'CMD\':\'INSERT_JADWAL\',\'KELAS\':\'1\',\'JUMLAH_BARIS\':\'3\'},{\'CMD\':\'INSERT_JADWAL\',\'KELAS\':\'2\',\'JUMLAH_BARIS\':\'3\'},{\'CMD\':\'INSERT_JADWAL\',\'KELAS\':\'3\',\'JUMLAH_BARIS\':\'3\'},{\'CMD\':\'INSERT_JADWAL\',\'KELAS\':\'4\',\'JUMLAH_BARIS\':\'3\'},{\'CMD\':\'INSERT_JADWAL\',\'KELAS\':\'5\',\'JUMLAH_BARIS\':\'3\'},{\'CMD\':\'INSERT_JADWAL\',\'KELAS\':\'6\',\'JUMLAH_BARIS\':\'3\'},{\'CMD\':\'INSERT_JADWAL\',\'KELAS\':\'7\',\'JUMLAH_BARIS\':\'3\'},{\'CMD\':\'INSERT_JADWAL\',\'KELAS\':\'9\',\'JUMLAH_BARIS\':\'3\'},{\'CMD\':\'INSERT_JADWAL\',\'KELAS\':\'10\',\'JUMLAH_BARIS\':\'3\'},{\'CMD\':\'INSERT_JADWAL\',\'KELAS\':\'11\',\'JUMLAH_BARIS\':\'3\'},{\'CMD\':\'INSERT_JADWAL\',\'KELAS\':\'12\',\'JUMLAH_BARIS\':\'3\'},{\'CMD\':\'INSERT_JADWAL\',\'KELAS\':\'13\',\'JUMLAH_BARIS\':\'3\'},{\'CMD\':\'INSERT_JADWAL\',\'KELAS\':\'15\',\'JUMLAH_BARIS\':\'3\'},{\'CMD\':\'INSERT_JADWAL\',\'KELAS\':\'16\',\'JUMLAH_BARIS\':\'3\'},{\'CMD\':\'INSERT_JADWAL\',\'KELAS\':\'18\',\'JUMLAH_BARIS\':\'3\'},{\'CMD\':\'INSERT_JADWAL\',\'KELAS\':\'19\',\'JUMLAH_BARIS\':\'3\'},{\'CMD\':\'INSERT_JADWAL\',\'KELAS\':\'20\',\'JUMLAH_BARIS\':\'3\'},{\'CMD\':\'INSERT_JADWAL\',\'KELAS\':\'21\',\'JUMLAH_BARIS\':\'3\'},{\'CMD\':\'INSERT_JADWAL\',\'KELAS\':\'22\',\'JUMLAH_BARIS\':\'3\'},{\'CMD\':\'INSERT_JADWAL\',\'KELAS\':\'24\',\'JUMLAH_BARIS\':\'3\'},{\'CMD\':\'INSERT_JADWAL\',\'KELAS\':\'25\',\'JUMLAH_BARIS\':\'3\'},{\'CMD\':\'INSERT_JADWAL\',\'KELAS\':\'27\',\'JUMLAH_BARIS\':\'3\'}'),
(27, '2021-07-17 02:00:06', '2021-07-17 02:00:06', '{\'CMD\':\'INSERT_JADWAL\',\'KELAS\':\'1\',\'JUMLAH_BARIS\':\'4\'},{\'CMD\':\'INSERT_JADWAL\',\'KELAS\':\'2\',\'JUMLAH_BARIS\':\'4\'},{\'CMD\':\'INSERT_JADWAL\',\'KELAS\':\'3\',\'JUMLAH_BARIS\':\'4\'},{\'CMD\':\'INSERT_JADWAL\',\'KELAS\':\'4\',\'JUMLAH_BARIS\':\'4\'},{\'CMD\':\'INSERT_JADWAL\',\'KELAS\':\'5\',\'JUMLAH_BARIS\':\'4\'},{\'CMD\':\'INSERT_JADWAL\',\'KELAS\':\'6\',\'JUMLAH_BARIS\':\'4\'},{\'CMD\':\'INSERT_JADWAL\',\'KELAS\':\'7\',\'JUMLAH_BARIS\':\'4\'},{\'CMD\':\'INSERT_JADWAL\',\'KELAS\':\'9\',\'JUMLAH_BARIS\':\'4\'},{\'CMD\':\'INSERT_JADWAL\',\'KELAS\':\'10\',\'JUMLAH_BARIS\':\'4\'},{\'CMD\':\'INSERT_JADWAL\',\'KELAS\':\'11\',\'JUMLAH_BARIS\':\'4\'},{\'CMD\':\'INSERT_JADWAL\',\'KELAS\':\'12\',\'JUMLAH_BARIS\':\'4\'},{\'CMD\':\'INSERT_JADWAL\',\'KELAS\':\'13\',\'JUMLAH_BARIS\':\'4\'},{\'CMD\':\'INSERT_JADWAL\',\'KELAS\':\'15\',\'JUMLAH_BARIS\':\'4\'},{\'CMD\':\'INSERT_JADWAL\',\'KELAS\':\'16\',\'JUMLAH_BARIS\':\'4\'},{\'CMD\':\'INSERT_JADWAL\',\'KELAS\':\'18\',\'JUMLAH_BARIS\':\'4\'},{\'CMD\':\'INSERT_JADWAL\',\'KELAS\':\'19\',\'JUMLAH_BARIS\':\'4\'},{\'CMD\':\'INSERT_JADWAL\',\'KELAS\':\'20\',\'JUMLAH_BARIS\':\'4\'},{\'CMD\':\'INSERT_JADWAL\',\'KELAS\':\'21\',\'JUMLAH_BARIS\':\'4\'},{\'CMD\':\'INSERT_JADWAL\',\'KELAS\':\'22\',\'JUMLAH_BARIS\':\'4\'},{\'CMD\':\'INSERT_JADWAL\',\'KELAS\':\'24\',\'JUMLAH_BARIS\':\'4\'},{\'CMD\':\'INSERT_JADWAL\',\'KELAS\':\'25\',\'JUMLAH_BARIS\':\'4\'},{\'CMD\':\'INSERT_JADWAL\',\'KELAS\':\'27\',\'JUMLAH_BARIS\':\'4\'}'),
(28, '2021-07-19 02:00:05', '2021-07-19 02:00:06', '{\'CMD\':\'INSERT_JADWAL\',\'KELAS\':\'1\',\'JUMLAH_BARIS\':\'4\'},{\'CMD\':\'INSERT_JADWAL\',\'KELAS\':\'2\',\'JUMLAH_BARIS\':\'4\'},{\'CMD\':\'INSERT_JADWAL\',\'KELAS\':\'3\',\'JUMLAH_BARIS\':\'4\'},{\'CMD\':\'INSERT_JADWAL\',\'KELAS\':\'4\',\'JUMLAH_BARIS\':\'4\'},{\'CMD\':\'INSERT_JADWAL\',\'KELAS\':\'5\',\'JUMLAH_BARIS\':\'4\'},{\'CMD\':\'INSERT_JADWAL\',\'KELAS\':\'6\',\'JUMLAH_BARIS\':\'4\'},{\'CMD\':\'INSERT_JADWAL\',\'KELAS\':\'7\',\'JUMLAH_BARIS\':\'4\'},{\'CMD\':\'INSERT_JADWAL\',\'KELAS\':\'9\',\'JUMLAH_BARIS\':\'4\'},{\'CMD\':\'INSERT_JADWAL\',\'KELAS\':\'10\',\'JUMLAH_BARIS\':\'4\'},{\'CMD\':\'INSERT_JADWAL\',\'KELAS\':\'11\',\'JUMLAH_BARIS\':\'4\'},{\'CMD\':\'INSERT_JADWAL\',\'KELAS\':\'12\',\'JUMLAH_BARIS\':\'4\'},{\'CMD\':\'INSERT_JADWAL\',\'KELAS\':\'13\',\'JUMLAH_BARIS\':\'4\'},{\'CMD\':\'INSERT_JADWAL\',\'KELAS\':\'15\',\'JUMLAH_BARIS\':\'4\'},{\'CMD\':\'INSERT_JADWAL\',\'KELAS\':\'16\',\'JUMLAH_BARIS\':\'4\'},{\'CMD\':\'INSERT_JADWAL\',\'KELAS\':\'18\',\'JUMLAH_BARIS\':\'4\'},{\'CMD\':\'INSERT_JADWAL\',\'KELAS\':\'19\',\'JUMLAH_BARIS\':\'4\'},{\'CMD\':\'INSERT_JADWAL\',\'KELAS\':\'20\',\'JUMLAH_BARIS\':\'4\'},{\'CMD\':\'INSERT_JADWAL\',\'KELAS\':\'21\',\'JUMLAH_BARIS\':\'4\'},{\'CMD\':\'INSERT_JADWAL\',\'KELAS\':\'22\',\'JUMLAH_BARIS\':\'4\'},{\'CMD\':\'INSERT_JADWAL\',\'KELAS\':\'24\',\'JUMLAH_BARIS\':\'4\'},{\'CMD\':\'INSERT_JADWAL\',\'KELAS\':\'25\',\'JUMLAH_BARIS\':\'4\'},{\'CMD\':\'INSERT_JADWAL\',\'KELAS\':\'27\',\'JUMLAH_BARIS\':\'4\'}'),
(29, '2021-07-20 02:00:07', '2021-07-20 02:00:07', '{\'CMD\':\'INSERT_JADWAL\',\'KELAS\':\'1\',\'JUMLAH_BARIS\':\'4\'},{\'CMD\':\'INSERT_JADWAL\',\'KELAS\':\'2\',\'JUMLAH_BARIS\':\'4\'},{\'CMD\':\'INSERT_JADWAL\',\'KELAS\':\'3\',\'JUMLAH_BARIS\':\'4\'},{\'CMD\':\'INSERT_JADWAL\',\'KELAS\':\'4\',\'JUMLAH_BARIS\':\'4\'},{\'CMD\':\'INSERT_JADWAL\',\'KELAS\':\'5\',\'JUMLAH_BARIS\':\'4\'},{\'CMD\':\'INSERT_JADWAL\',\'KELAS\':\'6\',\'JUMLAH_BARIS\':\'4\'},{\'CMD\':\'INSERT_JADWAL\',\'KELAS\':\'7\',\'JUMLAH_BARIS\':\'4\'},{\'CMD\':\'INSERT_JADWAL\',\'KELAS\':\'9\',\'JUMLAH_BARIS\':\'4\'},{\'CMD\':\'INSERT_JADWAL\',\'KELAS\':\'10\',\'JUMLAH_BARIS\':\'4\'},{\'CMD\':\'INSERT_JADWAL\',\'KELAS\':\'11\',\'JUMLAH_BARIS\':\'4\'},{\'CMD\':\'INSERT_JADWAL\',\'KELAS\':\'12\',\'JUMLAH_BARIS\':\'4\'},{\'CMD\':\'INSERT_JADWAL\',\'KELAS\':\'13\',\'JUMLAH_BARIS\':\'4\'},{\'CMD\':\'INSERT_JADWAL\',\'KELAS\':\'15\',\'JUMLAH_BARIS\':\'4\'},{\'CMD\':\'INSERT_JADWAL\',\'KELAS\':\'16\',\'JUMLAH_BARIS\':\'4\'},{\'CMD\':\'INSERT_JADWAL\',\'KELAS\':\'18\',\'JUMLAH_BARIS\':\'4\'},{\'CMD\':\'INSERT_JADWAL\',\'KELAS\':\'19\',\'JUMLAH_BARIS\':\'4\'},{\'CMD\':\'INSERT_JADWAL\',\'KELAS\':\'20\',\'JUMLAH_BARIS\':\'4\'},{\'CMD\':\'INSERT_JADWAL\',\'KELAS\':\'21\',\'JUMLAH_BARIS\':\'4\'},{\'CMD\':\'INSERT_JADWAL\',\'KELAS\':\'22\',\'JUMLAH_BARIS\':\'4\'},{\'CMD\':\'INSERT_JADWAL\',\'KELAS\':\'24\',\'JUMLAH_BARIS\':\'4\'},{\'CMD\':\'INSERT_JADWAL\',\'KELAS\':\'25\',\'JUMLAH_BARIS\':\'4\'},{\'CMD\':\'INSERT_JADWAL\',\'KELAS\':\'27\',\'JUMLAH_BARIS\':\'4\'}'),
(30, '2021-07-21 02:00:07', '2021-07-21 02:00:07', '{\'CMD\':\'INSERT_JADWAL\',\'KELAS\':\'1\',\'JUMLAH_BARIS\':\'5\'},{\'CMD\':\'INSERT_JADWAL\',\'KELAS\':\'2\',\'JUMLAH_BARIS\':\'5\'},{\'CMD\':\'INSERT_JADWAL\',\'KELAS\':\'3\',\'JUMLAH_BARIS\':\'5\'},{\'CMD\':\'INSERT_JADWAL\',\'KELAS\':\'4\',\'JUMLAH_BARIS\':\'5\'},{\'CMD\':\'INSERT_JADWAL\',\'KELAS\':\'5\',\'JUMLAH_BARIS\':\'5\'},{\'CMD\':\'INSERT_JADWAL\',\'KELAS\':\'6\',\'JUMLAH_BARIS\':\'5\'},{\'CMD\':\'INSERT_JADWAL\',\'KELAS\':\'7\',\'JUMLAH_BARIS\':\'5\'},{\'CMD\':\'INSERT_JADWAL\',\'KELAS\':\'9\',\'JUMLAH_BARIS\':\'5\'},{\'CMD\':\'INSERT_JADWAL\',\'KELAS\':\'10\',\'JUMLAH_BARIS\':\'5\'},{\'CMD\':\'INSERT_JADWAL\',\'KELAS\':\'11\',\'JUMLAH_BARIS\':\'5\'},{\'CMD\':\'INSERT_JADWAL\',\'KELAS\':\'12\',\'JUMLAH_BARIS\':\'5\'},{\'CMD\':\'INSERT_JADWAL\',\'KELAS\':\'13\',\'JUMLAH_BARIS\':\'5\'},{\'CMD\':\'INSERT_JADWAL\',\'KELAS\':\'15\',\'JUMLAH_BARIS\':\'5\'},{\'CMD\':\'INSERT_JADWAL\',\'KELAS\':\'16\',\'JUMLAH_BARIS\':\'5\'},{\'CMD\':\'INSERT_JADWAL\',\'KELAS\':\'18\',\'JUMLAH_BARIS\':\'5\'},{\'CMD\':\'INSERT_JADWAL\',\'KELAS\':\'19\',\'JUMLAH_BARIS\':\'5\'},{\'CMD\':\'INSERT_JADWAL\',\'KELAS\':\'20\',\'JUMLAH_BARIS\':\'5\'},{\'CMD\':\'INSERT_JADWAL\',\'KELAS\':\'21\',\'JUMLAH_BARIS\':\'5\'},{\'CMD\':\'INSERT_JADWAL\',\'KELAS\':\'22\',\'JUMLAH_BARIS\':\'5\'},{\'CMD\':\'INSERT_JADWAL\',\'KELAS\':\'24\',\'JUMLAH_BARIS\':\'5\'},{\'CMD\':\'INSERT_JADWAL\',\'KELAS\':\'25\',\'JUMLAH_BARIS\':\'5\'},{\'CMD\':\'INSERT_JADWAL\',\'KELAS\':\'27\',\'JUMLAH_BARIS\':\'5\'}'),
(31, '2021-07-22 02:00:07', '2021-07-22 02:00:07', '{\'CMD\':\'INSERT_JADWAL\',\'KELAS\':\'1\',\'JUMLAH_BARIS\':\'4\'},{\'CMD\':\'INSERT_JADWAL\',\'KELAS\':\'2\',\'JUMLAH_BARIS\':\'4\'},{\'CMD\':\'INSERT_JADWAL\',\'KELAS\':\'3\',\'JUMLAH_BARIS\':\'4\'},{\'CMD\':\'INSERT_JADWAL\',\'KELAS\':\'4\',\'JUMLAH_BARIS\':\'4\'},{\'CMD\':\'INSERT_JADWAL\',\'KELAS\':\'5\',\'JUMLAH_BARIS\':\'4\'},{\'CMD\':\'INSERT_JADWAL\',\'KELAS\':\'6\',\'JUMLAH_BARIS\':\'4\'},{\'CMD\':\'INSERT_JADWAL\',\'KELAS\':\'7\',\'JUMLAH_BARIS\':\'4\'},{\'CMD\':\'INSERT_JADWAL\',\'KELAS\':\'9\',\'JUMLAH_BARIS\':\'4\'},{\'CMD\':\'INSERT_JADWAL\',\'KELAS\':\'10\',\'JUMLAH_BARIS\':\'4\'},{\'CMD\':\'INSERT_JADWAL\',\'KELAS\':\'11\',\'JUMLAH_BARIS\':\'4\'},{\'CMD\':\'INSERT_JADWAL\',\'KELAS\':\'12\',\'JUMLAH_BARIS\':\'4\'},{\'CMD\':\'INSERT_JADWAL\',\'KELAS\':\'13\',\'JUMLAH_BARIS\':\'4\'},{\'CMD\':\'INSERT_JADWAL\',\'KELAS\':\'15\',\'JUMLAH_BARIS\':\'4\'},{\'CMD\':\'INSERT_JADWAL\',\'KELAS\':\'16\',\'JUMLAH_BARIS\':\'4\'},{\'CMD\':\'INSERT_JADWAL\',\'KELAS\':\'18\',\'JUMLAH_BARIS\':\'4\'},{\'CMD\':\'INSERT_JADWAL\',\'KELAS\':\'19\',\'JUMLAH_BARIS\':\'4\'},{\'CMD\':\'INSERT_JADWAL\',\'KELAS\':\'20\',\'JUMLAH_BARIS\':\'4\'},{\'CMD\':\'INSERT_JADWAL\',\'KELAS\':\'21\',\'JUMLAH_BARIS\':\'4\'},{\'CMD\':\'INSERT_JADWAL\',\'KELAS\':\'22\',\'JUMLAH_BARIS\':\'4\'},{\'CMD\':\'INSERT_JADWAL\',\'KELAS\':\'24\',\'JUMLAH_BARIS\':\'4\'},{\'CMD\':\'INSERT_JADWAL\',\'KELAS\':\'25\',\'JUMLAH_BARIS\':\'4\'},{\'CMD\':\'INSERT_JADWAL\',\'KELAS\':\'27\',\'JUMLAH_BARIS\':\'4\'}'),
(32, '2021-07-23 02:00:07', '2021-07-23 02:00:07', '{\'CMD\':\'INSERT_JADWAL\',\'KELAS\':\'1\',\'JUMLAH_BARIS\':\'3\'},{\'CMD\':\'INSERT_JADWAL\',\'KELAS\':\'2\',\'JUMLAH_BARIS\':\'3\'},{\'CMD\':\'INSERT_JADWAL\',\'KELAS\':\'3\',\'JUMLAH_BARIS\':\'3\'},{\'CMD\':\'INSERT_JADWAL\',\'KELAS\':\'4\',\'JUMLAH_BARIS\':\'3\'},{\'CMD\':\'INSERT_JADWAL\',\'KELAS\':\'5\',\'JUMLAH_BARIS\':\'3\'},{\'CMD\':\'INSERT_JADWAL\',\'KELAS\':\'6\',\'JUMLAH_BARIS\':\'3\'},{\'CMD\':\'INSERT_JADWAL\',\'KELAS\':\'7\',\'JUMLAH_BARIS\':\'3\'},{\'CMD\':\'INSERT_JADWAL\',\'KELAS\':\'9\',\'JUMLAH_BARIS\':\'3\'},{\'CMD\':\'INSERT_JADWAL\',\'KELAS\':\'10\',\'JUMLAH_BARIS\':\'3\'},{\'CMD\':\'INSERT_JADWAL\',\'KELAS\':\'11\',\'JUMLAH_BARIS\':\'3\'},{\'CMD\':\'INSERT_JADWAL\',\'KELAS\':\'12\',\'JUMLAH_BARIS\':\'3\'},{\'CMD\':\'INSERT_JADWAL\',\'KELAS\':\'13\',\'JUMLAH_BARIS\':\'3\'},{\'CMD\':\'INSERT_JADWAL\',\'KELAS\':\'15\',\'JUMLAH_BARIS\':\'3\'},{\'CMD\':\'INSERT_JADWAL\',\'KELAS\':\'16\',\'JUMLAH_BARIS\':\'3\'},{\'CMD\':\'INSERT_JADWAL\',\'KELAS\':\'18\',\'JUMLAH_BARIS\':\'3\'},{\'CMD\':\'INSERT_JADWAL\',\'KELAS\':\'19\',\'JUMLAH_BARIS\':\'3\'},{\'CMD\':\'INSERT_JADWAL\',\'KELAS\':\'20\',\'JUMLAH_BARIS\':\'3\'},{\'CMD\':\'INSERT_JADWAL\',\'KELAS\':\'21\',\'JUMLAH_BARIS\':\'3\'},{\'CMD\':\'INSERT_JADWAL\',\'KELAS\':\'22\',\'JUMLAH_BARIS\':\'3\'},{\'CMD\':\'INSERT_JADWAL\',\'KELAS\':\'24\',\'JUMLAH_BARIS\':\'3\'},{\'CMD\':\'INSERT_JADWAL\',\'KELAS\':\'25\',\'JUMLAH_BARIS\':\'3\'},{\'CMD\':\'INSERT_JADWAL\',\'KELAS\':\'27\',\'JUMLAH_BARIS\':\'3\'}'),
(33, '2021-07-24 02:00:07', '2021-07-24 02:00:07', '{\'CMD\':\'INSERT_JADWAL\',\'KELAS\':\'1\',\'JUMLAH_BARIS\':\'4\'},{\'CMD\':\'INSERT_JADWAL\',\'KELAS\':\'2\',\'JUMLAH_BARIS\':\'4\'},{\'CMD\':\'INSERT_JADWAL\',\'KELAS\':\'3\',\'JUMLAH_BARIS\':\'4\'},{\'CMD\':\'INSERT_JADWAL\',\'KELAS\':\'4\',\'JUMLAH_BARIS\':\'4\'},{\'CMD\':\'INSERT_JADWAL\',\'KELAS\':\'5\',\'JUMLAH_BARIS\':\'4\'},{\'CMD\':\'INSERT_JADWAL\',\'KELAS\':\'6\',\'JUMLAH_BARIS\':\'4\'},{\'CMD\':\'INSERT_JADWAL\',\'KELAS\':\'7\',\'JUMLAH_BARIS\':\'4\'},{\'CMD\':\'INSERT_JADWAL\',\'KELAS\':\'9\',\'JUMLAH_BARIS\':\'4\'},{\'CMD\':\'INSERT_JADWAL\',\'KELAS\':\'10\',\'JUMLAH_BARIS\':\'4\'},{\'CMD\':\'INSERT_JADWAL\',\'KELAS\':\'11\',\'JUMLAH_BARIS\':\'4\'},{\'CMD\':\'INSERT_JADWAL\',\'KELAS\':\'12\',\'JUMLAH_BARIS\':\'4\'},{\'CMD\':\'INSERT_JADWAL\',\'KELAS\':\'13\',\'JUMLAH_BARIS\':\'4\'},{\'CMD\':\'INSERT_JADWAL\',\'KELAS\':\'15\',\'JUMLAH_BARIS\':\'4\'},{\'CMD\':\'INSERT_JADWAL\',\'KELAS\':\'16\',\'JUMLAH_BARIS\':\'4\'},{\'CMD\':\'INSERT_JADWAL\',\'KELAS\':\'18\',\'JUMLAH_BARIS\':\'4\'},{\'CMD\':\'INSERT_JADWAL\',\'KELAS\':\'19\',\'JUMLAH_BARIS\':\'4\'},{\'CMD\':\'INSERT_JADWAL\',\'KELAS\':\'20\',\'JUMLAH_BARIS\':\'4\'},{\'CMD\':\'INSERT_JADWAL\',\'KELAS\':\'21\',\'JUMLAH_BARIS\':\'4\'},{\'CMD\':\'INSERT_JADWAL\',\'KELAS\':\'22\',\'JUMLAH_BARIS\':\'4\'},{\'CMD\':\'INSERT_JADWAL\',\'KELAS\':\'24\',\'JUMLAH_BARIS\':\'4\'},{\'CMD\':\'INSERT_JADWAL\',\'KELAS\':\'25\',\'JUMLAH_BARIS\':\'4\'},{\'CMD\':\'INSERT_JADWAL\',\'KELAS\':\'27\',\'JUMLAH_BARIS\':\'4\'}'),
(34, '2021-07-26 02:00:07', '2021-07-26 02:00:07', '{\'CMD\':\'INSERT_JADWAL\',\'KELAS\':\'1\',\'JUMLAH_BARIS\':\'4\'},{\'CMD\':\'INSERT_JADWAL\',\'KELAS\':\'2\',\'JUMLAH_BARIS\':\'4\'},{\'CMD\':\'INSERT_JADWAL\',\'KELAS\':\'3\',\'JUMLAH_BARIS\':\'4\'},{\'CMD\':\'INSERT_JADWAL\',\'KELAS\':\'4\',\'JUMLAH_BARIS\':\'4\'},{\'CMD\':\'INSERT_JADWAL\',\'KELAS\':\'5\',\'JUMLAH_BARIS\':\'4\'},{\'CMD\':\'INSERT_JADWAL\',\'KELAS\':\'6\',\'JUMLAH_BARIS\':\'4\'},{\'CMD\':\'INSERT_JADWAL\',\'KELAS\':\'7\',\'JUMLAH_BARIS\':\'4\'},{\'CMD\':\'INSERT_JADWAL\',\'KELAS\':\'9\',\'JUMLAH_BARIS\':\'4\'},{\'CMD\':\'INSERT_JADWAL\',\'KELAS\':\'10\',\'JUMLAH_BARIS\':\'4\'},{\'CMD\':\'INSERT_JADWAL\',\'KELAS\':\'11\',\'JUMLAH_BARIS\':\'4\'},{\'CMD\':\'INSERT_JADWAL\',\'KELAS\':\'12\',\'JUMLAH_BARIS\':\'4\'},{\'CMD\':\'INSERT_JADWAL\',\'KELAS\':\'13\',\'JUMLAH_BARIS\':\'4\'},{\'CMD\':\'INSERT_JADWAL\',\'KELAS\':\'15\',\'JUMLAH_BARIS\':\'4\'},{\'CMD\':\'INSERT_JADWAL\',\'KELAS\':\'16\',\'JUMLAH_BARIS\':\'4\'},{\'CMD\':\'INSERT_JADWAL\',\'KELAS\':\'18\',\'JUMLAH_BARIS\':\'4\'},{\'CMD\':\'INSERT_JADWAL\',\'KELAS\':\'19\',\'JUMLAH_BARIS\':\'4\'},{\'CMD\':\'INSERT_JADWAL\',\'KELAS\':\'20\',\'JUMLAH_BARIS\':\'4\'},{\'CMD\':\'INSERT_JADWAL\',\'KELAS\':\'21\',\'JUMLAH_BARIS\':\'4\'},{\'CMD\':\'INSERT_JADWAL\',\'KELAS\':\'22\',\'JUMLAH_BARIS\':\'4\'},{\'CMD\':\'INSERT_JADWAL\',\'KELAS\':\'24\',\'JUMLAH_BARIS\':\'4\'},{\'CMD\':\'INSERT_JADWAL\',\'KELAS\':\'25\',\'JUMLAH_BARIS\':\'4\'},{\'CMD\':\'INSERT_JADWAL\',\'KELAS\':\'27\',\'JUMLAH_BARIS\':\'4\'}'),
(35, '2021-07-27 02:00:07', '2021-07-27 02:00:07', '{\'CMD\':\'INSERT_JADWAL\',\'KELAS\':\'1\',\'JUMLAH_BARIS\':\'4\'},{\'CMD\':\'INSERT_JADWAL\',\'KELAS\':\'2\',\'JUMLAH_BARIS\':\'4\'},{\'CMD\':\'INSERT_JADWAL\',\'KELAS\':\'3\',\'JUMLAH_BARIS\':\'4\'},{\'CMD\':\'INSERT_JADWAL\',\'KELAS\':\'4\',\'JUMLAH_BARIS\':\'4\'},{\'CMD\':\'INSERT_JADWAL\',\'KELAS\':\'5\',\'JUMLAH_BARIS\':\'4\'},{\'CMD\':\'INSERT_JADWAL\',\'KELAS\':\'6\',\'JUMLAH_BARIS\':\'4\'},{\'CMD\':\'INSERT_JADWAL\',\'KELAS\':\'7\',\'JUMLAH_BARIS\':\'4\'},{\'CMD\':\'INSERT_JADWAL\',\'KELAS\':\'9\',\'JUMLAH_BARIS\':\'4\'},{\'CMD\':\'INSERT_JADWAL\',\'KELAS\':\'10\',\'JUMLAH_BARIS\':\'4\'},{\'CMD\':\'INSERT_JADWAL\',\'KELAS\':\'11\',\'JUMLAH_BARIS\':\'4\'},{\'CMD\':\'INSERT_JADWAL\',\'KELAS\':\'12\',\'JUMLAH_BARIS\':\'4\'},{\'CMD\':\'INSERT_JADWAL\',\'KELAS\':\'13\',\'JUMLAH_BARIS\':\'4\'},{\'CMD\':\'INSERT_JADWAL\',\'KELAS\':\'15\',\'JUMLAH_BARIS\':\'4\'},{\'CMD\':\'INSERT_JADWAL\',\'KELAS\':\'16\',\'JUMLAH_BARIS\':\'4\'},{\'CMD\':\'INSERT_JADWAL\',\'KELAS\':\'18\',\'JUMLAH_BARIS\':\'4\'},{\'CMD\':\'INSERT_JADWAL\',\'KELAS\':\'19\',\'JUMLAH_BARIS\':\'4\'},{\'CMD\':\'INSERT_JADWAL\',\'KELAS\':\'20\',\'JUMLAH_BARIS\':\'4\'},{\'CMD\':\'INSERT_JADWAL\',\'KELAS\':\'21\',\'JUMLAH_BARIS\':\'4\'},{\'CMD\':\'INSERT_JADWAL\',\'KELAS\':\'22\',\'JUMLAH_BARIS\':\'4\'},{\'CMD\':\'INSERT_JADWAL\',\'KELAS\':\'24\',\'JUMLAH_BARIS\':\'4\'},{\'CMD\':\'INSERT_JADWAL\',\'KELAS\':\'25\',\'JUMLAH_BARIS\':\'4\'},{\'CMD\':\'INSERT_JADWAL\',\'KELAS\':\'27\',\'JUMLAH_BARIS\':\'4\'}'),
(36, '2021-07-28 02:00:07', '2021-07-28 02:00:07', '{\'CMD\':\'INSERT_JADWAL\',\'KELAS\':\'1\',\'JUMLAH_BARIS\':\'5\'},{\'CMD\':\'INSERT_JADWAL\',\'KELAS\':\'2\',\'JUMLAH_BARIS\':\'5\'},{\'CMD\':\'INSERT_JADWAL\',\'KELAS\':\'3\',\'JUMLAH_BARIS\':\'5\'},{\'CMD\':\'INSERT_JADWAL\',\'KELAS\':\'4\',\'JUMLAH_BARIS\':\'5\'},{\'CMD\':\'INSERT_JADWAL\',\'KELAS\':\'5\',\'JUMLAH_BARIS\':\'5\'},{\'CMD\':\'INSERT_JADWAL\',\'KELAS\':\'6\',\'JUMLAH_BARIS\':\'5\'},{\'CMD\':\'INSERT_JADWAL\',\'KELAS\':\'7\',\'JUMLAH_BARIS\':\'5\'},{\'CMD\':\'INSERT_JADWAL\',\'KELAS\':\'9\',\'JUMLAH_BARIS\':\'5\'},{\'CMD\':\'INSERT_JADWAL\',\'KELAS\':\'10\',\'JUMLAH_BARIS\':\'5\'},{\'CMD\':\'INSERT_JADWAL\',\'KELAS\':\'11\',\'JUMLAH_BARIS\':\'5\'},{\'CMD\':\'INSERT_JADWAL\',\'KELAS\':\'12\',\'JUMLAH_BARIS\':\'5\'},{\'CMD\':\'INSERT_JADWAL\',\'KELAS\':\'13\',\'JUMLAH_BARIS\':\'5\'},{\'CMD\':\'INSERT_JADWAL\',\'KELAS\':\'15\',\'JUMLAH_BARIS\':\'5\'},{\'CMD\':\'INSERT_JADWAL\',\'KELAS\':\'16\',\'JUMLAH_BARIS\':\'5\'},{\'CMD\':\'INSERT_JADWAL\',\'KELAS\':\'18\',\'JUMLAH_BARIS\':\'5\'},{\'CMD\':\'INSERT_JADWAL\',\'KELAS\':\'19\',\'JUMLAH_BARIS\':\'5\'},{\'CMD\':\'INSERT_JADWAL\',\'KELAS\':\'20\',\'JUMLAH_BARIS\':\'5\'},{\'CMD\':\'INSERT_JADWAL\',\'KELAS\':\'21\',\'JUMLAH_BARIS\':\'5\'},{\'CMD\':\'INSERT_JADWAL\',\'KELAS\':\'22\',\'JUMLAH_BARIS\':\'5\'},{\'CMD\':\'INSERT_JADWAL\',\'KELAS\':\'24\',\'JUMLAH_BARIS\':\'5\'},{\'CMD\':\'INSERT_JADWAL\',\'KELAS\':\'25\',\'JUMLAH_BARIS\':\'5\'},{\'CMD\':\'INSERT_JADWAL\',\'KELAS\':\'27\',\'JUMLAH_BARIS\':\'5\'}'),
(37, '2021-07-29 02:00:07', '2021-07-29 02:00:07', '{\'CMD\':\'INSERT_JADWAL\',\'KELAS\':\'1\',\'JUMLAH_BARIS\':\'4\'},{\'CMD\':\'INSERT_JADWAL\',\'KELAS\':\'2\',\'JUMLAH_BARIS\':\'4\'},{\'CMD\':\'INSERT_JADWAL\',\'KELAS\':\'3\',\'JUMLAH_BARIS\':\'4\'},{\'CMD\':\'INSERT_JADWAL\',\'KELAS\':\'4\',\'JUMLAH_BARIS\':\'4\'},{\'CMD\':\'INSERT_JADWAL\',\'KELAS\':\'5\',\'JUMLAH_BARIS\':\'4\'},{\'CMD\':\'INSERT_JADWAL\',\'KELAS\':\'6\',\'JUMLAH_BARIS\':\'4\'},{\'CMD\':\'INSERT_JADWAL\',\'KELAS\':\'7\',\'JUMLAH_BARIS\':\'4\'},{\'CMD\':\'INSERT_JADWAL\',\'KELAS\':\'9\',\'JUMLAH_BARIS\':\'4\'},{\'CMD\':\'INSERT_JADWAL\',\'KELAS\':\'10\',\'JUMLAH_BARIS\':\'4\'},{\'CMD\':\'INSERT_JADWAL\',\'KELAS\':\'11\',\'JUMLAH_BARIS\':\'4\'},{\'CMD\':\'INSERT_JADWAL\',\'KELAS\':\'12\',\'JUMLAH_BARIS\':\'4\'},{\'CMD\':\'INSERT_JADWAL\',\'KELAS\':\'13\',\'JUMLAH_BARIS\':\'4\'},{\'CMD\':\'INSERT_JADWAL\',\'KELAS\':\'15\',\'JUMLAH_BARIS\':\'4\'},{\'CMD\':\'INSERT_JADWAL\',\'KELAS\':\'16\',\'JUMLAH_BARIS\':\'4\'},{\'CMD\':\'INSERT_JADWAL\',\'KELAS\':\'18\',\'JUMLAH_BARIS\':\'4\'},{\'CMD\':\'INSERT_JADWAL\',\'KELAS\':\'19\',\'JUMLAH_BARIS\':\'4\'},{\'CMD\':\'INSERT_JADWAL\',\'KELAS\':\'20\',\'JUMLAH_BARIS\':\'4\'},{\'CMD\':\'INSERT_JADWAL\',\'KELAS\':\'21\',\'JUMLAH_BARIS\':\'4\'},{\'CMD\':\'INSERT_JADWAL\',\'KELAS\':\'22\',\'JUMLAH_BARIS\':\'4\'},{\'CMD\':\'INSERT_JADWAL\',\'KELAS\':\'24\',\'JUMLAH_BARIS\':\'4\'},{\'CMD\':\'INSERT_JADWAL\',\'KELAS\':\'25\',\'JUMLAH_BARIS\':\'4\'},{\'CMD\':\'INSERT_JADWAL\',\'KELAS\':\'27\',\'JUMLAH_BARIS\':\'4\'}'),
(38, '2021-07-30 02:00:08', '2021-07-30 02:00:08', '{\'CMD\':\'INSERT_JADWAL\',\'KELAS\':\'1\',\'JUMLAH_BARIS\':\'3\'},{\'CMD\':\'INSERT_JADWAL\',\'KELAS\':\'2\',\'JUMLAH_BARIS\':\'3\'},{\'CMD\':\'INSERT_JADWAL\',\'KELAS\':\'3\',\'JUMLAH_BARIS\':\'3\'},{\'CMD\':\'INSERT_JADWAL\',\'KELAS\':\'4\',\'JUMLAH_BARIS\':\'3\'},{\'CMD\':\'INSERT_JADWAL\',\'KELAS\':\'5\',\'JUMLAH_BARIS\':\'3\'},{\'CMD\':\'INSERT_JADWAL\',\'KELAS\':\'6\',\'JUMLAH_BARIS\':\'3\'},{\'CMD\':\'INSERT_JADWAL\',\'KELAS\':\'7\',\'JUMLAH_BARIS\':\'3\'},{\'CMD\':\'INSERT_JADWAL\',\'KELAS\':\'9\',\'JUMLAH_BARIS\':\'3\'},{\'CMD\':\'INSERT_JADWAL\',\'KELAS\':\'10\',\'JUMLAH_BARIS\':\'3\'},{\'CMD\':\'INSERT_JADWAL\',\'KELAS\':\'11\',\'JUMLAH_BARIS\':\'3\'},{\'CMD\':\'INSERT_JADWAL\',\'KELAS\':\'12\',\'JUMLAH_BARIS\':\'3\'},{\'CMD\':\'INSERT_JADWAL\',\'KELAS\':\'13\',\'JUMLAH_BARIS\':\'3\'},{\'CMD\':\'INSERT_JADWAL\',\'KELAS\':\'15\',\'JUMLAH_BARIS\':\'3\'},{\'CMD\':\'INSERT_JADWAL\',\'KELAS\':\'16\',\'JUMLAH_BARIS\':\'3\'},{\'CMD\':\'INSERT_JADWAL\',\'KELAS\':\'18\',\'JUMLAH_BARIS\':\'3\'},{\'CMD\':\'INSERT_JADWAL\',\'KELAS\':\'19\',\'JUMLAH_BARIS\':\'3\'},{\'CMD\':\'INSERT_JADWAL\',\'KELAS\':\'20\',\'JUMLAH_BARIS\':\'3\'},{\'CMD\':\'INSERT_JADWAL\',\'KELAS\':\'21\',\'JUMLAH_BARIS\':\'3\'},{\'CMD\':\'INSERT_JADWAL\',\'KELAS\':\'22\',\'JUMLAH_BARIS\':\'3\'},{\'CMD\':\'INSERT_JADWAL\',\'KELAS\':\'24\',\'JUMLAH_BARIS\':\'3\'},{\'CMD\':\'INSERT_JADWAL\',\'KELAS\':\'25\',\'JUMLAH_BARIS\':\'3\'},{\'CMD\':\'INSERT_JADWAL\',\'KELAS\':\'27\',\'JUMLAH_BARIS\':\'3\'}'),
(39, '2021-07-31 02:00:08', '2021-07-31 02:00:08', '{\'CMD\':\'INSERT_JADWAL\',\'KELAS\':\'1\',\'JUMLAH_BARIS\':\'4\'},{\'CMD\':\'INSERT_JADWAL\',\'KELAS\':\'2\',\'JUMLAH_BARIS\':\'4\'},{\'CMD\':\'INSERT_JADWAL\',\'KELAS\':\'3\',\'JUMLAH_BARIS\':\'4\'},{\'CMD\':\'INSERT_JADWAL\',\'KELAS\':\'4\',\'JUMLAH_BARIS\':\'4\'},{\'CMD\':\'INSERT_JADWAL\',\'KELAS\':\'5\',\'JUMLAH_BARIS\':\'4\'},{\'CMD\':\'INSERT_JADWAL\',\'KELAS\':\'6\',\'JUMLAH_BARIS\':\'4\'},{\'CMD\':\'INSERT_JADWAL\',\'KELAS\':\'7\',\'JUMLAH_BARIS\':\'4\'},{\'CMD\':\'INSERT_JADWAL\',\'KELAS\':\'9\',\'JUMLAH_BARIS\':\'4\'},{\'CMD\':\'INSERT_JADWAL\',\'KELAS\':\'10\',\'JUMLAH_BARIS\':\'4\'},{\'CMD\':\'INSERT_JADWAL\',\'KELAS\':\'11\',\'JUMLAH_BARIS\':\'4\'},{\'CMD\':\'INSERT_JADWAL\',\'KELAS\':\'12\',\'JUMLAH_BARIS\':\'4\'},{\'CMD\':\'INSERT_JADWAL\',\'KELAS\':\'13\',\'JUMLAH_BARIS\':\'4\'},{\'CMD\':\'INSERT_JADWAL\',\'KELAS\':\'15\',\'JUMLAH_BARIS\':\'4\'},{\'CMD\':\'INSERT_JADWAL\',\'KELAS\':\'16\',\'JUMLAH_BARIS\':\'4\'},{\'CMD\':\'INSERT_JADWAL\',\'KELAS\':\'18\',\'JUMLAH_BARIS\':\'4\'},{\'CMD\':\'INSERT_JADWAL\',\'KELAS\':\'19\',\'JUMLAH_BARIS\':\'4\'},{\'CMD\':\'INSERT_JADWAL\',\'KELAS\':\'20\',\'JUMLAH_BARIS\':\'4\'},{\'CMD\':\'INSERT_JADWAL\',\'KELAS\':\'21\',\'JUMLAH_BARIS\':\'4\'},{\'CMD\':\'INSERT_JADWAL\',\'KELAS\':\'22\',\'JUMLAH_BARIS\':\'4\'},{\'CMD\':\'INSERT_JADWAL\',\'KELAS\':\'24\',\'JUMLAH_BARIS\':\'4\'},{\'CMD\':\'INSERT_JADWAL\',\'KELAS\':\'25\',\'JUMLAH_BARIS\':\'4\'},{\'CMD\':\'INSERT_JADWAL\',\'KELAS\':\'27\',\'JUMLAH_BARIS\':\'4\'}');
INSERT INTO `cronjob_status` (`id`, `start_at`, `end_at`, `keterangan`) VALUES
(40, '2021-08-02 02:00:07', '2021-08-02 02:00:07', '{\'CMD\':\'INSERT_JADWAL\',\'KELAS\':\'1\',\'JUMLAH_BARIS\':\'4\'},{\'CMD\':\'INSERT_JADWAL\',\'KELAS\':\'2\',\'JUMLAH_BARIS\':\'4\'},{\'CMD\':\'INSERT_JADWAL\',\'KELAS\':\'3\',\'JUMLAH_BARIS\':\'4\'},{\'CMD\':\'INSERT_JADWAL\',\'KELAS\':\'4\',\'JUMLAH_BARIS\':\'4\'},{\'CMD\':\'INSERT_JADWAL\',\'KELAS\':\'5\',\'JUMLAH_BARIS\':\'4\'},{\'CMD\':\'INSERT_JADWAL\',\'KELAS\':\'6\',\'JUMLAH_BARIS\':\'4\'},{\'CMD\':\'INSERT_JADWAL\',\'KELAS\':\'7\',\'JUMLAH_BARIS\':\'4\'},{\'CMD\':\'INSERT_JADWAL\',\'KELAS\':\'9\',\'JUMLAH_BARIS\':\'4\'},{\'CMD\':\'INSERT_JADWAL\',\'KELAS\':\'10\',\'JUMLAH_BARIS\':\'4\'},{\'CMD\':\'INSERT_JADWAL\',\'KELAS\':\'11\',\'JUMLAH_BARIS\':\'4\'},{\'CMD\':\'INSERT_JADWAL\',\'KELAS\':\'12\',\'JUMLAH_BARIS\':\'4\'},{\'CMD\':\'INSERT_JADWAL\',\'KELAS\':\'13\',\'JUMLAH_BARIS\':\'4\'},{\'CMD\':\'INSERT_JADWAL\',\'KELAS\':\'15\',\'JUMLAH_BARIS\':\'4\'},{\'CMD\':\'INSERT_JADWAL\',\'KELAS\':\'16\',\'JUMLAH_BARIS\':\'4\'},{\'CMD\':\'INSERT_JADWAL\',\'KELAS\':\'18\',\'JUMLAH_BARIS\':\'4\'},{\'CMD\':\'INSERT_JADWAL\',\'KELAS\':\'19\',\'JUMLAH_BARIS\':\'4\'},{\'CMD\':\'INSERT_JADWAL\',\'KELAS\':\'20\',\'JUMLAH_BARIS\':\'4\'},{\'CMD\':\'INSERT_JADWAL\',\'KELAS\':\'21\',\'JUMLAH_BARIS\':\'4\'},{\'CMD\':\'INSERT_JADWAL\',\'KELAS\':\'22\',\'JUMLAH_BARIS\':\'4\'},{\'CMD\':\'INSERT_JADWAL\',\'KELAS\':\'24\',\'JUMLAH_BARIS\':\'4\'},{\'CMD\':\'INSERT_JADWAL\',\'KELAS\':\'25\',\'JUMLAH_BARIS\':\'4\'},{\'CMD\':\'INSERT_JADWAL\',\'KELAS\':\'27\',\'JUMLAH_BARIS\':\'4\'}'),
(41, '2021-08-03 02:00:08', '2021-08-03 02:00:08', '{\'CMD\':\'INSERT_JADWAL\',\'KELAS\':\'1\',\'JUMLAH_BARIS\':\'4\'},{\'CMD\':\'INSERT_JADWAL\',\'KELAS\':\'2\',\'JUMLAH_BARIS\':\'4\'},{\'CMD\':\'INSERT_JADWAL\',\'KELAS\':\'3\',\'JUMLAH_BARIS\':\'4\'},{\'CMD\':\'INSERT_JADWAL\',\'KELAS\':\'4\',\'JUMLAH_BARIS\':\'4\'},{\'CMD\':\'INSERT_JADWAL\',\'KELAS\':\'5\',\'JUMLAH_BARIS\':\'4\'},{\'CMD\':\'INSERT_JADWAL\',\'KELAS\':\'6\',\'JUMLAH_BARIS\':\'4\'},{\'CMD\':\'INSERT_JADWAL\',\'KELAS\':\'7\',\'JUMLAH_BARIS\':\'4\'},{\'CMD\':\'INSERT_JADWAL\',\'KELAS\':\'9\',\'JUMLAH_BARIS\':\'4\'},{\'CMD\':\'INSERT_JADWAL\',\'KELAS\':\'10\',\'JUMLAH_BARIS\':\'4\'},{\'CMD\':\'INSERT_JADWAL\',\'KELAS\':\'11\',\'JUMLAH_BARIS\':\'4\'},{\'CMD\':\'INSERT_JADWAL\',\'KELAS\':\'12\',\'JUMLAH_BARIS\':\'4\'},{\'CMD\':\'INSERT_JADWAL\',\'KELAS\':\'13\',\'JUMLAH_BARIS\':\'4\'},{\'CMD\':\'INSERT_JADWAL\',\'KELAS\':\'15\',\'JUMLAH_BARIS\':\'4\'},{\'CMD\':\'INSERT_JADWAL\',\'KELAS\':\'16\',\'JUMLAH_BARIS\':\'4\'},{\'CMD\':\'INSERT_JADWAL\',\'KELAS\':\'18\',\'JUMLAH_BARIS\':\'4\'},{\'CMD\':\'INSERT_JADWAL\',\'KELAS\':\'19\',\'JUMLAH_BARIS\':\'4\'},{\'CMD\':\'INSERT_JADWAL\',\'KELAS\':\'20\',\'JUMLAH_BARIS\':\'4\'},{\'CMD\':\'INSERT_JADWAL\',\'KELAS\':\'21\',\'JUMLAH_BARIS\':\'4\'},{\'CMD\':\'INSERT_JADWAL\',\'KELAS\':\'22\',\'JUMLAH_BARIS\':\'4\'},{\'CMD\':\'INSERT_JADWAL\',\'KELAS\':\'24\',\'JUMLAH_BARIS\':\'4\'},{\'CMD\':\'INSERT_JADWAL\',\'KELAS\':\'25\',\'JUMLAH_BARIS\':\'4\'},{\'CMD\':\'INSERT_JADWAL\',\'KELAS\':\'27\',\'JUMLAH_BARIS\':\'4\'}'),
(42, '2021-08-04 02:00:08', '2021-08-04 02:00:08', '{\'CMD\':\'INSERT_JADWAL\',\'KELAS\':\'1\',\'JUMLAH_BARIS\':\'5\'},{\'CMD\':\'INSERT_JADWAL\',\'KELAS\':\'2\',\'JUMLAH_BARIS\':\'5\'},{\'CMD\':\'INSERT_JADWAL\',\'KELAS\':\'3\',\'JUMLAH_BARIS\':\'5\'},{\'CMD\':\'INSERT_JADWAL\',\'KELAS\':\'4\',\'JUMLAH_BARIS\':\'5\'},{\'CMD\':\'INSERT_JADWAL\',\'KELAS\':\'5\',\'JUMLAH_BARIS\':\'5\'},{\'CMD\':\'INSERT_JADWAL\',\'KELAS\':\'6\',\'JUMLAH_BARIS\':\'5\'},{\'CMD\':\'INSERT_JADWAL\',\'KELAS\':\'7\',\'JUMLAH_BARIS\':\'5\'},{\'CMD\':\'INSERT_JADWAL\',\'KELAS\':\'9\',\'JUMLAH_BARIS\':\'5\'},{\'CMD\':\'INSERT_JADWAL\',\'KELAS\':\'10\',\'JUMLAH_BARIS\':\'5\'},{\'CMD\':\'INSERT_JADWAL\',\'KELAS\':\'11\',\'JUMLAH_BARIS\':\'5\'},{\'CMD\':\'INSERT_JADWAL\',\'KELAS\':\'12\',\'JUMLAH_BARIS\':\'5\'},{\'CMD\':\'INSERT_JADWAL\',\'KELAS\':\'13\',\'JUMLAH_BARIS\':\'5\'},{\'CMD\':\'INSERT_JADWAL\',\'KELAS\':\'15\',\'JUMLAH_BARIS\':\'5\'},{\'CMD\':\'INSERT_JADWAL\',\'KELAS\':\'16\',\'JUMLAH_BARIS\':\'5\'},{\'CMD\':\'INSERT_JADWAL\',\'KELAS\':\'18\',\'JUMLAH_BARIS\':\'5\'},{\'CMD\':\'INSERT_JADWAL\',\'KELAS\':\'19\',\'JUMLAH_BARIS\':\'5\'},{\'CMD\':\'INSERT_JADWAL\',\'KELAS\':\'20\',\'JUMLAH_BARIS\':\'5\'},{\'CMD\':\'INSERT_JADWAL\',\'KELAS\':\'21\',\'JUMLAH_BARIS\':\'5\'},{\'CMD\':\'INSERT_JADWAL\',\'KELAS\':\'22\',\'JUMLAH_BARIS\':\'5\'},{\'CMD\':\'INSERT_JADWAL\',\'KELAS\':\'24\',\'JUMLAH_BARIS\':\'5\'},{\'CMD\':\'INSERT_JADWAL\',\'KELAS\':\'25\',\'JUMLAH_BARIS\':\'5\'},{\'CMD\':\'INSERT_JADWAL\',\'KELAS\':\'27\',\'JUMLAH_BARIS\':\'5\'}'),
(43, '2021-08-05 02:00:07', '2021-08-05 02:00:07', '{\'CMD\':\'INSERT_JADWAL\',\'KELAS\':\'1\',\'JUMLAH_BARIS\':\'4\'},{\'CMD\':\'INSERT_JADWAL\',\'KELAS\':\'2\',\'JUMLAH_BARIS\':\'4\'},{\'CMD\':\'INSERT_JADWAL\',\'KELAS\':\'3\',\'JUMLAH_BARIS\':\'4\'},{\'CMD\':\'INSERT_JADWAL\',\'KELAS\':\'4\',\'JUMLAH_BARIS\':\'4\'},{\'CMD\':\'INSERT_JADWAL\',\'KELAS\':\'5\',\'JUMLAH_BARIS\':\'4\'},{\'CMD\':\'INSERT_JADWAL\',\'KELAS\':\'6\',\'JUMLAH_BARIS\':\'4\'},{\'CMD\':\'INSERT_JADWAL\',\'KELAS\':\'7\',\'JUMLAH_BARIS\':\'4\'},{\'CMD\':\'INSERT_JADWAL\',\'KELAS\':\'9\',\'JUMLAH_BARIS\':\'4\'},{\'CMD\':\'INSERT_JADWAL\',\'KELAS\':\'10\',\'JUMLAH_BARIS\':\'4\'},{\'CMD\':\'INSERT_JADWAL\',\'KELAS\':\'11\',\'JUMLAH_BARIS\':\'4\'},{\'CMD\':\'INSERT_JADWAL\',\'KELAS\':\'12\',\'JUMLAH_BARIS\':\'4\'},{\'CMD\':\'INSERT_JADWAL\',\'KELAS\':\'13\',\'JUMLAH_BARIS\':\'4\'},{\'CMD\':\'INSERT_JADWAL\',\'KELAS\':\'15\',\'JUMLAH_BARIS\':\'4\'},{\'CMD\':\'INSERT_JADWAL\',\'KELAS\':\'16\',\'JUMLAH_BARIS\':\'4\'},{\'CMD\':\'INSERT_JADWAL\',\'KELAS\':\'18\',\'JUMLAH_BARIS\':\'4\'},{\'CMD\':\'INSERT_JADWAL\',\'KELAS\':\'19\',\'JUMLAH_BARIS\':\'4\'},{\'CMD\':\'INSERT_JADWAL\',\'KELAS\':\'20\',\'JUMLAH_BARIS\':\'4\'},{\'CMD\':\'INSERT_JADWAL\',\'KELAS\':\'21\',\'JUMLAH_BARIS\':\'4\'},{\'CMD\':\'INSERT_JADWAL\',\'KELAS\':\'22\',\'JUMLAH_BARIS\':\'4\'},{\'CMD\':\'INSERT_JADWAL\',\'KELAS\':\'24\',\'JUMLAH_BARIS\':\'4\'},{\'CMD\':\'INSERT_JADWAL\',\'KELAS\':\'25\',\'JUMLAH_BARIS\':\'4\'},{\'CMD\':\'INSERT_JADWAL\',\'KELAS\':\'27\',\'JUMLAH_BARIS\':\'4\'}'),
(44, '2021-08-06 02:00:07', '2021-08-06 02:00:07', '{\'CMD\':\'INSERT_JADWAL\',\'KELAS\':\'1\',\'JUMLAH_BARIS\':\'3\'},{\'CMD\':\'INSERT_JADWAL\',\'KELAS\':\'2\',\'JUMLAH_BARIS\':\'3\'},{\'CMD\':\'INSERT_JADWAL\',\'KELAS\':\'3\',\'JUMLAH_BARIS\':\'3\'},{\'CMD\':\'INSERT_JADWAL\',\'KELAS\':\'4\',\'JUMLAH_BARIS\':\'3\'},{\'CMD\':\'INSERT_JADWAL\',\'KELAS\':\'5\',\'JUMLAH_BARIS\':\'3\'},{\'CMD\':\'INSERT_JADWAL\',\'KELAS\':\'6\',\'JUMLAH_BARIS\':\'3\'},{\'CMD\':\'INSERT_JADWAL\',\'KELAS\':\'7\',\'JUMLAH_BARIS\':\'3\'},{\'CMD\':\'INSERT_JADWAL\',\'KELAS\':\'9\',\'JUMLAH_BARIS\':\'3\'},{\'CMD\':\'INSERT_JADWAL\',\'KELAS\':\'10\',\'JUMLAH_BARIS\':\'3\'},{\'CMD\':\'INSERT_JADWAL\',\'KELAS\':\'11\',\'JUMLAH_BARIS\':\'3\'},{\'CMD\':\'INSERT_JADWAL\',\'KELAS\':\'12\',\'JUMLAH_BARIS\':\'3\'},{\'CMD\':\'INSERT_JADWAL\',\'KELAS\':\'13\',\'JUMLAH_BARIS\':\'3\'},{\'CMD\':\'INSERT_JADWAL\',\'KELAS\':\'15\',\'JUMLAH_BARIS\':\'3\'},{\'CMD\':\'INSERT_JADWAL\',\'KELAS\':\'16\',\'JUMLAH_BARIS\':\'3\'},{\'CMD\':\'INSERT_JADWAL\',\'KELAS\':\'18\',\'JUMLAH_BARIS\':\'3\'},{\'CMD\':\'INSERT_JADWAL\',\'KELAS\':\'19\',\'JUMLAH_BARIS\':\'3\'},{\'CMD\':\'INSERT_JADWAL\',\'KELAS\':\'20\',\'JUMLAH_BARIS\':\'3\'},{\'CMD\':\'INSERT_JADWAL\',\'KELAS\':\'21\',\'JUMLAH_BARIS\':\'3\'},{\'CMD\':\'INSERT_JADWAL\',\'KELAS\':\'22\',\'JUMLAH_BARIS\':\'3\'},{\'CMD\':\'INSERT_JADWAL\',\'KELAS\':\'24\',\'JUMLAH_BARIS\':\'3\'},{\'CMD\':\'INSERT_JADWAL\',\'KELAS\':\'25\',\'JUMLAH_BARIS\':\'3\'},{\'CMD\':\'INSERT_JADWAL\',\'KELAS\':\'27\',\'JUMLAH_BARIS\':\'3\'}'),
(45, '2021-08-07 02:00:07', '2021-08-07 02:00:07', '{\'CMD\':\'INSERT_JADWAL\',\'KELAS\':\'1\',\'JUMLAH_BARIS\':\'4\'},{\'CMD\':\'INSERT_JADWAL\',\'KELAS\':\'2\',\'JUMLAH_BARIS\':\'4\'},{\'CMD\':\'INSERT_JADWAL\',\'KELAS\':\'3\',\'JUMLAH_BARIS\':\'4\'},{\'CMD\':\'INSERT_JADWAL\',\'KELAS\':\'4\',\'JUMLAH_BARIS\':\'4\'},{\'CMD\':\'INSERT_JADWAL\',\'KELAS\':\'5\',\'JUMLAH_BARIS\':\'4\'},{\'CMD\':\'INSERT_JADWAL\',\'KELAS\':\'6\',\'JUMLAH_BARIS\':\'4\'},{\'CMD\':\'INSERT_JADWAL\',\'KELAS\':\'7\',\'JUMLAH_BARIS\':\'4\'},{\'CMD\':\'INSERT_JADWAL\',\'KELAS\':\'9\',\'JUMLAH_BARIS\':\'4\'},{\'CMD\':\'INSERT_JADWAL\',\'KELAS\':\'10\',\'JUMLAH_BARIS\':\'4\'},{\'CMD\':\'INSERT_JADWAL\',\'KELAS\':\'11\',\'JUMLAH_BARIS\':\'4\'},{\'CMD\':\'INSERT_JADWAL\',\'KELAS\':\'12\',\'JUMLAH_BARIS\':\'4\'},{\'CMD\':\'INSERT_JADWAL\',\'KELAS\':\'13\',\'JUMLAH_BARIS\':\'4\'},{\'CMD\':\'INSERT_JADWAL\',\'KELAS\':\'15\',\'JUMLAH_BARIS\':\'4\'},{\'CMD\':\'INSERT_JADWAL\',\'KELAS\':\'16\',\'JUMLAH_BARIS\':\'4\'},{\'CMD\':\'INSERT_JADWAL\',\'KELAS\':\'18\',\'JUMLAH_BARIS\':\'4\'},{\'CMD\':\'INSERT_JADWAL\',\'KELAS\':\'19\',\'JUMLAH_BARIS\':\'4\'},{\'CMD\':\'INSERT_JADWAL\',\'KELAS\':\'20\',\'JUMLAH_BARIS\':\'4\'},{\'CMD\':\'INSERT_JADWAL\',\'KELAS\':\'21\',\'JUMLAH_BARIS\':\'4\'},{\'CMD\':\'INSERT_JADWAL\',\'KELAS\':\'22\',\'JUMLAH_BARIS\':\'4\'},{\'CMD\':\'INSERT_JADWAL\',\'KELAS\':\'24\',\'JUMLAH_BARIS\':\'4\'},{\'CMD\':\'INSERT_JADWAL\',\'KELAS\':\'25\',\'JUMLAH_BARIS\':\'4\'},{\'CMD\':\'INSERT_JADWAL\',\'KELAS\':\'27\',\'JUMLAH_BARIS\':\'4\'}'),
(46, '2021-08-09 02:00:06', '2021-08-09 02:00:06', '{\'CMD\':\'INSERT_JADWAL\',\'KELAS\':\'1\',\'JUMLAH_BARIS\':\'4\'},{\'CMD\':\'INSERT_JADWAL\',\'KELAS\':\'2\',\'JUMLAH_BARIS\':\'4\'},{\'CMD\':\'INSERT_JADWAL\',\'KELAS\':\'3\',\'JUMLAH_BARIS\':\'4\'},{\'CMD\':\'INSERT_JADWAL\',\'KELAS\':\'4\',\'JUMLAH_BARIS\':\'4\'},{\'CMD\':\'INSERT_JADWAL\',\'KELAS\':\'5\',\'JUMLAH_BARIS\':\'4\'},{\'CMD\':\'INSERT_JADWAL\',\'KELAS\':\'6\',\'JUMLAH_BARIS\':\'4\'},{\'CMD\':\'INSERT_JADWAL\',\'KELAS\':\'7\',\'JUMLAH_BARIS\':\'4\'},{\'CMD\':\'INSERT_JADWAL\',\'KELAS\':\'9\',\'JUMLAH_BARIS\':\'4\'},{\'CMD\':\'INSERT_JADWAL\',\'KELAS\':\'10\',\'JUMLAH_BARIS\':\'4\'},{\'CMD\':\'INSERT_JADWAL\',\'KELAS\':\'11\',\'JUMLAH_BARIS\':\'4\'},{\'CMD\':\'INSERT_JADWAL\',\'KELAS\':\'12\',\'JUMLAH_BARIS\':\'4\'},{\'CMD\':\'INSERT_JADWAL\',\'KELAS\':\'13\',\'JUMLAH_BARIS\':\'4\'},{\'CMD\':\'INSERT_JADWAL\',\'KELAS\':\'15\',\'JUMLAH_BARIS\':\'4\'},{\'CMD\':\'INSERT_JADWAL\',\'KELAS\':\'16\',\'JUMLAH_BARIS\':\'4\'},{\'CMD\':\'INSERT_JADWAL\',\'KELAS\':\'18\',\'JUMLAH_BARIS\':\'4\'},{\'CMD\':\'INSERT_JADWAL\',\'KELAS\':\'19\',\'JUMLAH_BARIS\':\'4\'},{\'CMD\':\'INSERT_JADWAL\',\'KELAS\':\'20\',\'JUMLAH_BARIS\':\'4\'},{\'CMD\':\'INSERT_JADWAL\',\'KELAS\':\'21\',\'JUMLAH_BARIS\':\'4\'},{\'CMD\':\'INSERT_JADWAL\',\'KELAS\':\'22\',\'JUMLAH_BARIS\':\'4\'},{\'CMD\':\'INSERT_JADWAL\',\'KELAS\':\'24\',\'JUMLAH_BARIS\':\'4\'},{\'CMD\':\'INSERT_JADWAL\',\'KELAS\':\'25\',\'JUMLAH_BARIS\':\'4\'},{\'CMD\':\'INSERT_JADWAL\',\'KELAS\':\'27\',\'JUMLAH_BARIS\':\'4\'}'),
(47, '2021-08-10 02:00:08', '2021-08-10 02:00:08', '{\'CMD\':\'INSERT_JADWAL\',\'KELAS\':\'1\',\'JUMLAH_BARIS\':\'4\'},{\'CMD\':\'INSERT_JADWAL\',\'KELAS\':\'2\',\'JUMLAH_BARIS\':\'4\'},{\'CMD\':\'INSERT_JADWAL\',\'KELAS\':\'3\',\'JUMLAH_BARIS\':\'4\'},{\'CMD\':\'INSERT_JADWAL\',\'KELAS\':\'4\',\'JUMLAH_BARIS\':\'4\'},{\'CMD\':\'INSERT_JADWAL\',\'KELAS\':\'5\',\'JUMLAH_BARIS\':\'4\'},{\'CMD\':\'INSERT_JADWAL\',\'KELAS\':\'6\',\'JUMLAH_BARIS\':\'4\'},{\'CMD\':\'INSERT_JADWAL\',\'KELAS\':\'7\',\'JUMLAH_BARIS\':\'4\'},{\'CMD\':\'INSERT_JADWAL\',\'KELAS\':\'9\',\'JUMLAH_BARIS\':\'4\'},{\'CMD\':\'INSERT_JADWAL\',\'KELAS\':\'10\',\'JUMLAH_BARIS\':\'4\'},{\'CMD\':\'INSERT_JADWAL\',\'KELAS\':\'11\',\'JUMLAH_BARIS\':\'4\'},{\'CMD\':\'INSERT_JADWAL\',\'KELAS\':\'12\',\'JUMLAH_BARIS\':\'4\'},{\'CMD\':\'INSERT_JADWAL\',\'KELAS\':\'13\',\'JUMLAH_BARIS\':\'4\'},{\'CMD\':\'INSERT_JADWAL\',\'KELAS\':\'15\',\'JUMLAH_BARIS\':\'4\'},{\'CMD\':\'INSERT_JADWAL\',\'KELAS\':\'16\',\'JUMLAH_BARIS\':\'4\'},{\'CMD\':\'INSERT_JADWAL\',\'KELAS\':\'18\',\'JUMLAH_BARIS\':\'4\'},{\'CMD\':\'INSERT_JADWAL\',\'KELAS\':\'19\',\'JUMLAH_BARIS\':\'4\'},{\'CMD\':\'INSERT_JADWAL\',\'KELAS\':\'20\',\'JUMLAH_BARIS\':\'4\'},{\'CMD\':\'INSERT_JADWAL\',\'KELAS\':\'21\',\'JUMLAH_BARIS\':\'4\'},{\'CMD\':\'INSERT_JADWAL\',\'KELAS\':\'22\',\'JUMLAH_BARIS\':\'4\'},{\'CMD\':\'INSERT_JADWAL\',\'KELAS\':\'24\',\'JUMLAH_BARIS\':\'4\'},{\'CMD\':\'INSERT_JADWAL\',\'KELAS\':\'25\',\'JUMLAH_BARIS\':\'4\'},{\'CMD\':\'INSERT_JADWAL\',\'KELAS\':\'27\',\'JUMLAH_BARIS\':\'4\'}'),
(48, '2021-08-11 02:00:07', '2021-08-11 02:00:07', '{\'CMD\':\'INSERT_JADWAL\',\'KELAS\':\'1\',\'JUMLAH_BARIS\':\'5\'},{\'CMD\':\'INSERT_JADWAL\',\'KELAS\':\'2\',\'JUMLAH_BARIS\':\'5\'},{\'CMD\':\'INSERT_JADWAL\',\'KELAS\':\'3\',\'JUMLAH_BARIS\':\'5\'},{\'CMD\':\'INSERT_JADWAL\',\'KELAS\':\'4\',\'JUMLAH_BARIS\':\'5\'},{\'CMD\':\'INSERT_JADWAL\',\'KELAS\':\'5\',\'JUMLAH_BARIS\':\'5\'},{\'CMD\':\'INSERT_JADWAL\',\'KELAS\':\'6\',\'JUMLAH_BARIS\':\'5\'},{\'CMD\':\'INSERT_JADWAL\',\'KELAS\':\'7\',\'JUMLAH_BARIS\':\'5\'},{\'CMD\':\'INSERT_JADWAL\',\'KELAS\':\'9\',\'JUMLAH_BARIS\':\'5\'},{\'CMD\':\'INSERT_JADWAL\',\'KELAS\':\'10\',\'JUMLAH_BARIS\':\'5\'},{\'CMD\':\'INSERT_JADWAL\',\'KELAS\':\'11\',\'JUMLAH_BARIS\':\'5\'},{\'CMD\':\'INSERT_JADWAL\',\'KELAS\':\'12\',\'JUMLAH_BARIS\':\'5\'},{\'CMD\':\'INSERT_JADWAL\',\'KELAS\':\'13\',\'JUMLAH_BARIS\':\'5\'},{\'CMD\':\'INSERT_JADWAL\',\'KELAS\':\'15\',\'JUMLAH_BARIS\':\'5\'},{\'CMD\':\'INSERT_JADWAL\',\'KELAS\':\'16\',\'JUMLAH_BARIS\':\'5\'},{\'CMD\':\'INSERT_JADWAL\',\'KELAS\':\'18\',\'JUMLAH_BARIS\':\'5\'},{\'CMD\':\'INSERT_JADWAL\',\'KELAS\':\'19\',\'JUMLAH_BARIS\':\'5\'},{\'CMD\':\'INSERT_JADWAL\',\'KELAS\':\'20\',\'JUMLAH_BARIS\':\'5\'},{\'CMD\':\'INSERT_JADWAL\',\'KELAS\':\'21\',\'JUMLAH_BARIS\':\'5\'},{\'CMD\':\'INSERT_JADWAL\',\'KELAS\':\'22\',\'JUMLAH_BARIS\':\'5\'},{\'CMD\':\'INSERT_JADWAL\',\'KELAS\':\'24\',\'JUMLAH_BARIS\':\'5\'},{\'CMD\':\'INSERT_JADWAL\',\'KELAS\':\'25\',\'JUMLAH_BARIS\':\'5\'},{\'CMD\':\'INSERT_JADWAL\',\'KELAS\':\'27\',\'JUMLAH_BARIS\':\'5\'}'),
(49, '2021-08-12 02:00:08', '2021-08-12 02:00:08', '{\'CMD\':\'INSERT_JADWAL\',\'KELAS\':\'1\',\'JUMLAH_BARIS\':\'4\'},{\'CMD\':\'INSERT_JADWAL\',\'KELAS\':\'2\',\'JUMLAH_BARIS\':\'4\'},{\'CMD\':\'INSERT_JADWAL\',\'KELAS\':\'3\',\'JUMLAH_BARIS\':\'4\'},{\'CMD\':\'INSERT_JADWAL\',\'KELAS\':\'4\',\'JUMLAH_BARIS\':\'4\'},{\'CMD\':\'INSERT_JADWAL\',\'KELAS\':\'5\',\'JUMLAH_BARIS\':\'4\'},{\'CMD\':\'INSERT_JADWAL\',\'KELAS\':\'6\',\'JUMLAH_BARIS\':\'4\'},{\'CMD\':\'INSERT_JADWAL\',\'KELAS\':\'7\',\'JUMLAH_BARIS\':\'4\'},{\'CMD\':\'INSERT_JADWAL\',\'KELAS\':\'9\',\'JUMLAH_BARIS\':\'4\'},{\'CMD\':\'INSERT_JADWAL\',\'KELAS\':\'10\',\'JUMLAH_BARIS\':\'4\'},{\'CMD\':\'INSERT_JADWAL\',\'KELAS\':\'11\',\'JUMLAH_BARIS\':\'4\'},{\'CMD\':\'INSERT_JADWAL\',\'KELAS\':\'12\',\'JUMLAH_BARIS\':\'4\'},{\'CMD\':\'INSERT_JADWAL\',\'KELAS\':\'13\',\'JUMLAH_BARIS\':\'4\'},{\'CMD\':\'INSERT_JADWAL\',\'KELAS\':\'15\',\'JUMLAH_BARIS\':\'4\'},{\'CMD\':\'INSERT_JADWAL\',\'KELAS\':\'16\',\'JUMLAH_BARIS\':\'4\'},{\'CMD\':\'INSERT_JADWAL\',\'KELAS\':\'18\',\'JUMLAH_BARIS\':\'4\'},{\'CMD\':\'INSERT_JADWAL\',\'KELAS\':\'19\',\'JUMLAH_BARIS\':\'4\'},{\'CMD\':\'INSERT_JADWAL\',\'KELAS\':\'20\',\'JUMLAH_BARIS\':\'4\'},{\'CMD\':\'INSERT_JADWAL\',\'KELAS\':\'21\',\'JUMLAH_BARIS\':\'4\'},{\'CMD\':\'INSERT_JADWAL\',\'KELAS\':\'22\',\'JUMLAH_BARIS\':\'4\'},{\'CMD\':\'INSERT_JADWAL\',\'KELAS\':\'24\',\'JUMLAH_BARIS\':\'4\'},{\'CMD\':\'INSERT_JADWAL\',\'KELAS\':\'25\',\'JUMLAH_BARIS\':\'4\'},{\'CMD\':\'INSERT_JADWAL\',\'KELAS\':\'27\',\'JUMLAH_BARIS\':\'4\'}');

-- --------------------------------------------------------

--
-- Table structure for table `dates`
--

CREATE TABLE `dates` (
  `idDate` int(11) NOT NULL,
  `fulldate` date DEFAULT NULL,
  `year` int(11) DEFAULT NULL,
  `month` int(11) DEFAULT NULL,
  `day` int(11) DEFAULT NULL,
  `quarter` int(11) DEFAULT NULL,
  `week` int(11) DEFAULT NULL,
  `dayofweek` int(11) DEFAULT NULL,
  `update_at` datetime DEFAULT NULL
) ENGINE=InnoDB DEFAULT CHARSET=latin1;

--
-- Dumping data for table `dates`
--

INSERT INTO `dates` (`idDate`, `fulldate`, `year`, `month`, `day`, `quarter`, `week`, `dayofweek`, `update_at`) VALUES
(20200101, '2020-01-01', 2020, 1, 1, 1, 1, 3, NULL),
(20200102, '2020-01-02', 2020, 1, 2, 1, 1, 4, NULL),
(20200103, '2020-01-03', 2020, 1, 3, 1, 1, 5, NULL),
(20200104, '2020-01-04', 2020, 1, 4, 1, 1, 6, NULL),
(20200105, '2020-01-05', 2020, 1, 5, 1, 1, 7, NULL),
(20200106, '2020-01-06', 2020, 1, 6, 1, 2, 1, NULL),
(20200107, '2020-01-07', 2020, 1, 7, 1, 2, 2, NULL),
(20200108, '2020-01-08', 2020, 1, 8, 1, 2, 3, NULL),
(20200109, '2020-01-09', 2020, 1, 9, 1, 2, 4, NULL),
(20200110, '2020-01-10', 2020, 1, 10, 1, 2, 5, NULL),
(20200111, '2020-01-11', 2020, 1, 11, 1, 2, 6, NULL),
(20200112, '2020-01-12', 2020, 1, 12, 1, 2, 7, NULL),
(20200113, '2020-01-13', 2020, 1, 13, 1, 3, 1, NULL),
(20200114, '2020-01-14', 2020, 1, 14, 1, 3, 2, NULL),
(20200115, '2020-01-15', 2020, 1, 15, 1, 3, 3, NULL),
(20200116, '2020-01-16', 2020, 1, 16, 1, 3, 4, NULL),
(20200117, '2020-01-17', 2020, 1, 17, 1, 3, 5, NULL),
(20200118, '2020-01-18', 2020, 1, 18, 1, 3, 6, NULL),
(20200119, '2020-01-19', 2020, 1, 19, 1, 3, 7, NULL),
(20200120, '2020-01-20', 2020, 1, 20, 1, 4, 1, NULL),
(20200121, '2020-01-21', 2020, 1, 21, 1, 4, 2, NULL),
(20200122, '2020-01-22', 2020, 1, 22, 1, 4, 3, NULL),
(20200123, '2020-01-23', 2020, 1, 23, 1, 4, 4, NULL),
(20200124, '2020-01-24', 2020, 1, 24, 1, 4, 5, NULL),
(20200125, '2020-01-25', 2020, 1, 25, 1, 4, 6, NULL),
(20200126, '2020-01-26', 2020, 1, 26, 1, 4, 7, NULL),
(20200127, '2020-01-27', 2020, 1, 27, 1, 5, 1, NULL),
(20200128, '2020-01-28', 2020, 1, 28, 1, 5, 2, NULL),
(20200129, '2020-01-29', 2020, 1, 29, 1, 5, 3, NULL),
(20200130, '2020-01-30', 2020, 1, 30, 1, 5, 4, NULL),
(20200131, '2020-01-31', 2020, 1, 31, 1, 5, 5, NULL),
(20200201, '2020-02-01', 2020, 2, 1, 1, 5, 6, NULL),
(20200202, '2020-02-02', 2020, 2, 2, 1, 5, 7, NULL),
(20200203, '2020-02-03', 2020, 2, 3, 1, 6, 1, NULL),
(20200204, '2020-02-04', 2020, 2, 4, 1, 6, 2, NULL),
(20200205, '2020-02-05', 2020, 2, 5, 1, 6, 3, NULL),
(20200206, '2020-02-06', 2020, 2, 6, 1, 6, 4, NULL),
(20200207, '2020-02-07', 2020, 2, 7, 1, 6, 5, NULL),
(20200208, '2020-02-08', 2020, 2, 8, 1, 6, 6, NULL),
(20200209, '2020-02-09', 2020, 2, 9, 1, 6, 7, NULL),
(20200210, '2020-02-10', 2020, 2, 10, 1, 7, 1, NULL),
(20200211, '2020-02-11', 2020, 2, 11, 1, 7, 2, NULL),
(20200212, '2020-02-12', 2020, 2, 12, 1, 7, 3, NULL),
(20200213, '2020-02-13', 2020, 2, 13, 1, 7, 4, NULL),
(20200214, '2020-02-14', 2020, 2, 14, 1, 7, 5, NULL),
(20200215, '2020-02-15', 2020, 2, 15, 1, 7, 6, NULL),
(20200216, '2020-02-16', 2020, 2, 16, 1, 7, 7, NULL),
(20200217, '2020-02-17', 2020, 2, 17, 1, 8, 1, NULL),
(20200218, '2020-02-18', 2020, 2, 18, 1, 8, 2, NULL),
(20200219, '2020-02-19', 2020, 2, 19, 1, 8, 3, NULL),
(20200220, '2020-02-20', 2020, 2, 20, 1, 8, 4, NULL),
(20200221, '2020-02-21', 2020, 2, 21, 1, 8, 5, NULL),
(20200222, '2020-02-22', 2020, 2, 22, 1, 8, 6, NULL),
(20200223, '2020-02-23', 2020, 2, 23, 1, 8, 7, NULL),
(20200224, '2020-02-24', 2020, 2, 24, 1, 9, 1, NULL),
(20200225, '2020-02-25', 2020, 2, 25, 1, 9, 2, NULL),
(20200226, '2020-02-26', 2020, 2, 26, 1, 9, 3, NULL),
(20200227, '2020-02-27', 2020, 2, 27, 1, 9, 4, NULL),
(20200228, '2020-02-28', 2020, 2, 28, 1, 9, 5, NULL),
(20200229, '2020-02-29', 2020, 2, 29, 1, 9, 6, NULL),
(20200301, '2020-03-01', 2020, 3, 1, 1, 9, 7, NULL),
(20200302, '2020-03-02', 2020, 3, 2, 1, 10, 1, NULL),
(20200303, '2020-03-03', 2020, 3, 3, 1, 10, 2, NULL),
(20200304, '2020-03-04', 2020, 3, 4, 1, 10, 3, NULL),
(20200305, '2020-03-05', 2020, 3, 5, 1, 10, 4, NULL),
(20200306, '2020-03-06', 2020, 3, 6, 1, 10, 5, NULL),
(20200307, '2020-03-07', 2020, 3, 7, 1, 10, 6, NULL),
(20200308, '2020-03-08', 2020, 3, 8, 1, 10, 7, NULL),
(20200309, '2020-03-09', 2020, 3, 9, 1, 11, 1, NULL),
(20200310, '2020-03-10', 2020, 3, 10, 1, 11, 2, NULL),
(20200311, '2020-03-11', 2020, 3, 11, 1, 11, 3, NULL),
(20200312, '2020-03-12', 2020, 3, 12, 1, 11, 4, NULL),
(20200313, '2020-03-13', 2020, 3, 13, 1, 11, 5, NULL),
(20200314, '2020-03-14', 2020, 3, 14, 1, 11, 6, NULL),
(20200315, '2020-03-15', 2020, 3, 15, 1, 11, 7, NULL),
(20200316, '2020-03-16', 2020, 3, 16, 1, 12, 1, NULL),
(20200317, '2020-03-17', 2020, 3, 17, 1, 12, 2, NULL),
(20200318, '2020-03-18', 2020, 3, 18, 1, 12, 3, NULL),
(20200319, '2020-03-19', 2020, 3, 19, 1, 12, 4, NULL),
(20200320, '2020-03-20', 2020, 3, 20, 1, 12, 5, NULL),
(20200321, '2020-03-21', 2020, 3, 21, 1, 12, 6, NULL),
(20200322, '2020-03-22', 2020, 3, 22, 1, 12, 7, NULL),
(20200323, '2020-03-23', 2020, 3, 23, 1, 13, 1, NULL),
(20200324, '2020-03-24', 2020, 3, 24, 1, 13, 2, NULL),
(20200325, '2020-03-25', 2020, 3, 25, 1, 13, 3, NULL),
(20200326, '2020-03-26', 2020, 3, 26, 1, 13, 4, NULL),
(20200327, '2020-03-27', 2020, 3, 27, 1, 13, 5, NULL),
(20200328, '2020-03-28', 2020, 3, 28, 1, 13, 6, NULL),
(20200329, '2020-03-29', 2020, 3, 29, 1, 13, 7, NULL),
(20200330, '2020-03-30', 2020, 3, 30, 1, 14, 1, NULL),
(20200331, '2020-03-31', 2020, 3, 31, 1, 14, 2, NULL),
(20200401, '2020-04-01', 2020, 4, 1, 2, 14, 3, NULL),
(20200402, '2020-04-02', 2020, 4, 2, 2, 14, 4, NULL),
(20200403, '2020-04-03', 2020, 4, 3, 2, 14, 5, NULL),
(20200404, '2020-04-04', 2020, 4, 4, 2, 14, 6, NULL),
(20200405, '2020-04-05', 2020, 4, 5, 2, 14, 7, NULL),
(20200406, '2020-04-06', 2020, 4, 6, 2, 15, 1, NULL),
(20200407, '2020-04-07', 2020, 4, 7, 2, 15, 2, NULL),
(20200408, '2020-04-08', 2020, 4, 8, 2, 15, 3, NULL),
(20200409, '2020-04-09', 2020, 4, 9, 2, 15, 4, NULL),
(20200410, '2020-04-10', 2020, 4, 10, 2, 15, 5, NULL),
(20200411, '2020-04-11', 2020, 4, 11, 2, 15, 6, NULL),
(20200412, '2020-04-12', 2020, 4, 12, 2, 15, 7, NULL),
(20200413, '2020-04-13', 2020, 4, 13, 2, 16, 1, NULL),
(20200414, '2020-04-14', 2020, 4, 14, 2, 16, 2, NULL),
(20200415, '2020-04-15', 2020, 4, 15, 2, 16, 3, NULL),
(20200416, '2020-04-16', 2020, 4, 16, 2, 16, 4, NULL),
(20200417, '2020-04-17', 2020, 4, 17, 2, 16, 5, NULL),
(20200418, '2020-04-18', 2020, 4, 18, 2, 16, 6, NULL),
(20200419, '2020-04-19', 2020, 4, 19, 2, 16, 7, NULL),
(20200420, '2020-04-20', 2020, 4, 20, 2, 17, 1, NULL),
(20200421, '2020-04-21', 2020, 4, 21, 2, 17, 2, NULL),
(20200422, '2020-04-22', 2020, 4, 22, 2, 17, 3, NULL),
(20200423, '2020-04-23', 2020, 4, 23, 2, 17, 4, NULL),
(20200424, '2020-04-24', 2020, 4, 24, 2, 17, 5, NULL),
(20200425, '2020-04-25', 2020, 4, 25, 2, 17, 6, NULL),
(20200426, '2020-04-26', 2020, 4, 26, 2, 17, 7, NULL),
(20200427, '2020-04-27', 2020, 4, 27, 2, 18, 1, NULL),
(20200428, '2020-04-28', 2020, 4, 28, 2, 18, 2, NULL),
(20200429, '2020-04-29', 2020, 4, 29, 2, 18, 3, NULL),
(20200430, '2020-04-30', 2020, 4, 30, 2, 18, 4, NULL),
(20200501, '2020-05-01', 2020, 5, 1, 2, 18, 5, NULL),
(20200502, '2020-05-02', 2020, 5, 2, 2, 18, 6, NULL),
(20200503, '2020-05-03', 2020, 5, 3, 2, 18, 7, NULL),
(20200504, '2020-05-04', 2020, 5, 4, 2, 19, 1, NULL),
(20200505, '2020-05-05', 2020, 5, 5, 2, 19, 2, NULL),
(20200506, '2020-05-06', 2020, 5, 6, 2, 19, 3, NULL),
(20200507, '2020-05-07', 2020, 5, 7, 2, 19, 4, NULL),
(20200508, '2020-05-08', 2020, 5, 8, 2, 19, 5, NULL),
(20200509, '2020-05-09', 2020, 5, 9, 2, 19, 6, NULL),
(20200510, '2020-05-10', 2020, 5, 10, 2, 19, 7, NULL),
(20200511, '2020-05-11', 2020, 5, 11, 2, 20, 1, NULL),
(20200512, '2020-05-12', 2020, 5, 12, 2, 20, 2, NULL),
(20200513, '2020-05-13', 2020, 5, 13, 2, 20, 3, NULL),
(20200514, '2020-05-14', 2020, 5, 14, 2, 20, 4, NULL),
(20200515, '2020-05-15', 2020, 5, 15, 2, 20, 5, NULL),
(20200516, '2020-05-16', 2020, 5, 16, 2, 20, 6, NULL),
(20200517, '2020-05-17', 2020, 5, 17, 2, 20, 7, NULL),
(20200518, '2020-05-18', 2020, 5, 18, 2, 21, 1, NULL),
(20200519, '2020-05-19', 2020, 5, 19, 2, 21, 2, NULL),
(20200520, '2020-05-20', 2020, 5, 20, 2, 21, 3, NULL),
(20200521, '2020-05-21', 2020, 5, 21, 2, 21, 4, NULL),
(20200522, '2020-05-22', 2020, 5, 22, 2, 21, 5, NULL),
(20200523, '2020-05-23', 2020, 5, 23, 2, 21, 6, NULL),
(20200524, '2020-05-24', 2020, 5, 24, 2, 21, 7, NULL),
(20200525, '2020-05-25', 2020, 5, 25, 2, 22, 1, NULL),
(20200526, '2020-05-26', 2020, 5, 26, 2, 22, 2, NULL),
(20200527, '2020-05-27', 2020, 5, 27, 2, 22, 3, NULL),
(20200528, '2020-05-28', 2020, 5, 28, 2, 22, 4, NULL),
(20200529, '2020-05-29', 2020, 5, 29, 2, 22, 5, NULL),
(20200530, '2020-05-30', 2020, 5, 30, 2, 22, 6, NULL),
(20200531, '2020-05-31', 2020, 5, 31, 2, 22, 7, NULL),
(20200601, '2020-06-01', 2020, 6, 1, 2, 23, 1, NULL),
(20200602, '2020-06-02', 2020, 6, 2, 2, 23, 2, NULL),
(20200603, '2020-06-03', 2020, 6, 3, 2, 23, 3, NULL),
(20200604, '2020-06-04', 2020, 6, 4, 2, 23, 4, NULL),
(20200605, '2020-06-05', 2020, 6, 5, 2, 23, 5, NULL),
(20200606, '2020-06-06', 2020, 6, 6, 2, 23, 6, NULL),
(20200607, '2020-06-07', 2020, 6, 7, 2, 23, 7, NULL),
(20200608, '2020-06-08', 2020, 6, 8, 2, 24, 1, NULL),
(20200609, '2020-06-09', 2020, 6, 9, 2, 24, 2, NULL),
(20200610, '2020-06-10', 2020, 6, 10, 2, 24, 3, NULL),
(20200611, '2020-06-11', 2020, 6, 11, 2, 24, 4, NULL),
(20200612, '2020-06-12', 2020, 6, 12, 2, 24, 5, NULL),
(20200613, '2020-06-13', 2020, 6, 13, 2, 24, 6, NULL),
(20200614, '2020-06-14', 2020, 6, 14, 2, 24, 7, NULL),
(20200615, '2020-06-15', 2020, 6, 15, 2, 25, 1, NULL),
(20200616, '2020-06-16', 2020, 6, 16, 2, 25, 2, NULL),
(20200617, '2020-06-17', 2020, 6, 17, 2, 25, 3, NULL),
(20200618, '2020-06-18', 2020, 6, 18, 2, 25, 4, NULL),
(20200619, '2020-06-19', 2020, 6, 19, 2, 25, 5, NULL),
(20200620, '2020-06-20', 2020, 6, 20, 2, 25, 6, NULL),
(20200621, '2020-06-21', 2020, 6, 21, 2, 25, 7, NULL),
(20200622, '2020-06-22', 2020, 6, 22, 2, 26, 1, NULL),
(20200623, '2020-06-23', 2020, 6, 23, 2, 26, 2, NULL),
(20200624, '2020-06-24', 2020, 6, 24, 2, 26, 3, NULL),
(20200625, '2020-06-25', 2020, 6, 25, 2, 26, 4, NULL),
(20200626, '2020-06-26', 2020, 6, 26, 2, 26, 5, NULL),
(20200627, '2020-06-27', 2020, 6, 27, 2, 26, 6, NULL),
(20200628, '2020-06-28', 2020, 6, 28, 2, 26, 7, NULL),
(20200629, '2020-06-29', 2020, 6, 29, 2, 27, 1, NULL),
(20200630, '2020-06-30', 2020, 6, 30, 2, 27, 2, NULL),
(20200701, '2020-07-01', 2020, 7, 1, 3, 27, 3, NULL),
(20200702, '2020-07-02', 2020, 7, 2, 3, 27, 4, NULL),
(20200703, '2020-07-03', 2020, 7, 3, 3, 27, 5, NULL),
(20200704, '2020-07-04', 2020, 7, 4, 3, 27, 6, NULL),
(20200705, '2020-07-05', 2020, 7, 5, 3, 27, 7, NULL),
(20200706, '2020-07-06', 2020, 7, 6, 3, 28, 1, NULL),
(20200707, '2020-07-07', 2020, 7, 7, 3, 28, 2, NULL),
(20200708, '2020-07-08', 2020, 7, 8, 3, 28, 3, NULL),
(20200709, '2020-07-09', 2020, 7, 9, 3, 28, 4, NULL),
(20200710, '2020-07-10', 2020, 7, 10, 3, 28, 5, NULL),
(20200711, '2020-07-11', 2020, 7, 11, 3, 28, 6, NULL),
(20200712, '2020-07-12', 2020, 7, 12, 3, 28, 7, NULL),
(20200713, '2020-07-13', 2020, 7, 13, 3, 29, 1, NULL),
(20200714, '2020-07-14', 2020, 7, 14, 3, 29, 2, NULL),
(20200715, '2020-07-15', 2020, 7, 15, 3, 29, 3, NULL),
(20200716, '2020-07-16', 2020, 7, 16, 3, 29, 4, NULL),
(20200717, '2020-07-17', 2020, 7, 17, 3, 29, 5, NULL),
(20200718, '2020-07-18', 2020, 7, 18, 3, 29, 6, NULL),
(20200719, '2020-07-19', 2020, 7, 19, 3, 29, 7, NULL),
(20200720, '2020-07-20', 2020, 7, 20, 3, 30, 1, NULL),
(20200721, '2020-07-21', 2020, 7, 21, 3, 30, 2, NULL),
(20200722, '2020-07-22', 2020, 7, 22, 3, 30, 3, NULL),
(20200723, '2020-07-23', 2020, 7, 23, 3, 30, 4, NULL),
(20200724, '2020-07-24', 2020, 7, 24, 3, 30, 5, NULL),
(20200725, '2020-07-25', 2020, 7, 25, 3, 30, 6, NULL),
(20200726, '2020-07-26', 2020, 7, 26, 3, 30, 7, NULL),
(20200727, '2020-07-27', 2020, 7, 27, 3, 31, 1, NULL),
(20200728, '2020-07-28', 2020, 7, 28, 3, 31, 2, NULL),
(20200729, '2020-07-29', 2020, 7, 29, 3, 31, 3, NULL),
(20200730, '2020-07-30', 2020, 7, 30, 3, 31, 4, NULL),
(20200731, '2020-07-31', 2020, 7, 31, 3, 31, 5, NULL),
(20200801, '2020-08-01', 2020, 8, 1, 3, 31, 6, NULL),
(20200802, '2020-08-02', 2020, 8, 2, 3, 31, 7, NULL),
(20200803, '2020-08-03', 2020, 8, 3, 3, 32, 1, NULL),
(20200804, '2020-08-04', 2020, 8, 4, 3, 32, 2, NULL),
(20200805, '2020-08-05', 2020, 8, 5, 3, 32, 3, NULL),
(20200806, '2020-08-06', 2020, 8, 6, 3, 32, 4, NULL),
(20200807, '2020-08-07', 2020, 8, 7, 3, 32, 5, NULL),
(20200808, '2020-08-08', 2020, 8, 8, 3, 32, 6, NULL),
(20200809, '2020-08-09', 2020, 8, 9, 3, 32, 7, NULL),
(20200810, '2020-08-10', 2020, 8, 10, 3, 33, 1, NULL),
(20200811, '2020-08-11', 2020, 8, 11, 3, 33, 2, NULL),
(20200812, '2020-08-12', 2020, 8, 12, 3, 33, 3, NULL),
(20200813, '2020-08-13', 2020, 8, 13, 3, 33, 4, NULL),
(20200814, '2020-08-14', 2020, 8, 14, 3, 33, 5, NULL),
(20200815, '2020-08-15', 2020, 8, 15, 3, 33, 6, NULL),
(20200816, '2020-08-16', 2020, 8, 16, 3, 33, 7, NULL),
(20200817, '2020-08-17', 2020, 8, 17, 3, 34, 1, NULL),
(20200818, '2020-08-18', 2020, 8, 18, 3, 34, 2, NULL),
(20200819, '2020-08-19', 2020, 8, 19, 3, 34, 3, NULL),
(20200820, '2020-08-20', 2020, 8, 20, 3, 34, 4, NULL),
(20200821, '2020-08-21', 2020, 8, 21, 3, 34, 5, NULL),
(20200822, '2020-08-22', 2020, 8, 22, 3, 34, 6, NULL),
(20200823, '2020-08-23', 2020, 8, 23, 3, 34, 7, NULL),
(20200824, '2020-08-24', 2020, 8, 24, 3, 35, 1, NULL),
(20200825, '2020-08-25', 2020, 8, 25, 3, 35, 2, NULL),
(20200826, '2020-08-26', 2020, 8, 26, 3, 35, 3, NULL),
(20200827, '2020-08-27', 2020, 8, 27, 3, 35, 4, NULL),
(20200828, '2020-08-28', 2020, 8, 28, 3, 35, 5, NULL),
(20200829, '2020-08-29', 2020, 8, 29, 3, 35, 6, NULL),
(20200830, '2020-08-30', 2020, 8, 30, 3, 35, 7, NULL),
(20200831, '2020-08-31', 2020, 8, 31, 3, 36, 1, NULL),
(20200901, '2020-09-01', 2020, 9, 1, 3, 36, 2, NULL),
(20200902, '2020-09-02', 2020, 9, 2, 3, 36, 3, NULL),
(20200903, '2020-09-03', 2020, 9, 3, 3, 36, 4, NULL),
(20200904, '2020-09-04', 2020, 9, 4, 3, 36, 5, NULL),
(20200905, '2020-09-05', 2020, 9, 5, 3, 36, 6, NULL),
(20200906, '2020-09-06', 2020, 9, 6, 3, 36, 7, NULL),
(20200907, '2020-09-07', 2020, 9, 7, 3, 37, 1, NULL),
(20200908, '2020-09-08', 2020, 9, 8, 3, 37, 2, NULL),
(20200909, '2020-09-09', 2020, 9, 9, 3, 37, 3, NULL),
(20200910, '2020-09-10', 2020, 9, 10, 3, 37, 4, NULL),
(20200911, '2020-09-11', 2020, 9, 11, 3, 37, 5, NULL),
(20200912, '2020-09-12', 2020, 9, 12, 3, 37, 6, NULL),
(20200913, '2020-09-13', 2020, 9, 13, 3, 37, 7, NULL),
(20200914, '2020-09-14', 2020, 9, 14, 3, 38, 1, NULL),
(20200915, '2020-09-15', 2020, 9, 15, 3, 38, 2, NULL),
(20200916, '2020-09-16', 2020, 9, 16, 3, 38, 3, NULL),
(20200917, '2020-09-17', 2020, 9, 17, 3, 38, 4, NULL),
(20200918, '2020-09-18', 2020, 9, 18, 3, 38, 5, NULL),
(20200919, '2020-09-19', 2020, 9, 19, 3, 38, 6, NULL),
(20200920, '2020-09-20', 2020, 9, 20, 3, 38, 7, NULL),
(20200921, '2020-09-21', 2020, 9, 21, 3, 39, 1, NULL),
(20200922, '2020-09-22', 2020, 9, 22, 3, 39, 2, NULL),
(20200923, '2020-09-23', 2020, 9, 23, 3, 39, 3, NULL),
(20200924, '2020-09-24', 2020, 9, 24, 3, 39, 4, NULL),
(20200925, '2020-09-25', 2020, 9, 25, 3, 39, 5, NULL),
(20200926, '2020-09-26', 2020, 9, 26, 3, 39, 6, NULL),
(20200927, '2020-09-27', 2020, 9, 27, 3, 39, 7, NULL),
(20200928, '2020-09-28', 2020, 9, 28, 3, 40, 1, NULL),
(20200929, '2020-09-29', 2020, 9, 29, 3, 40, 2, NULL),
(20200930, '2020-09-30', 2020, 9, 30, 3, 40, 3, NULL),
(20201001, '2020-10-01', 2020, 10, 1, 4, 40, 4, NULL),
(20201002, '2020-10-02', 2020, 10, 2, 4, 40, 5, NULL),
(20201003, '2020-10-03', 2020, 10, 3, 4, 40, 6, NULL),
(20201004, '2020-10-04', 2020, 10, 4, 4, 40, 7, NULL),
(20201005, '2020-10-05', 2020, 10, 5, 4, 41, 1, NULL),
(20201006, '2020-10-06', 2020, 10, 6, 4, 41, 2, NULL),
(20201007, '2020-10-07', 2020, 10, 7, 4, 41, 3, NULL),
(20201008, '2020-10-08', 2020, 10, 8, 4, 41, 4, NULL),
(20201009, '2020-10-09', 2020, 10, 9, 4, 41, 5, NULL),
(20201010, '2020-10-10', 2020, 10, 10, 4, 41, 6, NULL),
(20201011, '2020-10-11', 2020, 10, 11, 4, 41, 7, NULL),
(20201012, '2020-10-12', 2020, 10, 12, 4, 42, 1, NULL),
(20201013, '2020-10-13', 2020, 10, 13, 4, 42, 2, NULL),
(20201014, '2020-10-14', 2020, 10, 14, 4, 42, 3, NULL),
(20201015, '2020-10-15', 2020, 10, 15, 4, 42, 4, NULL),
(20201016, '2020-10-16', 2020, 10, 16, 4, 42, 5, NULL),
(20201017, '2020-10-17', 2020, 10, 17, 4, 42, 6, NULL),
(20201018, '2020-10-18', 2020, 10, 18, 4, 42, 7, NULL),
(20201019, '2020-10-19', 2020, 10, 19, 4, 43, 1, NULL),
(20201020, '2020-10-20', 2020, 10, 20, 4, 43, 2, NULL),
(20201021, '2020-10-21', 2020, 10, 21, 4, 43, 3, NULL),
(20201022, '2020-10-22', 2020, 10, 22, 4, 43, 4, NULL),
(20201023, '2020-10-23', 2020, 10, 23, 4, 43, 5, NULL),
(20201024, '2020-10-24', 2020, 10, 24, 4, 43, 6, NULL),
(20201025, '2020-10-25', 2020, 10, 25, 4, 43, 7, NULL),
(20201026, '2020-10-26', 2020, 10, 26, 4, 44, 1, NULL),
(20201027, '2020-10-27', 2020, 10, 27, 4, 44, 2, NULL),
(20201028, '2020-10-28', 2020, 10, 28, 4, 44, 3, NULL),
(20201029, '2020-10-29', 2020, 10, 29, 4, 44, 4, NULL),
(20201030, '2020-10-30', 2020, 10, 30, 4, 44, 5, NULL),
(20201031, '2020-10-31', 2020, 10, 31, 4, 44, 6, NULL),
(20201101, '2020-11-01', 2020, 11, 1, 4, 44, 7, NULL),
(20201102, '2020-11-02', 2020, 11, 2, 4, 45, 1, NULL),
(20201103, '2020-11-03', 2020, 11, 3, 4, 45, 2, NULL),
(20201104, '2020-11-04', 2020, 11, 4, 4, 45, 3, NULL),
(20201105, '2020-11-05', 2020, 11, 5, 4, 45, 4, NULL),
(20201106, '2020-11-06', 2020, 11, 6, 4, 45, 5, NULL),
(20201107, '2020-11-07', 2020, 11, 7, 4, 45, 6, NULL),
(20201108, '2020-11-08', 2020, 11, 8, 4, 45, 7, NULL),
(20201109, '2020-11-09', 2020, 11, 9, 4, 46, 1, NULL),
(20201110, '2020-11-10', 2020, 11, 10, 4, 46, 2, NULL),
(20201111, '2020-11-11', 2020, 11, 11, 4, 46, 3, NULL),
(20201112, '2020-11-12', 2020, 11, 12, 4, 46, 4, NULL),
(20201113, '2020-11-13', 2020, 11, 13, 4, 46, 5, NULL),
(20201114, '2020-11-14', 2020, 11, 14, 4, 46, 6, NULL),
(20201115, '2020-11-15', 2020, 11, 15, 4, 46, 7, NULL),
(20201116, '2020-11-16', 2020, 11, 16, 4, 47, 1, NULL),
(20201117, '2020-11-17', 2020, 11, 17, 4, 47, 2, NULL),
(20201118, '2020-11-18', 2020, 11, 18, 4, 47, 3, NULL),
(20201119, '2020-11-19', 2020, 11, 19, 4, 47, 4, NULL),
(20201120, '2020-11-20', 2020, 11, 20, 4, 47, 5, NULL),
(20201121, '2020-11-21', 2020, 11, 21, 4, 47, 6, NULL),
(20201122, '2020-11-22', 2020, 11, 22, 4, 47, 7, NULL),
(20201123, '2020-11-23', 2020, 11, 23, 4, 48, 1, NULL),
(20201124, '2020-11-24', 2020, 11, 24, 4, 48, 2, NULL),
(20201125, '2020-11-25', 2020, 11, 25, 4, 48, 3, NULL),
(20201126, '2020-11-26', 2020, 11, 26, 4, 48, 4, NULL),
(20201127, '2020-11-27', 2020, 11, 27, 4, 48, 5, NULL),
(20201128, '2020-11-28', 2020, 11, 28, 4, 48, 6, NULL),
(20201129, '2020-11-29', 2020, 11, 29, 4, 48, 7, NULL),
(20201130, '2020-11-30', 2020, 11, 30, 4, 49, 1, NULL),
(20201201, '2020-12-01', 2020, 12, 1, 4, 49, 2, NULL),
(20201202, '2020-12-02', 2020, 12, 2, 4, 49, 3, NULL),
(20201203, '2020-12-03', 2020, 12, 3, 4, 49, 4, NULL),
(20201204, '2020-12-04', 2020, 12, 4, 4, 49, 5, NULL),
(20201205, '2020-12-05', 2020, 12, 5, 4, 49, 6, NULL),
(20201206, '2020-12-06', 2020, 12, 6, 4, 49, 7, NULL),
(20201207, '2020-12-07', 2020, 12, 7, 4, 50, 1, NULL),
(20201208, '2020-12-08', 2020, 12, 8, 4, 50, 2, NULL),
(20201209, '2020-12-09', 2020, 12, 9, 4, 50, 3, NULL),
(20201210, '2020-12-10', 2020, 12, 10, 4, 50, 4, NULL),
(20201211, '2020-12-11', 2020, 12, 11, 4, 50, 5, NULL),
(20201212, '2020-12-12', 2020, 12, 12, 4, 50, 6, NULL),
(20201213, '2020-12-13', 2020, 12, 13, 4, 50, 7, NULL),
(20201214, '2020-12-14', 2020, 12, 14, 4, 51, 1, NULL),
(20201215, '2020-12-15', 2020, 12, 15, 4, 51, 2, NULL),
(20201216, '2020-12-16', 2020, 12, 16, 4, 51, 3, NULL),
(20201217, '2020-12-17', 2020, 12, 17, 4, 51, 4, NULL),
(20201218, '2020-12-18', 2020, 12, 18, 4, 51, 5, NULL),
(20201219, '2020-12-19', 2020, 12, 19, 4, 51, 6, NULL),
(20201220, '2020-12-20', 2020, 12, 20, 4, 51, 7, NULL),
(20201221, '2020-12-21', 2020, 12, 21, 4, 52, 1, NULL),
(20201222, '2020-12-22', 2020, 12, 22, 4, 52, 2, NULL),
(20201223, '2020-12-23', 2020, 12, 23, 4, 52, 3, NULL),
(20201224, '2020-12-24', 2020, 12, 24, 4, 52, 4, NULL),
(20201225, '2020-12-25', 2020, 12, 25, 4, 52, 5, NULL),
(20201226, '2020-12-26', 2020, 12, 26, 4, 52, 6, NULL),
(20201227, '2020-12-27', 2020, 12, 27, 4, 52, 7, NULL),
(20201228, '2020-12-28', 2020, 12, 28, 4, 53, 1, NULL),
(20201229, '2020-12-29', 2020, 12, 29, 4, 53, 2, NULL),
(20201230, '2020-12-30', 2020, 12, 30, 4, 53, 3, NULL),
(20201231, '2020-12-31', 2020, 12, 31, 4, 53, 4, NULL),
(20210101, '2021-01-01', 2021, 1, 1, 1, 53, 5, NULL),
(20210102, '2021-01-02', 2021, 1, 2, 1, 53, 6, NULL),
(20210103, '2021-01-03', 2021, 1, 3, 1, 53, 7, NULL),
(20210104, '2021-01-04', 2021, 1, 4, 1, 1, 1, NULL),
(20210105, '2021-01-05', 2021, 1, 5, 1, 1, 2, NULL),
(20210106, '2021-01-06', 2021, 1, 6, 1, 1, 3, NULL),
(20210107, '2021-01-07', 2021, 1, 7, 1, 1, 4, NULL),
(20210108, '2021-01-08', 2021, 1, 8, 1, 1, 5, NULL),
(20210109, '2021-01-09', 2021, 1, 9, 1, 1, 6, NULL),
(20210110, '2021-01-10', 2021, 1, 10, 1, 1, 7, NULL),
(20210111, '2021-01-11', 2021, 1, 11, 1, 2, 1, NULL),
(20210112, '2021-01-12', 2021, 1, 12, 1, 2, 2, NULL),
(20210113, '2021-01-13', 2021, 1, 13, 1, 2, 3, NULL),
(20210114, '2021-01-14', 2021, 1, 14, 1, 2, 4, NULL),
(20210115, '2021-01-15', 2021, 1, 15, 1, 2, 5, NULL),
(20210116, '2021-01-16', 2021, 1, 16, 1, 2, 6, NULL),
(20210117, '2021-01-17', 2021, 1, 17, 1, 2, 7, NULL),
(20210118, '2021-01-18', 2021, 1, 18, 1, 3, 1, NULL),
(20210119, '2021-01-19', 2021, 1, 19, 1, 3, 2, NULL),
(20210120, '2021-01-20', 2021, 1, 20, 1, 3, 3, NULL),
(20210121, '2021-01-21', 2021, 1, 21, 1, 3, 4, NULL),
(20210122, '2021-01-22', 2021, 1, 22, 1, 3, 5, NULL),
(20210123, '2021-01-23', 2021, 1, 23, 1, 3, 6, NULL),
(20210124, '2021-01-24', 2021, 1, 24, 1, 3, 7, NULL),
(20210125, '2021-01-25', 2021, 1, 25, 1, 4, 1, NULL),
(20210126, '2021-01-26', 2021, 1, 26, 1, 4, 2, NULL),
(20210127, '2021-01-27', 2021, 1, 27, 1, 4, 3, NULL),
(20210128, '2021-01-28', 2021, 1, 28, 1, 4, 4, NULL),
(20210129, '2021-01-29', 2021, 1, 29, 1, 4, 5, NULL),
(20210130, '2021-01-30', 2021, 1, 30, 1, 4, 6, NULL),
(20210131, '2021-01-31', 2021, 1, 31, 1, 4, 7, NULL),
(20210201, '2021-02-01', 2021, 2, 1, 1, 5, 1, NULL),
(20210202, '2021-02-02', 2021, 2, 2, 1, 5, 2, NULL),
(20210203, '2021-02-03', 2021, 2, 3, 1, 5, 3, NULL),
(20210204, '2021-02-04', 2021, 2, 4, 1, 5, 4, NULL),
(20210205, '2021-02-05', 2021, 2, 5, 1, 5, 5, NULL),
(20210206, '2021-02-06', 2021, 2, 6, 1, 5, 6, NULL),
(20210207, '2021-02-07', 2021, 2, 7, 1, 5, 7, NULL),
(20210208, '2021-02-08', 2021, 2, 8, 1, 6, 1, NULL),
(20210209, '2021-02-09', 2021, 2, 9, 1, 6, 2, NULL),
(20210210, '2021-02-10', 2021, 2, 10, 1, 6, 3, NULL),
(20210211, '2021-02-11', 2021, 2, 11, 1, 6, 4, NULL),
(20210212, '2021-02-12', 2021, 2, 12, 1, 6, 5, NULL),
(20210213, '2021-02-13', 2021, 2, 13, 1, 6, 6, NULL),
(20210214, '2021-02-14', 2021, 2, 14, 1, 6, 7, NULL),
(20210215, '2021-02-15', 2021, 2, 15, 1, 7, 1, NULL),
(20210216, '2021-02-16', 2021, 2, 16, 1, 7, 2, NULL),
(20210217, '2021-02-17', 2021, 2, 17, 1, 7, 3, NULL),
(20210218, '2021-02-18', 2021, 2, 18, 1, 7, 4, NULL),
(20210219, '2021-02-19', 2021, 2, 19, 1, 7, 5, NULL),
(20210220, '2021-02-20', 2021, 2, 20, 1, 7, 6, NULL),
(20210221, '2021-02-21', 2021, 2, 21, 1, 7, 7, NULL),
(20210222, '2021-02-22', 2021, 2, 22, 1, 8, 1, NULL),
(20210223, '2021-02-23', 2021, 2, 23, 1, 8, 2, NULL),
(20210224, '2021-02-24', 2021, 2, 24, 1, 8, 3, NULL),
(20210225, '2021-02-25', 2021, 2, 25, 1, 8, 4, NULL),
(20210226, '2021-02-26', 2021, 2, 26, 1, 8, 5, NULL),
(20210227, '2021-02-27', 2021, 2, 27, 1, 8, 6, NULL),
(20210228, '2021-02-28', 2021, 2, 28, 1, 8, 7, NULL),
(20210301, '2021-03-01', 2021, 3, 1, 1, 9, 1, NULL),
(20210302, '2021-03-02', 2021, 3, 2, 1, 9, 2, NULL),
(20210303, '2021-03-03', 2021, 3, 3, 1, 9, 3, NULL),
(20210304, '2021-03-04', 2021, 3, 4, 1, 9, 4, NULL),
(20210305, '2021-03-05', 2021, 3, 5, 1, 9, 5, NULL),
(20210306, '2021-03-06', 2021, 3, 6, 1, 9, 6, NULL),
(20210307, '2021-03-07', 2021, 3, 7, 1, 9, 7, NULL),
(20210308, '2021-03-08', 2021, 3, 8, 1, 10, 1, NULL),
(20210309, '2021-03-09', 2021, 3, 9, 1, 10, 2, NULL),
(20210310, '2021-03-10', 2021, 3, 10, 1, 10, 3, NULL),
(20210311, '2021-03-11', 2021, 3, 11, 1, 10, 4, NULL),
(20210312, '2021-03-12', 2021, 3, 12, 1, 10, 5, NULL),
(20210313, '2021-03-13', 2021, 3, 13, 1, 10, 6, NULL),
(20210314, '2021-03-14', 2021, 3, 14, 1, 10, 7, NULL),
(20210315, '2021-03-15', 2021, 3, 15, 1, 11, 1, NULL),
(20210316, '2021-03-16', 2021, 3, 16, 1, 11, 2, NULL),
(20210317, '2021-03-17', 2021, 3, 17, 1, 11, 3, NULL),
(20210318, '2021-03-18', 2021, 3, 18, 1, 11, 4, NULL),
(20210319, '2021-03-19', 2021, 3, 19, 1, 11, 5, NULL),
(20210320, '2021-03-20', 2021, 3, 20, 1, 11, 6, NULL),
(20210321, '2021-03-21', 2021, 3, 21, 1, 11, 7, NULL),
(20210322, '2021-03-22', 2021, 3, 22, 1, 12, 1, NULL),
(20210323, '2021-03-23', 2021, 3, 23, 1, 12, 2, NULL),
(20210324, '2021-03-24', 2021, 3, 24, 1, 12, 3, NULL),
(20210325, '2021-03-25', 2021, 3, 25, 1, 12, 4, NULL),
(20210326, '2021-03-26', 2021, 3, 26, 1, 12, 5, NULL),
(20210327, '2021-03-27', 2021, 3, 27, 1, 12, 6, NULL),
(20210328, '2021-03-28', 2021, 3, 28, 1, 12, 7, NULL),
(20210329, '2021-03-29', 2021, 3, 29, 1, 13, 1, NULL),
(20210330, '2021-03-30', 2021, 3, 30, 1, 13, 2, NULL),
(20210331, '2021-03-31', 2021, 3, 31, 1, 13, 3, NULL),
(20210401, '2021-04-01', 2021, 4, 1, 2, 13, 4, NULL),
(20210402, '2021-04-02', 2021, 4, 2, 2, 13, 5, NULL),
(20210403, '2021-04-03', 2021, 4, 3, 2, 13, 6, NULL),
(20210404, '2021-04-04', 2021, 4, 4, 2, 13, 7, NULL),
(20210405, '2021-04-05', 2021, 4, 5, 2, 14, 1, NULL),
(20210406, '2021-04-06', 2021, 4, 6, 2, 14, 2, NULL),
(20210407, '2021-04-07', 2021, 4, 7, 2, 14, 3, NULL),
(20210408, '2021-04-08', 2021, 4, 8, 2, 14, 4, NULL),
(20210409, '2021-04-09', 2021, 4, 9, 2, 14, 5, NULL),
(20210410, '2021-04-10', 2021, 4, 10, 2, 14, 6, NULL),
(20210411, '2021-04-11', 2021, 4, 11, 2, 14, 7, NULL),
(20210412, '2021-04-12', 2021, 4, 12, 2, 15, 1, NULL),
(20210413, '2021-04-13', 2021, 4, 13, 2, 15, 2, NULL),
(20210414, '2021-04-14', 2021, 4, 14, 2, 15, 3, NULL),
(20210415, '2021-04-15', 2021, 4, 15, 2, 15, 4, NULL),
(20210416, '2021-04-16', 2021, 4, 16, 2, 15, 5, NULL),
(20210417, '2021-04-17', 2021, 4, 17, 2, 15, 6, NULL),
(20210418, '2021-04-18', 2021, 4, 18, 2, 15, 7, NULL),
(20210419, '2021-04-19', 2021, 4, 19, 2, 16, 1, NULL),
(20210420, '2021-04-20', 2021, 4, 20, 2, 16, 2, NULL),
(20210421, '2021-04-21', 2021, 4, 21, 2, 16, 3, NULL),
(20210422, '2021-04-22', 2021, 4, 22, 2, 16, 4, NULL),
(20210423, '2021-04-23', 2021, 4, 23, 2, 16, 5, NULL),
(20210424, '2021-04-24', 2021, 4, 24, 2, 16, 6, NULL),
(20210425, '2021-04-25', 2021, 4, 25, 2, 16, 7, NULL),
(20210426, '2021-04-26', 2021, 4, 26, 2, 17, 1, NULL),
(20210427, '2021-04-27', 2021, 4, 27, 2, 17, 2, NULL),
(20210428, '2021-04-28', 2021, 4, 28, 2, 17, 3, NULL),
(20210429, '2021-04-29', 2021, 4, 29, 2, 17, 4, NULL),
(20210430, '2021-04-30', 2021, 4, 30, 2, 17, 5, NULL),
(20210501, '2021-05-01', 2021, 5, 1, 2, 17, 6, NULL),
(20210502, '2021-05-02', 2021, 5, 2, 2, 17, 7, NULL),
(20210503, '2021-05-03', 2021, 5, 3, 2, 18, 1, NULL),
(20210504, '2021-05-04', 2021, 5, 4, 2, 18, 2, NULL),
(20210505, '2021-05-05', 2021, 5, 5, 2, 18, 3, NULL),
(20210506, '2021-05-06', 2021, 5, 6, 2, 18, 4, NULL),
(20210507, '2021-05-07', 2021, 5, 7, 2, 18, 5, NULL),
(20210508, '2021-05-08', 2021, 5, 8, 2, 18, 6, NULL),
(20210509, '2021-05-09', 2021, 5, 9, 2, 18, 7, NULL),
(20210510, '2021-05-10', 2021, 5, 10, 2, 19, 1, NULL),
(20210511, '2021-05-11', 2021, 5, 11, 2, 19, 2, NULL),
(20210512, '2021-05-12', 2021, 5, 12, 2, 19, 3, NULL),
(20210513, '2021-05-13', 2021, 5, 13, 2, 19, 4, NULL),
(20210514, '2021-05-14', 2021, 5, 14, 2, 19, 5, NULL),
(20210515, '2021-05-15', 2021, 5, 15, 2, 19, 6, NULL),
(20210516, '2021-05-16', 2021, 5, 16, 2, 19, 7, NULL),
(20210517, '2021-05-17', 2021, 5, 17, 2, 20, 1, NULL),
(20210518, '2021-05-18', 2021, 5, 18, 2, 20, 2, NULL),
(20210519, '2021-05-19', 2021, 5, 19, 2, 20, 3, NULL),
(20210520, '2021-05-20', 2021, 5, 20, 2, 20, 4, NULL),
(20210521, '2021-05-21', 2021, 5, 21, 2, 20, 5, NULL),
(20210522, '2021-05-22', 2021, 5, 22, 2, 20, 6, NULL),
(20210523, '2021-05-23', 2021, 5, 23, 2, 20, 7, NULL),
(20210524, '2021-05-24', 2021, 5, 24, 2, 21, 1, NULL),
(20210525, '2021-05-25', 2021, 5, 25, 2, 21, 2, NULL),
(20210526, '2021-05-26', 2021, 5, 26, 2, 21, 3, NULL),
(20210527, '2021-05-27', 2021, 5, 27, 2, 21, 4, NULL),
(20210528, '2021-05-28', 2021, 5, 28, 2, 21, 5, NULL),
(20210529, '2021-05-29', 2021, 5, 29, 2, 21, 6, NULL),
(20210530, '2021-05-30', 2021, 5, 30, 2, 21, 7, NULL),
(20210531, '2021-05-31', 2021, 5, 31, 2, 22, 1, NULL),
(20210601, '2021-06-01', 2021, 6, 1, 2, 22, 2, NULL),
(20210602, '2021-06-02', 2021, 6, 2, 2, 22, 3, NULL),
(20210603, '2021-06-03', 2021, 6, 3, 2, 22, 4, NULL),
(20210604, '2021-06-04', 2021, 6, 4, 2, 22, 5, NULL),
(20210605, '2021-06-05', 2021, 6, 5, 2, 22, 6, NULL),
(20210606, '2021-06-06', 2021, 6, 6, 2, 22, 7, NULL),
(20210607, '2021-06-07', 2021, 6, 7, 2, 23, 1, NULL),
(20210608, '2021-06-08', 2021, 6, 8, 2, 23, 2, NULL),
(20210609, '2021-06-09', 2021, 6, 9, 2, 23, 3, NULL),
(20210610, '2021-06-10', 2021, 6, 10, 2, 23, 4, NULL),
(20210611, '2021-06-11', 2021, 6, 11, 2, 23, 5, NULL),
(20210612, '2021-06-12', 2021, 6, 12, 2, 23, 6, NULL),
(20210613, '2021-06-13', 2021, 6, 13, 2, 23, 7, NULL),
(20210614, '2021-06-14', 2021, 6, 14, 2, 24, 1, NULL),
(20210615, '2021-06-15', 2021, 6, 15, 2, 24, 2, NULL),
(20210616, '2021-06-16', 2021, 6, 16, 2, 24, 3, NULL),
(20210617, '2021-06-17', 2021, 6, 17, 2, 24, 4, NULL),
(20210618, '2021-06-18', 2021, 6, 18, 2, 24, 5, NULL),
(20210619, '2021-06-19', 2021, 6, 19, 2, 24, 6, NULL),
(20210620, '2021-06-20', 2021, 6, 20, 2, 24, 7, NULL),
(20210621, '2021-06-21', 2021, 6, 21, 2, 25, 1, NULL),
(20210622, '2021-06-22', 2021, 6, 22, 2, 25, 2, NULL),
(20210623, '2021-06-23', 2021, 6, 23, 2, 25, 3, NULL),
(20210624, '2021-06-24', 2021, 6, 24, 2, 25, 4, NULL),
(20210625, '2021-06-25', 2021, 6, 25, 2, 25, 5, NULL),
(20210626, '2021-06-26', 2021, 6, 26, 2, 25, 6, NULL),
(20210627, '2021-06-27', 2021, 6, 27, 2, 25, 7, NULL),
(20210628, '2021-06-28', 2021, 6, 28, 2, 26, 1, NULL),
(20210629, '2021-06-29', 2021, 6, 29, 2, 26, 2, NULL),
(20210630, '2021-06-30', 2021, 6, 30, 2, 26, 3, NULL),
(20210701, '2021-07-01', 2021, 7, 1, 3, 26, 4, NULL),
(20210702, '2021-07-02', 2021, 7, 2, 3, 26, 5, NULL),
(20210703, '2021-07-03', 2021, 7, 3, 3, 26, 6, NULL),
(20210704, '2021-07-04', 2021, 7, 4, 3, 26, 7, NULL),
(20210705, '2021-07-05', 2021, 7, 5, 3, 27, 1, NULL),
(20210706, '2021-07-06', 2021, 7, 6, 3, 27, 2, NULL),
(20210707, '2021-07-07', 2021, 7, 7, 3, 27, 3, NULL),
(20210708, '2021-07-08', 2021, 7, 8, 3, 27, 4, NULL),
(20210709, '2021-07-09', 2021, 7, 9, 3, 27, 5, NULL),
(20210710, '2021-07-10', 2021, 7, 10, 3, 27, 6, NULL),
(20210711, '2021-07-11', 2021, 7, 11, 3, 27, 7, NULL),
(20210712, '2021-07-12', 2021, 7, 12, 3, 28, 1, NULL),
(20210713, '2021-07-13', 2021, 7, 13, 3, 28, 2, NULL),
(20210714, '2021-07-14', 2021, 7, 14, 3, 28, 3, NULL),
(20210715, '2021-07-15', 2021, 7, 15, 3, 28, 4, NULL),
(20210716, '2021-07-16', 2021, 7, 16, 3, 28, 5, NULL),
(20210717, '2021-07-17', 2021, 7, 17, 3, 28, 6, NULL),
(20210718, '2021-07-18', 2021, 7, 18, 3, 28, 7, NULL),
(20210719, '2021-07-19', 2021, 7, 19, 3, 29, 1, NULL),
(20210720, '2021-07-20', 2021, 7, 20, 3, 29, 2, NULL),
(20210721, '2021-07-21', 2021, 7, 21, 3, 29, 3, NULL),
(20210722, '2021-07-22', 2021, 7, 22, 3, 29, 4, NULL),
(20210723, '2021-07-23', 2021, 7, 23, 3, 29, 5, NULL),
(20210724, '2021-07-24', 2021, 7, 24, 3, 29, 6, NULL),
(20210725, '2021-07-25', 2021, 7, 25, 3, 29, 7, NULL),
(20210726, '2021-07-26', 2021, 7, 26, 3, 30, 1, NULL),
(20210727, '2021-07-27', 2021, 7, 27, 3, 30, 2, NULL),
(20210728, '2021-07-28', 2021, 7, 28, 3, 30, 3, NULL),
(20210729, '2021-07-29', 2021, 7, 29, 3, 30, 4, NULL),
(20210730, '2021-07-30', 2021, 7, 30, 3, 30, 5, NULL),
(20210731, '2021-07-31', 2021, 7, 31, 3, 30, 6, NULL),
(20210801, '2021-08-01', 2021, 8, 1, 3, 30, 7, NULL),
(20210802, '2021-08-02', 2021, 8, 2, 3, 31, 1, NULL),
(20210803, '2021-08-03', 2021, 8, 3, 3, 31, 2, NULL),
(20210804, '2021-08-04', 2021, 8, 4, 3, 31, 3, NULL),
(20210805, '2021-08-05', 2021, 8, 5, 3, 31, 4, NULL),
(20210806, '2021-08-06', 2021, 8, 6, 3, 31, 5, NULL),
(20210807, '2021-08-07', 2021, 8, 7, 3, 31, 6, NULL),
(20210808, '2021-08-08', 2021, 8, 8, 3, 31, 7, NULL),
(20210809, '2021-08-09', 2021, 8, 9, 3, 32, 1, NULL),
(20210810, '2021-08-10', 2021, 8, 10, 3, 32, 2, NULL),
(20210811, '2021-08-11', 2021, 8, 11, 3, 32, 3, NULL),
(20210812, '2021-08-12', 2021, 8, 12, 3, 32, 4, NULL),
(20210813, '2021-08-13', 2021, 8, 13, 3, 32, 5, NULL),
(20210814, '2021-08-14', 2021, 8, 14, 3, 32, 6, NULL),
(20210815, '2021-08-15', 2021, 8, 15, 3, 32, 7, NULL),
(20210816, '2021-08-16', 2021, 8, 16, 3, 33, 1, NULL),
(20210817, '2021-08-17', 2021, 8, 17, 3, 33, 2, NULL),
(20210818, '2021-08-18', 2021, 8, 18, 3, 33, 3, NULL),
(20210819, '2021-08-19', 2021, 8, 19, 3, 33, 4, NULL),
(20210820, '2021-08-20', 2021, 8, 20, 3, 33, 5, NULL),
(20210821, '2021-08-21', 2021, 8, 21, 3, 33, 6, NULL),
(20210822, '2021-08-22', 2021, 8, 22, 3, 33, 7, NULL),
(20210823, '2021-08-23', 2021, 8, 23, 3, 34, 1, NULL),
(20210824, '2021-08-24', 2021, 8, 24, 3, 34, 2, NULL),
(20210825, '2021-08-25', 2021, 8, 25, 3, 34, 3, NULL),
(20210826, '2021-08-26', 2021, 8, 26, 3, 34, 4, NULL),
(20210827, '2021-08-27', 2021, 8, 27, 3, 34, 5, NULL),
(20210828, '2021-08-28', 2021, 8, 28, 3, 34, 6, NULL),
(20210829, '2021-08-29', 2021, 8, 29, 3, 34, 7, NULL),
(20210830, '2021-08-30', 2021, 8, 30, 3, 35, 1, NULL),
(20210831, '2021-08-31', 2021, 8, 31, 3, 35, 2, NULL),
(20210901, '2021-09-01', 2021, 9, 1, 3, 35, 3, NULL),
(20210902, '2021-09-02', 2021, 9, 2, 3, 35, 4, NULL),
(20210903, '2021-09-03', 2021, 9, 3, 3, 35, 5, NULL),
(20210904, '2021-09-04', 2021, 9, 4, 3, 35, 6, NULL),
(20210905, '2021-09-05', 2021, 9, 5, 3, 35, 7, NULL),
(20210906, '2021-09-06', 2021, 9, 6, 3, 36, 1, NULL),
(20210907, '2021-09-07', 2021, 9, 7, 3, 36, 2, NULL),
(20210908, '2021-09-08', 2021, 9, 8, 3, 36, 3, NULL),
(20210909, '2021-09-09', 2021, 9, 9, 3, 36, 4, NULL),
(20210910, '2021-09-10', 2021, 9, 10, 3, 36, 5, NULL),
(20210911, '2021-09-11', 2021, 9, 11, 3, 36, 6, NULL),
(20210912, '2021-09-12', 2021, 9, 12, 3, 36, 7, NULL),
(20210913, '2021-09-13', 2021, 9, 13, 3, 37, 1, NULL),
(20210914, '2021-09-14', 2021, 9, 14, 3, 37, 2, NULL),
(20210915, '2021-09-15', 2021, 9, 15, 3, 37, 3, NULL),
(20210916, '2021-09-16', 2021, 9, 16, 3, 37, 4, NULL),
(20210917, '2021-09-17', 2021, 9, 17, 3, 37, 5, NULL),
(20210918, '2021-09-18', 2021, 9, 18, 3, 37, 6, NULL),
(20210919, '2021-09-19', 2021, 9, 19, 3, 37, 7, NULL),
(20210920, '2021-09-20', 2021, 9, 20, 3, 38, 1, NULL),
(20210921, '2021-09-21', 2021, 9, 21, 3, 38, 2, NULL),
(20210922, '2021-09-22', 2021, 9, 22, 3, 38, 3, NULL),
(20210923, '2021-09-23', 2021, 9, 23, 3, 38, 4, NULL),
(20210924, '2021-09-24', 2021, 9, 24, 3, 38, 5, NULL),
(20210925, '2021-09-25', 2021, 9, 25, 3, 38, 6, NULL),
(20210926, '2021-09-26', 2021, 9, 26, 3, 38, 7, NULL),
(20210927, '2021-09-27', 2021, 9, 27, 3, 39, 1, NULL),
(20210928, '2021-09-28', 2021, 9, 28, 3, 39, 2, NULL),
(20210929, '2021-09-29', 2021, 9, 29, 3, 39, 3, NULL),
(20210930, '2021-09-30', 2021, 9, 30, 3, 39, 4, NULL),
(20211001, '2021-10-01', 2021, 10, 1, 4, 39, 5, NULL),
(20211002, '2021-10-02', 2021, 10, 2, 4, 39, 6, NULL),
(20211003, '2021-10-03', 2021, 10, 3, 4, 39, 7, NULL),
(20211004, '2021-10-04', 2021, 10, 4, 4, 40, 1, NULL),
(20211005, '2021-10-05', 2021, 10, 5, 4, 40, 2, NULL),
(20211006, '2021-10-06', 2021, 10, 6, 4, 40, 3, NULL),
(20211007, '2021-10-07', 2021, 10, 7, 4, 40, 4, NULL),
(20211008, '2021-10-08', 2021, 10, 8, 4, 40, 5, NULL),
(20211009, '2021-10-09', 2021, 10, 9, 4, 40, 6, NULL),
(20211010, '2021-10-10', 2021, 10, 10, 4, 40, 7, NULL),
(20211011, '2021-10-11', 2021, 10, 11, 4, 41, 1, NULL),
(20211012, '2021-10-12', 2021, 10, 12, 4, 41, 2, NULL),
(20211013, '2021-10-13', 2021, 10, 13, 4, 41, 3, NULL),
(20211014, '2021-10-14', 2021, 10, 14, 4, 41, 4, NULL),
(20211015, '2021-10-15', 2021, 10, 15, 4, 41, 5, NULL),
(20211016, '2021-10-16', 2021, 10, 16, 4, 41, 6, NULL),
(20211017, '2021-10-17', 2021, 10, 17, 4, 41, 7, NULL),
(20211018, '2021-10-18', 2021, 10, 18, 4, 42, 1, NULL),
(20211019, '2021-10-19', 2021, 10, 19, 4, 42, 2, NULL),
(20211020, '2021-10-20', 2021, 10, 20, 4, 42, 3, NULL),
(20211021, '2021-10-21', 2021, 10, 21, 4, 42, 4, NULL),
(20211022, '2021-10-22', 2021, 10, 22, 4, 42, 5, NULL),
(20211023, '2021-10-23', 2021, 10, 23, 4, 42, 6, NULL),
(20211024, '2021-10-24', 2021, 10, 24, 4, 42, 7, NULL),
(20211025, '2021-10-25', 2021, 10, 25, 4, 43, 1, NULL),
(20211026, '2021-10-26', 2021, 10, 26, 4, 43, 2, NULL),
(20211027, '2021-10-27', 2021, 10, 27, 4, 43, 3, NULL),
(20211028, '2021-10-28', 2021, 10, 28, 4, 43, 4, NULL),
(20211029, '2021-10-29', 2021, 10, 29, 4, 43, 5, NULL),
(20211030, '2021-10-30', 2021, 10, 30, 4, 43, 6, NULL),
(20211031, '2021-10-31', 2021, 10, 31, 4, 43, 7, NULL),
(20211101, '2021-11-01', 2021, 11, 1, 4, 44, 1, NULL),
(20211102, '2021-11-02', 2021, 11, 2, 4, 44, 2, NULL),
(20211103, '2021-11-03', 2021, 11, 3, 4, 44, 3, NULL),
(20211104, '2021-11-04', 2021, 11, 4, 4, 44, 4, NULL),
(20211105, '2021-11-05', 2021, 11, 5, 4, 44, 5, NULL),
(20211106, '2021-11-06', 2021, 11, 6, 4, 44, 6, NULL),
(20211107, '2021-11-07', 2021, 11, 7, 4, 44, 7, NULL),
(20211108, '2021-11-08', 2021, 11, 8, 4, 45, 1, NULL),
(20211109, '2021-11-09', 2021, 11, 9, 4, 45, 2, NULL),
(20211110, '2021-11-10', 2021, 11, 10, 4, 45, 3, NULL),
(20211111, '2021-11-11', 2021, 11, 11, 4, 45, 4, NULL),
(20211112, '2021-11-12', 2021, 11, 12, 4, 45, 5, NULL),
(20211113, '2021-11-13', 2021, 11, 13, 4, 45, 6, NULL),
(20211114, '2021-11-14', 2021, 11, 14, 4, 45, 7, NULL),
(20211115, '2021-11-15', 2021, 11, 15, 4, 46, 1, NULL),
(20211116, '2021-11-16', 2021, 11, 16, 4, 46, 2, NULL),
(20211117, '2021-11-17', 2021, 11, 17, 4, 46, 3, NULL),
(20211118, '2021-11-18', 2021, 11, 18, 4, 46, 4, NULL),
(20211119, '2021-11-19', 2021, 11, 19, 4, 46, 5, NULL),
(20211120, '2021-11-20', 2021, 11, 20, 4, 46, 6, NULL),
(20211121, '2021-11-21', 2021, 11, 21, 4, 46, 7, NULL),
(20211122, '2021-11-22', 2021, 11, 22, 4, 47, 1, NULL),
(20211123, '2021-11-23', 2021, 11, 23, 4, 47, 2, NULL),
(20211124, '2021-11-24', 2021, 11, 24, 4, 47, 3, NULL),
(20211125, '2021-11-25', 2021, 11, 25, 4, 47, 4, NULL),
(20211126, '2021-11-26', 2021, 11, 26, 4, 47, 5, NULL),
(20211127, '2021-11-27', 2021, 11, 27, 4, 47, 6, NULL),
(20211128, '2021-11-28', 2021, 11, 28, 4, 47, 7, NULL),
(20211129, '2021-11-29', 2021, 11, 29, 4, 48, 1, NULL),
(20211130, '2021-11-30', 2021, 11, 30, 4, 48, 2, NULL),
(20211201, '2021-12-01', 2021, 12, 1, 4, 48, 3, NULL),
(20211202, '2021-12-02', 2021, 12, 2, 4, 48, 4, NULL),
(20211203, '2021-12-03', 2021, 12, 3, 4, 48, 5, NULL),
(20211204, '2021-12-04', 2021, 12, 4, 4, 48, 6, NULL),
(20211205, '2021-12-05', 2021, 12, 5, 4, 48, 7, NULL),
(20211206, '2021-12-06', 2021, 12, 6, 4, 49, 1, NULL),
(20211207, '2021-12-07', 2021, 12, 7, 4, 49, 2, NULL),
(20211208, '2021-12-08', 2021, 12, 8, 4, 49, 3, NULL),
(20211209, '2021-12-09', 2021, 12, 9, 4, 49, 4, NULL),
(20211210, '2021-12-10', 2021, 12, 10, 4, 49, 5, NULL),
(20211211, '2021-12-11', 2021, 12, 11, 4, 49, 6, NULL),
(20211212, '2021-12-12', 2021, 12, 12, 4, 49, 7, NULL),
(20211213, '2021-12-13', 2021, 12, 13, 4, 50, 1, NULL),
(20211214, '2021-12-14', 2021, 12, 14, 4, 50, 2, NULL),
(20211215, '2021-12-15', 2021, 12, 15, 4, 50, 3, NULL),
(20211216, '2021-12-16', 2021, 12, 16, 4, 50, 4, NULL),
(20211217, '2021-12-17', 2021, 12, 17, 4, 50, 5, NULL),
(20211218, '2021-12-18', 2021, 12, 18, 4, 50, 6, NULL),
(20211219, '2021-12-19', 2021, 12, 19, 4, 50, 7, NULL),
(20211220, '2021-12-20', 2021, 12, 20, 4, 51, 1, NULL),
(20211221, '2021-12-21', 2021, 12, 21, 4, 51, 2, NULL),
(20211222, '2021-12-22', 2021, 12, 22, 4, 51, 3, NULL),
(20211223, '2021-12-23', 2021, 12, 23, 4, 51, 4, NULL),
(20211224, '2021-12-24', 2021, 12, 24, 4, 51, 5, NULL),
(20211225, '2021-12-25', 2021, 12, 25, 4, 51, 6, NULL),
(20211226, '2021-12-26', 2021, 12, 26, 4, 51, 7, NULL),
(20211227, '2021-12-27', 2021, 12, 27, 4, 52, 1, NULL),
(20211228, '2021-12-28', 2021, 12, 28, 4, 52, 2, NULL),
(20211229, '2021-12-29', 2021, 12, 29, 4, 52, 3, NULL),
(20211230, '2021-12-30', 2021, 12, 30, 4, 52, 4, NULL),
(20211231, '2021-12-31', 2021, 12, 31, 4, 52, 5, NULL);

-- --------------------------------------------------------

--
-- Table structure for table `hari_libur`
--

CREATE TABLE `hari_libur` (
  `id` int(11) NOT NULL,
  `tgl` date DEFAULT '0000-00-00',
  `keterangan` varchar(250) DEFAULT NULL
) ENGINE=InnoDB DEFAULT CHARSET=latin1;

--
-- Dumping data for table `hari_libur`
--

INSERT INTO `hari_libur` (`id`, `tgl`, `keterangan`) VALUES
(1, '2020-01-01', 'Tahun Baru 2020 Masehi '),
(2, '2020-01-25', 'Tahun Baru Imlek 2571 Kongzili '),
(3, '2020-03-22', 'Isra Mikraj Nabi Muhammad SAW'),
(4, '2020-03-25', 'Hari Suci Nyepi Tahun Baru Saka 1942'),
(5, '2020-04-10', 'Wafat Isa Al Masih'),
(6, '2020-05-01', 'Hari Buruh Internasional'),
(7, '2020-05-07', 'Hari Raya Waisak 2564'),
(8, '2020-05-21', 'Kenaikan Isa Al Masih'),
(9, '2020-05-22', '(Cuti bersama)'),
(10, '2020-06-01', 'Hari Lahir Pancasila'),
(11, '2020-07-31', 'Hari Raya Idul Adha 1441 Hijriyah'),
(12, '2020-08-17', 'Hari Kemerdekaan RI'),
(13, '2020-08-20', 'Tahun Baru Islam 1442 Hijriyah'),
(14, '2020-10-29', 'Maulid Nabi Muhammad SAW'),
(15, '2020-12-24', '(Cuti bersama)'),
(16, '2020-05-25', 'Hari Raya Idul Fitri 1441 Hijriyah'),
(17, '2020-05-24', '(Cuti bersama) '),
(18, '2020-05-26', '(Cuti bersama)'),
(19, '2020-05-27', '(Cuti bersama)'),
(20, '2020-12-25', 'Hari Raya Natal');

-- --------------------------------------------------------

--
-- Table structure for table `jadwal_mengajar`
--

CREATE TABLE `jadwal_mengajar` (
  `id` int(11) NOT NULL,
  `hari` enum('SENIN','SELASA','RABU','KAMIS','JUMAT','SABTU') DEFAULT NULL,
  `matapelajaran_id` int(11) DEFAULT NULL,
  `pegawai_id` int(11) DEFAULT NULL,
  `jam` varchar(50) DEFAULT NULL,
  `kelas_id` int(11) DEFAULT NULL
) ENGINE=InnoDB DEFAULT CHARSET=latin1 COMMENT='jadwal mengajar guru';

--
-- Dumping data for table `jadwal_mengajar`
--

INSERT INTO `jadwal_mengajar` (`id`, `hari`, `matapelajaran_id`, `pegawai_id`, `jam`, `kelas_id`) VALUES
(1, 'SENIN', 3, 78, '1,2', 1),
(2, 'SENIN', 4, 42, '3,4', 1),
(3, 'SENIN', 8, 84, '5,6', 1),
(4, 'SENIN', 8, 84, '7,8', 1),
(5, 'SELASA', 1, 124, '1,2', 1),
(6, 'SELASA', 2, 9, '3,4', 1),
(7, 'SELASA', 1, 124, '5,6', 1),
(8, 'SELASA', 5, 27, '7,8', 1),
(9, 'RABU', 9, 23, '1,2', 1),
(10, 'RABU', 9, 23, '3,4', 1),
(11, 'RABU', 1, 124, '5,6', 1),
(12, 'RABU', 2, 9, '7,8', 1),
(13, 'RABU', 2, 9, '9,10', 1),
(14, 'KAMIS', 6, 132, '1,2', 1),
(15, 'KAMIS', 3, 78, '3,4', 1),
(16, 'KAMIS', 6, 132, '5,6', 1),
(17, 'KAMIS', 2, 9, '7,8', 1),
(18, 'JUMAT', 5, 27, '1,2', 1),
(19, 'JUMAT', 8, 84, '3,4', 1),
(20, 'JUMAT', 4, 42, '5,6', 1),
(21, 'SABTU', 4, 42, '1,2', 1),
(22, 'SABTU', 6, 132, '3,4', 1),
(23, 'SABTU', 1, 124, '5,6', 1),
(24, 'SABTU', 3, 78, '7,8', 1),
(25, 'SENIN', 1, 101, '1,2', 2),
(26, 'SENIN', 5, 69, '3,4', 2),
(27, 'SENIN', 3, 36, '5,6', 2),
(28, 'SENIN', 5, 69, '7,8', 2),
(29, 'SELASA', 2, 129, '1,2', 2),
(30, 'SELASA', 4, 55, '3,4', 2),
(32, 'SELASA', 6, 64, '5,6', 2),
(33, 'SELASA', 1, 101, '7,8', 2),
(34, 'RABU', 1, 101, '1,2', 2),
(35, 'RABU', 2, 129, '3,4', 2),
(36, 'RABU', 3, 36, '5,6', 2),
(37, 'RABU', 4, 55, '7,8', 2),
(38, 'RABU', 6, 64, '9,10', 2),
(39, 'KAMIS', 9, 44, '1,2', 2),
(40, 'KAMIS', 9, 44, '3,4', 2),
(41, 'KAMIS', 1, 101, '5,6', 2),
(42, 'KAMIS', 2, 129, '7,8', 2),
(47, 'JUMAT', 8, 133, '1,2', 2),
(48, 'JUMAT', 8, 133, '3,4', 2),
(49, 'JUMAT', 6, 64, '5,6', 2),
(50, 'SABTU', 2, 129, '1,2', 2),
(51, 'SABTU', 4, 55, '3,4', 2),
(52, 'SABTU', 3, 36, '5,6', 2),
(53, 'SABTU', 8, 133, '7,8', 2),
(54, 'SENIN', 2, 121, '1,2', 3),
(55, 'SENIN', 3, 134, '3,4', 3),
(56, 'SENIN', 1, 19, '5,6', 3),
(57, 'SENIN', 4, 135, '7,8', 3),
(58, 'SELASA', 1, 19, '1,2', 3),
(59, 'SELASA', 5, 27, '3,4', 3),
(60, 'SELASA', 4, 135, '5,6', 3),
(61, 'SELASA', 6, 34, '7,8', 3),
(62, 'RABU', 3, 134, '1,2', 3),
(63, 'RABU', 1, 19, '3,4', 3),
(64, 'RABU', 2, 121, '5,6', 3),
(65, 'RABU', 1, 19, '7,8', 3),
(66, 'RABU', 6, 34, '9,10', 3),
(67, 'KAMIS', 8, 136, '1,2', 3),
(68, 'KAMIS', 2, 121, '3,4', 3),
(69, 'KAMIS', 8, 136, '5,6', 3),
(70, 'KAMIS', 4, 135, '7,8', 3),
(71, 'JUMAT', 2, 121, '1,2', 3),
(72, 'JUMAT', 3, 134, '3,4', 3),
(73, 'JUMAT', 5, 27, '5,6', 3),
(74, 'SABTU', 9, 23, '1,2', 3),
(75, 'SABTU', 9, 23, '3,4', 3),
(76, 'SABTU', 8, 136, '5,6', 3),
(77, 'SABTU', 6, 34, '7,8', 3),
(78, 'SENIN', 3, 134, '1,2', 4),
(79, 'SENIN', 1, 124, '3,4', 4),
(80, 'SENIN', 3, 134, '5,6', 4),
(81, 'SENIN', 2, 100, '7,8', 4),
(82, 'SELASA', 2, 100, '1,2', 4),
(83, 'SELASA', 1, 124, '3,4', 4),
(84, 'SELASA', 2, 100, '5,6', 4),
(85, 'SELASA', 4, 135, '7,8', 4),
(86, 'RABU', 4, 135, '1,2', 4),
(87, 'RABU', 4, 135, '3,4', 4),
(88, 'RABU', 6, 34, '5,6', 4),
(89, 'RABU', 1, 124, '7,8', 4),
(90, 'RABU', 8, 136, '9,10', 4),
(91, 'KAMIS', 9, 23, '1,2', 4),
(92, 'KAMIS', 9, 23, '3,4', 4),
(93, 'KAMIS', 5, 27, '5,6', 4),
(94, 'KAMIS', 5, 27, '7,8', 4),
(95, 'JUMAT', 8, 136, '1,2', 4),
(96, 'JUMAT', 2, 100, '3,4', 4),
(97, 'JUMAT', 6, 34, '5,6', 4),
(98, 'SABTU', 3, 134, '1,2', 4),
(99, 'SABTU', 8, 136, '3,4', 4),
(100, 'SABTU', 6, 34, '5,6', 4),
(101, 'SABTU', 1, 124, '7,8', 4),
(102, 'SENIN', 1, 124, '1,2', 5),
(103, 'SENIN', 3, 36, '3,4', 5),
(104, 'SENIN', 4, 55, '5,6', 5),
(105, 'SENIN', 6, 64, '7,8', 5),
(106, 'SELASA', 9, 44, '1,2', 5),
(107, 'SELASA', 9, 44, '3,4', 5),
(108, 'SELASA', 2, 9, '5,6', 5),
(109, 'SELASA', 1, 124, '7,8', 5),
(110, 'RABU', 3, 36, '1,2', 5),
(111, 'RABU', 8, 136, '3,4', 5),
(112, 'RABU', 5, 69, '5,6', 5),
(114, 'RABU', 6, 64, '7,8', 5),
(115, 'RABU', 1, 124, '9,10', 5),
(116, 'KAMIS', 2, 9, '1,2', 5),
(117, 'KAMIS', 5, 69, '3,4', 5),
(118, 'KAMIS', 6, 64, '5,6', 5),
(119, 'KAMIS', 8, 136, '7,8', 5),
(120, 'JUMAT', 4, 55, '1,2', 5),
(121, 'JUMAT', 3, 36, '3,4', 5),
(122, 'JUMAT', 8, 136, '5,6', 5),
(123, 'SABTU', 2, 9, '1,2', 5),
(124, 'SABTU', 1, 124, '3,4', 5),
(125, 'SABTU', 2, 9, '5,6', 5),
(126, 'SABTU', 4, 55, '7,8', 5),
(127, 'SENIN', 9, 1, '1,2', 6),
(128, 'SENIN', 9, 1, '3,4', 6),
(129, 'SENIN', 2, 75, '5,6', 6),
(130, 'SENIN', 3, 134, '7,8', 6),
(131, 'SELASA', 6, 137, '1,2', 6),
(132, 'SELASA', 1, 112, '3,4', 6),
(133, 'SELASA', 5, 27, '5,6', 6),
(134, 'SELASA', 2, 75, '7,8', 6),
(135, 'RABU', 8, 133, '1,2', 6),
(136, 'RABU', 4, 138, '3,4', 6),
(137, 'RABU', 3, 134, '5,6', 6),
(138, 'RABU', 1, 112, '7,8', 6),
(139, 'RABU', 1, 112, '9,10', 6),
(140, 'KAMIS', 2, 75, '1,2', 6),
(141, 'KAMIS', 5, 27, '3,4', 6),
(142, 'KAMIS', 6, 137, '5,6', 6),
(143, 'KAMIS', 3, 134, '7,8', 6),
(144, 'JUMAT', 2, 75, '1,2', 6),
(145, 'JUMAT', 4, 138, '3,4', 6),
(146, 'JUMAT', 6, 137, '5,6', 6),
(147, 'SABTU', 8, 133, '1,2', 6),
(148, 'SABTU', 1, 112, '3,4', 6),
(149, 'SABTU', 8, 133, '5,6', 6),
(150, 'SABTU', 4, 138, '7,8', 6),
(151, 'SENIN', 6, 64, '1,2', 7),
(152, 'SENIN', 2, 121, '3,4', 7),
(153, 'SENIN', 4, 42, '5,6', 7),
(154, 'SENIN', 3, 36, '7,8', 7),
(155, 'SELASA', 1, 101, '1,2', 7),
(156, 'SELASA', 5, 69, '3,4', 7),
(157, 'SELASA', 1, 101, '5,6', 7),
(158, 'SELASA', 6, 64, '7,8', 7),
(159, 'RABU', 2, 121, '1,2', 7),
(160, 'RABU', 1, 101, '3,4', 7),
(161, 'RABU', 6, 64, '5,6', 7),
(162, 'RABU', 2, 121, '7,8', 7),
(163, 'RABU', 8, 133, '9,10', 7),
(164, 'KAMIS', 4, 42, '1,2', 7),
(165, 'KAMIS', 1, 101, '3,4', 7),
(166, 'KAMIS', 3, 36, '5,6', 7),
(167, 'KAMIS', 8, 133, '7,8', 7),
(168, 'JUMAT', 3, 36, '1,2', 7),
(169, 'JUMAT', 4, 42, '3,4', 7),
(170, 'JUMAT', 8, 133, '5,6', 7),
(171, 'SABTU', 9, 44, '1,2', 7),
(172, 'SABTU', 9, 44, '3,4', 7),
(173, 'SABTU', 2, 121, '5,6', 7),
(174, 'SABTU', 5, 69, '7,8', 7),
(199, 'SENIN', 1, 19, '1,2', 9),
(200, 'SENIN', 2, 109, '3,4', 9),
(201, 'SENIN', 6, 64, '5,6', 9),
(202, 'SENIN', 8, 136, '7,8', 9),
(203, 'SELASA', 6, 64, '1,2', 9),
(204, 'SELASA', 1, 19, '3,4', 9),
(205, 'SELASA', 2, 109, '5,6', 9),
(206, 'SELASA', 8, 136, '7,8', 9),
(207, 'RABU', 2, 109, '1,2', 9),
(208, 'RABU', 3, 36, '3,4', 9),
(209, 'RABU', 4, 82, '5,6', 9),
(210, 'RABU', 4, 82, '7,8', 9),
(211, 'RABU', 5, 69, '9,10', 9),
(212, 'KAMIS', 2, 109, '1,2', 9),
(213, 'KAMIS', 3, 36, '3,4', 9),
(214, 'KAMIS', 1, 19, '5,6', 9),
(215, 'KAMIS', 6, 64, '7,8', 9),
(216, 'JUMAT', 9, 44, '1,2', 9),
(217, 'JUMAT', 9, 44, '3,4', 9),
(218, 'JUMAT', 5, 69, '5,6', 9),
(219, 'SABTU', 3, 36, '1,2', 9),
(220, 'SABTU', 4, 82, '3,4', 9),
(221, 'SABTU', 1, 19, '5,6', 9),
(222, 'SABTU', 8, 136, '7,8', 9),
(223, 'SENIN', 11, 139, '1,2', 10),
(224, 'SENIN', 11, 139, '3,4', 10),
(225, 'SENIN', 11, 139, '5,6', 10),
(226, 'SENIN', 11, 139, '7,8', 10),
(227, 'SELASA', 2, 109, '1,2', 10),
(228, 'SELASA', 10, 98, '3,4', 10),
(229, 'SELASA', 6, 34, '5,6', 10),
(230, 'SELASA', 1, 127, '7,8', 10),
(231, 'RABU', 9, 44, '1,2', 10),
(232, 'RABU', 9, 44, '3,4', 10),
(233, 'RABU', 10, 98, '5,6', 10),
(234, 'RABU', 2, 109, '7,8', 10),
(235, 'RABU', 10, 98, '9,10', 10),
(236, 'KAMIS', 4, 140, '1,2', 10),
(237, 'KAMIS', 6, 34, '3,4', 10),
(238, 'KAMIS', 4, 140, '5,6', 10),
(239, 'KAMIS', 5, 69, '7,8', 10),
(240, 'JUMAT', 2, 109, '1,2', 10),
(241, 'JUMAT', 1, 127, '3,4', 10),
(242, 'JUMAT', 1, 127, '5,6', 10),
(243, 'SABTU', 1, 127, '1,2', 10),
(244, 'SABTU', 4, 140, '3,4', 10),
(245, 'SABTU', 5, 69, '5,6', 10),
(246, 'SABTU', 12, 119, '7,8', 10),
(247, 'SENIN', 9, 87, '1,2', 11),
(248, 'SENIN', 9, 87, '3,4', 11),
(251, 'SENIN', 12, 93, '5,6', 11),
(252, 'SENIN', 4, 140, '7,8', 11),
(253, 'SELASA', 6, 34, '1,2', 11),
(254, 'SELASA', 1, 127, '3,4', 11),
(255, 'SELASA', 10, 98, '5,6', 11),
(256, 'SELASA', 2, 114, '7,8', 11),
(257, 'RABU', 10, 98, '1,2', 11),
(258, 'RABU', 2, 114, '3,4', 11),
(259, 'RABU', 2, 114, '5,6', 11),
(260, 'RABU', 5, 69, '7,8', 11),
(261, 'RABU', 1, 127, '9,10', 11),
(262, 'KAMIS', 11, 139, '1,2', 11),
(263, 'KAMIS', 11, 139, '3,4', 11),
(264, 'KAMIS', 11, 139, '5,6', 11),
(265, 'KAMIS', 11, 139, '7,8', 11),
(266, 'JUMAT', 4, 140, '1,2', 11),
(267, 'JUMAT', 6, 34, '3,4', 11),
(268, 'JUMAT', 4, 140, '5,6', 11),
(269, 'SABTU', 5, 69, '1,2', 11),
(270, 'SABTU', 2, 114, '3,4', 11),
(271, 'SABTU', 1, 127, '5,6', 11),
(272, 'SABTU', 10, 98, '7,8', 11),
(273, 'SENIN', 11, 139, '1,2', 12),
(274, 'SENIN', 11, 139, '3,4', 12),
(275, 'SENIN', 11, 139, '5,6', 12),
(276, 'SENIN', 11, 139, '7,8', 12),
(277, 'SELASA', 9, 87, '1,2', 12),
(278, 'SELASA', 9, 87, '3,4', 12),
(279, 'SELASA', 2, 114, '5,6', 12),
(280, 'SELASA', 1, 48, '7,8', 12),
(281, 'RABU', 2, 114, '1,2', 12),
(282, 'RABU', 6, 132, '3,4', 12),
(283, 'RABU', 5, 78, '5,6', 12),
(284, 'RABU', 10, 98, '7,8', 12),
(285, 'RABU', 4, 72, '9,10', 12),
(286, 'KAMIS', 2, 114, '1,2', 12),
(287, 'KAMIS', 1, 48, '3,4', 12),
(288, 'KAMIS', 5, 78, '5,6', 12),
(289, 'KAMIS', 4, 72, '7,8', 12),
(290, 'JUMAT', 6, 132, '1,2', 12),
(291, 'JUMAT', 2, 114, '3,4', 12),
(292, 'JUMAT', 4, 72, '5,6', 12),
(293, 'SABTU', 10, 98, '1,2', 12),
(294, 'SABTU', 1, 48, '3,4', 12),
(295, 'SABTU', 10, 98, '5,6', 12),
(296, 'SABTU', 12, 93, '7,8', 12),
(297, 'SENIN', 12, 119, '1,2', 13),
(298, 'SENIN', 5, 78, '3,4', 13),
(299, 'SENIN', 2, 100, '5,6', 13),
(300, 'SENIN', 4, 138, '7,8', 13),
(301, 'SELASA', 11, 139, '1,2', 13),
(302, 'SELASA', 11, 139, '3,4', 13),
(303, 'SELASA', 11, 139, '5,6', 13),
(304, 'SELASA', 11, 139, '7,8', 13),
(305, 'RABU', 9, 87, '1,2', 13),
(306, 'RABU', 9, 93, '3,4', 13),
(307, 'RABU', 2, 100, '5,6', 13),
(308, 'RABU', 10, 25, '7,8', 13),
(309, 'RABU', 5, 78, '9,10', 13),
(310, 'KAMIS', 2, 100, '1,2', 13),
(311, 'KAMIS', 1, 19, '3,4', 13),
(312, 'KAMIS', 4, 138, '5,6', 13),
(313, 'KAMIS', 6, 132, '7,8', 13),
(314, 'JUMAT', 2, 100, '1,2', 13),
(315, 'JUMAT', 6, 132, '3,4', 13),
(316, 'JUMAT', 1, 19, '5,6', 13),
(317, 'SABTU', 4, 138, '1,2', 13),
(318, 'SABTU', 10, 25, '3,4', 13),
(319, 'SABTU', 10, 25, '5,6', 13),
(320, 'SABTU', 1, 19, '7,8', 13),
(345, 'SENIN', 12, 93, '1,2', 15),
(346, 'SENIN', 4, 138, '3,4', 15),
(347, 'SENIN', 2, 109, '5,6', 15),
(348, 'SENIN', 1, 19, '7,8', 15),
(349, 'SELASA', 11, 139, '1,2', 15),
(350, 'SELASA', 11, 139, '3,4', 15),
(351, 'SELASA', 11, 139, '5,6', 15),
(352, 'SELASA', 11, 139, '7,8', 15),
(353, 'RABU', 4, 138, '1,2', 15),
(354, 'RABU', 4, 109, '3,4', 15),
(355, 'RABU', 6, 132, '5,6', 15),
(356, 'RABU', 5, 78, '7,8', 15),
(357, 'RABU', 1, 19, '9,10', 15),
(358, 'KAMIS', 5, 78, '1,2', 15),
(359, 'KAMIS', 2, 109, '3,4', 15),
(360, 'KAMIS', 10, 26, '5,6', 15),
(361, 'KAMIS', 4, 138, '7,8', 15),
(362, 'JUMAT', 1, 19, '1,2', 15),
(363, 'JUMAT', 2, 109, '3,4', 15),
(364, 'JUMAT', 10, 26, '5,6', 15),
(365, 'SABTU', 9, 44, '1,2', 15),
(366, 'SABTU', 9, 44, '3,4', 15),
(367, 'SABTU', 6, 132, '5,6', 15),
(368, 'SABTU', 10, 26, '7,8', 15),
(369, 'SENIN', 11, 139, '1,2', 16),
(370, 'SENIN', 11, 139, '3,4', 16),
(371, 'SENIN', 11, 139, '5,6', 16),
(372, 'SENIN', 11, 139, '7,8', 16),
(373, 'SELASA', 1, 127, '1,2', 16),
(374, 'SELASA', 2, 114, '3,4', 16),
(376, 'SELASA', 5, 78, '5,6', 16),
(377, 'SELASA', 10, 98, '7,8', 16),
(378, 'RABU', 9, 1, '1,2', 16),
(379, 'RABU', 9, 1, '3,4', 16),
(380, 'RABU', 4, 140, '5,6', 16),
(381, 'RABU', 1, 127, '7,8', 16),
(382, 'RABU', 12, 119, '9,10', 16),
(383, 'KAMIS', 1, 127, '1,2', 16),
(384, 'KAMIS', 2, 114, '3,4', 16),
(385, 'KAMIS', 2, 114, '5,6', 16),
(386, 'KAMIS', 6, 34, '7,8', 16),
(387, 'JUMAT', 6, 34, '1,2', 16),
(388, 'JUMAT', 5, 69, '3,4', 16),
(389, 'JUMAT', 10, 98, '5,6', 16),
(390, 'SABTU', 4, 140, '1,2', 16),
(391, 'SABTU', 10, 98, '3,4', 16),
(392, 'SABTU', 2, 114, '5,6', 16),
(393, 'SABTU', 4, 140, '7,8', 16),
(399, 'SENIN', 11, 139, '1,2', 18),
(400, 'SENIN', 11, 139, '3,4', 18),
(401, 'SENIN', 11, 139, '5,6', 18),
(402, 'SENIN', 11, 139, '7,8', 18),
(403, 'SELASA', 9, 1, '1,2', 18),
(404, 'SELASA', 9, 1, '3,4', 18),
(405, 'SELASA', 1, 48, '5,6', 18),
(406, 'SELASA', 5, 69, '7,8', 18),
(407, 'RABU', 1, 48, '1,2', 18),
(408, 'RABU', 5, 69, '3,4', 18),
(409, 'RABU', 10, 25, '5,6', 18),
(410, 'RABU', 4, 138, '7,8', 18),
(411, 'RABU', 12, 93, '9,10', 18),
(412, 'KAMIS', 2, 79, '1,2', 18),
(413, 'KAMIS', 2, 79, '3,4', 18),
(414, 'KAMIS', 10, 25, '5,6', 18),
(415, 'KAMIS', 6, 137, '7,8', 18),
(416, 'JUMAT', 4, 138, '1,2', 18),
(417, 'JUMAT', 6, 137, '3,4', 18),
(418, 'JUMAT', 4, 138, '5,6', 18),
(419, 'SABTU', 2, 79, '1,2', 18),
(420, 'SABTU', 2, 79, '3,4', 18),
(421, 'SABTU', 1, 48, '5,6', 18),
(422, 'SABTU', 10, 25, '7,8', 18),
(423, 'SENIN', 4, 55, '1,2', 19),
(424, 'SENIN', 1, 112, '3,4', 19),
(425, 'SENIN', 2, 129, '5,6', 19),
(426, 'SENIN', 10, 29, '7,8', 19),
(427, 'SELASA', 5, 41, '1,2', 19),
(428, 'SELASA', 2, 129, '3,4', 19),
(429, 'SELASA', 6, 81, '5,6', 19),
(430, 'SELASA', 4, 55, '7,8', 19),
(431, 'RABU', 12, 119, '1,2', 19),
(432, 'RABU', 6, 81, '3,4', 19),
(433, 'RABU', 2, 129, '5,6', 19),
(434, 'RABU', 10, 29, '7,8', 19),
(435, 'RABU', 5, 41, '9,10', 19),
(436, 'KAMIS', 2, 129, '1,2', 19),
(437, 'KAMIS', 10, 29, '3,4', 19),
(438, 'KAMIS', 4, 55, '5,6', 19),
(439, 'KAMIS', 6, 81, '7,8', 19),
(440, 'JUMAT', 10, 29, '1,2', 19),
(441, 'JUMAT', 4, 55, '3,4', 19),
(442, 'JUMAT', 1, 112, '5,6', 19),
(443, 'SABTU', 11, 139, '1,2', 19),
(444, 'SABTU', 11, 139, '3,4', 19),
(445, 'SABTU', 11, 139, '5,6', 19),
(446, 'SABTU', 11, 139, '7,8', 19),
(447, 'SENIN', 2, 129, '1,2', 20),
(448, 'SENIN', 6, 81, '3,4', 20),
(449, 'SENIN', 10, 142, '5,6', 20),
(450, 'SENIN', 10, 142, '7,8', 20),
(451, 'SELASA', 1, 112, '1,2', 20),
(452, 'SELASA', 4, 42, '3,4', 20),
(453, 'SELASA', 2, 129, '5,6', 20),
(454, 'SELASA', 6, 81, '7,8', 20),
(455, 'RABU', 4, 42, '1,2', 20),
(456, 'RABU', 5, 41, '3,4', 20),
(457, 'RABU', 12, 119, '5,6', 20),
(458, 'RABU', 4, 42, '7,8', 20),
(459, 'RABU', 10, 142, '9,10', 20),
(460, 'KAMIS', 6, 81, '1,2', 20),
(461, 'KAMIS', 10, 142, '3,4', 20),
(462, 'KAMIS', 4, 42, '5,6', 20),
(463, 'KAMIS', 5, 41, '7,8', 20),
(464, 'JUMAT', 2, 129, '1,2', 20),
(465, 'JUMAT', 1, 112, '3,4', 20),
(466, 'JUMAT', 2, 129, '5,6', 20),
(467, 'SABTU', 11, 139, '1,2', 20),
(468, 'SABTU', 11, 139, '3,4', 20),
(469, 'SABTU', 11, 139, '5,6', 20),
(470, 'SABTU', 11, 139, '7,8', 20),
(471, 'SENIN', 4, 82, '1,2', 21),
(472, 'SENIN', 2, 9, '3,4', 21),
(473, 'SENIN', 6, 143, '5,6', 21),
(474, 'SENIN', 1, 127, '7,8', 21),
(475, 'SELASA', 10, 29, '1,2', 21),
(476, 'SELASA', 4, 82, '3,4', 21),
(477, 'SELASA', 5, 41, '5,6', 21),
(478, 'SELASA', 6, 143, '7,8', 21),
(479, 'RABU', 2, 9, '1,2', 21),
(480, 'RABU', 10, 29, '3,4', 21),
(481, 'RABU', 2, 9, '5,6', 21),
(482, 'RABU', 12, 93, '7,8', 21),
(483, 'RABU', 10, 29, '9,10', 21),
(484, 'KAMIS', 6, 143, '1,2', 21),
(485, 'KAMIS', 4, 82, '3,4', 21),
(487, 'KAMIS', 1, 127, '5,6', 21),
(488, 'KAMIS', 4, 82, '7,8', 21),
(489, 'JUMAT', 5, 41, '1,2', 21),
(490, 'JUMAT', 10, 29, '3,4', 21),
(491, 'JUMAT', 2, 9, '5,6', 21),
(492, 'SABTU', 11, 139, '1,2', 21),
(493, 'SABTU', 11, 139, '3,4', 21),
(494, 'SABTU', 11, 139, '5,6', 21),
(495, 'SABTU', 11, 139, '7,8', 21),
(496, 'SENIN', 1, 48, '1,2', 22),
(497, 'SENIN', 4, 140, '3,4', 22),
(498, 'SENIN', 5, 41, '5,6', 22),
(499, 'SENIN', 6, 143, '7,8', 22),
(500, 'SELASA', 2, 121, '1,2', 22),
(501, 'SELASA', 10, 142, '3,4', 22),
(502, 'SELASA', 2, 121, '5,6', 22),
(503, 'SELASA', 12, 93, '7,8', 22),
(504, 'RABU', 5, 41, '1,2', 22),
(505, 'RABU', 2, 121, '3,4', 22),
(506, 'RABU', 6, 143, '5,6', 22),
(507, 'RABU', 10, 142, '7,8', 22),
(508, 'RABU', 4, 140, '9,10', 22),
(509, 'KAMIS', 10, 142, '1,2', 22),
(510, 'KAMIS', 4, 140, '3,4', 22),
(511, 'KAMIS', 1, 48, '5,6', 22),
(512, 'KAMIS', 10, 142, '7,8', 22),
(513, 'JUMAT', 6, 143, '1,2', 22),
(514, 'JUMAT', 4, 140, '3,4', 22),
(515, 'JUMAT', 2, 121, '5,6', 22),
(516, 'SABTU', 11, 139, '1,2', 22),
(517, 'SABTU', 11, 139, '3,4', 22),
(518, 'SABTU', 11, 139, '5,6', 22),
(519, 'SABTU', 11, 139, '7,8', 22),
(520, 'SENIN', 1, 112, '1,2', 24),
(521, 'SENIN', 6, 143, '3,4', 24),
(522, 'SENIN', 2, 121, '5,6', 24),
(523, 'SENIN', 12, 119, '7,8', 24),
(524, 'SELASA', 10, 25, '1,2', 24),
(525, 'SELASA', 5, 41, '3,4', 24),
(526, 'SELASA', 1, 112, '5,6', 24),
(527, 'SELASA', 2, 121, '7,8', 24),
(528, 'RABU', 10, 25, '1,2', 24),
(529, 'RABU', 6, 143, '3,4', 24),
(530, 'RABU', 4, 72, '5,6', 24),
(531, 'RABU', 6, 143, '7,8', 24),
(532, 'RABU', 10, 25, '9,10', 24),
(533, 'KAMIS', 2, 121, '1,2', 24),
(534, 'KAMIS', 4, 72, '3,4', 24),
(535, 'KAMIS', 4, 72, '5,6', 24),
(536, 'KAMIS', 10, 25, '7,8', 24),
(537, 'JUMAT', 4, 72, '1,2', 24),
(538, 'JUMAT', 2, 121, '3,4', 24),
(539, 'JUMAT', 5, 41, '5,6', 24),
(540, 'SABTU', 11, 139, '1,2', 24),
(541, 'SABTU', 11, 139, '3,4', 24),
(542, 'SABTU', 11, 139, '5,6', 24),
(543, 'SABTU', 11, 139, '7,8', 24),
(544, 'SENIN', 4, 42, '1,2', 25),
(545, 'SENIN', 2, 75, '3,4', 25),
(546, 'SENIN', 1, 112, '5,6', 25),
(547, 'SENIN', 6, 81, '7,8', 25),
(548, 'SELASA', 4, 42, '1,2', 25),
(549, 'SELASA', 10, 29, '3,4', 25),
(550, 'SELASA', 2, 75, '5,6', 25),
(551, 'SELASA', 5, 41, '7,8', 25),
(552, 'RABU', 10, 29, '1,2', 25),
(553, 'RABU', 1, 112, '3,4', 25),
(554, 'RABU', 10, 29, '5,6', 25),
(555, 'RABU', 12, 119, '7,8', 25),
(556, 'RABU', 6, 143, '9,10', 25),
(557, 'KAMIS', 5, 41, '1,2', 25),
(558, 'KAMIS', 2, 75, '3,4', 25),
(559, 'KAMIS', 6, 143, '5,6', 25),
(560, 'KAMIS', 4, 42, '7,8', 25),
(561, 'JUMAT', 4, 42, '1,2', 25),
(562, 'JUMAT', 2, 75, '3,4', 25),
(563, 'JUMAT', 10, 29, '5,6', 25),
(564, 'SABTU', 11, 139, '1,2', 25),
(565, 'SABTU', 11, 139, '3,4', 25),
(566, 'SABTU', 11, 139, '5,6', 25),
(567, 'SABTU', 11, 139, '7,8', 25),
(568, 'SENIN', 2, 9, '1,2', 27),
(569, 'SENIN', 4, 55, '3,4', 27),
(570, 'SENIN', 1, 127, '5,6', 27),
(571, 'SENIN', 5, 41, '7,8', 27),
(572, 'SELASA', 2, 9, '1,2', 27),
(573, 'SELASA', 6, 81, '3,4', 27),
(574, 'SELASA', 4, 55, '5,6', 27),
(576, 'SELASA', 10, 142, '7,8', 27),
(577, 'RABU', 10, 142, '1,2', 27),
(578, 'RABU', 12, 119, '3,4', 27),
(579, 'RABU', 10, 142, '5,6', 27),
(580, 'RABU', 6, 81, '7,8', 27),
(581, 'RABU', 4, 55, '9,10', 27),
(582, 'KAMIS', 4, 55, '1,2', 27),
(583, 'KAMIS', 5, 41, '3,4', 27),
(584, 'KAMIS', 2, 9, '5,6', 27),
(585, 'KAMIS', 1, 127, '7,8', 27),
(586, 'JUMAT', 2, 9, '1,2', 27),
(587, 'JUMAT', 10, 142, '3,4', 27),
(588, 'JUMAT', 6, 81, '5,6', 27),
(589, 'SABTU', 11, 139, '1,2', 27),
(590, 'SABTU', 11, 139, '3,4', 27),
(591, 'SABTU', 11, 139, '5,6', 27),
(592, 'SABTU', 11, 139, '7,8', 27);

-- --------------------------------------------------------

--
-- Table structure for table `jadwal_piket`
--

CREATE TABLE `jadwal_piket` (
  `id` int(11) NOT NULL,
  `hari` enum('SENIN','SELASA','RABU','KAMIS','JUMAT','SABTU') DEFAULT NULL,
  `pegawai_id` int(11) DEFAULT NULL
) ENGINE=InnoDB DEFAULT CHARSET=latin1 COMMENT='jadwal piket guru';

-- --------------------------------------------------------

--
-- Table structure for table `jam_aktif`
--

CREATE TABLE `jam_aktif` (
  `id` int(11) NOT NULL,
  `jam_ke` int(11) DEFAULT '0',
  `mulai` time DEFAULT '00:00:00',
  `selesai` time DEFAULT '00:00:00'
) ENGINE=InnoDB DEFAULT CHARSET=latin1;

--
-- Dumping data for table `jam_aktif`
--

INSERT INTO `jam_aktif` (`id`, `jam_ke`, `mulai`, `selesai`) VALUES
(1, 1, '06:45:00', '08:15:00'),
(2, 2, '07:40:00', '08:20:00'),
(3, 3, '08:20:00', '09:00:00'),
(4, 4, '09:00:00', '09:40:00'),
(5, 5, '09:40:00', '10:20:00'),
(6, 6, '10:40:00', '11:20:00'),
(7, 7, '21:20:00', '22:00:00'),
(8, 8, '22:00:00', '22:40:00'),
(9, 9, '12:40:00', '13:20:00'),
(10, 10, '13:20:00', '14:00:00');

-- --------------------------------------------------------

--
-- Table structure for table `jurnal`
--

CREATE TABLE `jurnal` (
  `id` int(11) NOT NULL,
  `tanggal` date DEFAULT '0000-00-00',
  `jadwal_mengajar_id` int(11) DEFAULT '0',
  `status` enum('PENDING','HADIR','DIGANTIKAN','KOSONG') DEFAULT 'PENDING',
  `topik` varchar(250) DEFAULT NULL,
  `validasi` enum('Y','N') DEFAULT 'N'
) ENGINE=InnoDB DEFAULT CHARSET=latin1;

--
-- Dumping data for table `jurnal`
--

INSERT INTO `jurnal` (`id`, `tanggal`, `jadwal_mengajar_id`, `status`, `topik`, `validasi`) VALUES
(1, '2021-06-28', 1, 'HADIR', 'Manusia purba', 'N'),
(2, '2021-06-28', 2, 'HADIR', 'Introducing', 'N'),
(3, '2021-06-28', 3, 'HADIR', 'Kebudayaan dan seni', 'N'),
(4, '2021-06-28', 4, 'HADIR', 'Karya seni musik', 'N'),
(5, '2021-06-28', 25, 'HADIR', 'Surat lamaran kerja', 'N'),
(6, '2021-06-28', 26, 'HADIR', 'Nilai nilai pancasila', 'N'),
(7, '2021-06-28', 27, 'HADIR', 'Peradaban awal di Indonesia', 'N'),
(8, '2021-06-28', 28, 'HADIR', 'Ketentuan UUD 45 dalam NKRI', 'N'),
(9, '2021-06-28', 54, 'HADIR', 'Pertidaksamaan linear', 'N'),
(10, '2021-06-28', 55, 'HADIR', 'Hindu budha di Indonesia', 'N'),
(11, '2021-06-28', 56, 'HADIR', 'Proses menjadi warga yang baik', 'N'),
(12, '2021-06-28', 57, 'HADIR', 'Introducing Oneself and Others', 'N'),
(13, '2021-06-28', 78, 'HADIR', 'Peradaban awal di Indonesia', 'N'),
(14, '2021-06-28', 79, 'HADIR', 'Text laporan hasil observasi', 'N'),
(15, '2021-06-28', 80, 'HADIR', 'Peradaban awal di Indonesia', 'N'),
(16, '2021-06-28', 81, 'HADIR', 'Pertidaksamaan Linear', 'N'),
(17, '2021-06-28', 102, 'HADIR', 'Text laporan', 'N'),
(18, '2021-06-28', 103, 'HADIR', 'Manusia purba', 'N'),
(19, '2021-06-28', 104, 'HADIR', 'Introducing', 'N'),
(20, '2021-06-28', 105, 'HADIR', 'Selalu dekat dengan Allah', 'N'),
(21, '2021-06-28', 127, 'HADIR', 'Permainan bola besar', 'N'),
(22, '2021-06-28', 128, 'HADIR', 'Permainan bola besar', 'N'),
(23, '2021-06-28', 129, 'HADIR', 'Pertidaksamaan linear', 'N'),
(24, '2021-06-28', 130, 'HADIR', 'Peradaban awal di Indonesia', 'N'),
(25, '2021-06-28', 151, 'HADIR', 'Selalu dekat dengan Allah', 'N'),
(26, '2021-06-28', 152, 'KOSONG', NULL, 'N'),
(27, '2021-06-28', 153, 'HADIR', 'Introducing', 'N'),
(28, '2021-06-28', 154, 'KOSONG', NULL, 'N'),
(29, '2021-06-28', 199, 'KOSONG', NULL, 'N'),
(30, '2021-06-28', 200, 'HADIR', 'Pertidaksamaan linear', 'N'),
(31, '2021-06-28', 201, 'HADIR', 'Selalu dekat dengan Allah', 'N'),
(32, '2021-06-28', 202, 'HADIR', 'Kebudayaan dan seni', 'N'),
(33, '2021-06-28', 223, 'HADIR', NULL, 'N'),
(34, '2021-06-28', 224, 'HADIR', NULL, 'N'),
(35, '2021-06-28', 225, 'HADIR', NULL, 'N'),
(36, '2021-06-28', 226, 'HADIR', NULL, 'N'),
(37, '2021-06-28', 247, 'HADIR', 'Permainan bola besar', 'N'),
(38, '2021-06-28', 248, 'HADIR', 'Permainan bola besar', 'N'),
(39, '2021-06-28', 251, 'HADIR', 'Aksara jawa', 'N'),
(40, '2021-06-28', 252, 'HADIR', 'Report Text', 'N'),
(41, '2021-06-28', 273, 'HADIR', NULL, 'N'),
(42, '2021-06-28', 274, 'HADIR', NULL, 'N'),
(43, '2021-06-28', 275, 'HADIR', NULL, 'N'),
(44, '2021-06-28', 276, 'HADIR', NULL, 'N'),
(45, '2021-06-28', 297, 'HADIR', 'Aksara jawa', 'N'),
(46, '2021-06-28', 298, 'HADIR', 'HAM', 'N'),
(47, '2021-06-28', 299, 'HADIR', 'Pertidaksamaan Linear Dua Variabel', 'N'),
(48, '2021-06-28', 300, 'HADIR', 'Procedure Text', 'N'),
(49, '2021-06-28', 345, 'KOSONG', 'Tugas soal aksara jawa', 'N'),
(50, '2021-06-28', 346, 'HADIR', 'Past Future Tense', 'N'),
(51, '2021-06-28', 347, 'HADIR', 'Pertidaksamaan Linear Dua Variabel', 'N'),
(52, '2021-06-28', 348, 'HADIR', 'Teks eksposisi', 'N'),
(53, '2021-06-28', 369, 'HADIR', NULL, 'N'),
(54, '2021-06-28', 370, 'HADIR', NULL, 'N'),
(55, '2021-06-28', 371, 'HADIR', NULL, 'N'),
(56, '2021-06-28', 372, 'HADIR', NULL, 'N'),
(57, '2021-06-28', 399, 'HADIR', NULL, 'N'),
(58, '2021-06-28', 400, 'HADIR', NULL, 'N'),
(59, '2021-06-28', 401, 'HADIR', NULL, 'N'),
(60, '2021-06-28', 402, 'HADIR', NULL, 'N'),
(61, '2021-06-28', 423, 'HADIR', 'Procedure text', 'N'),
(62, '2021-06-28', 424, 'HADIR', 'Majas', 'N'),
(63, '2021-06-28', 425, 'HADIR', 'Bangun ruang', 'N'),
(64, '2021-06-28', 426, 'DIGANTIKAN', 'latihan soal', 'N'),
(65, '2021-06-28', 447, 'HADIR', 'Peluang', 'N'),
(66, '2021-06-28', 448, 'HADIR', 'Sholat jumat', 'N'),
(67, '2021-06-28', 449, 'HADIR', 'Prosedur Pengurusan Izin Usaha', 'N'),
(68, '2021-06-28', 450, 'HADIR', 'Prosedur Pengurusan Izin Usaha', 'N'),
(69, '2021-06-28', 471, 'HADIR', 'Pronoun', 'N'),
(70, '2021-06-28', 472, 'KOSONG', 'latihan soal', 'N'),
(71, '2021-06-28', 473, 'HADIR', 'Khutbah', 'N'),
(72, '2021-06-28', 474, 'HADIR', 'Kalimat efektif', 'N'),
(73, '2021-06-28', 496, 'HADIR', 'Kalimat efektif', 'N'),
(74, '2021-06-28', 497, 'HADIR', 'Procedure Text', 'N'),
(75, '2021-06-28', 498, 'HADIR', 'Politik indonesia', 'N'),
(76, '2021-06-28', 499, 'HADIR', 'Sholat jumat', 'N'),
(77, '2021-06-28', 520, 'HADIR', 'Kalimat efektif', 'N'),
(78, '2021-06-28', 521, 'HADIR', 'Sholat jumat', 'N'),
(79, '2021-06-28', 522, 'HADIR', 'Bangun ruang', 'N'),
(80, '2021-06-28', 523, 'HADIR', 'Aksara jawa', 'N'),
(81, '2021-06-28', 544, 'HADIR', 'Procedure Text', 'N'),
(82, '2021-06-28', 545, 'HADIR', 'Bangun ruang', 'N'),
(83, '2021-06-28', 546, 'HADIR', 'Majas', 'N'),
(84, '2021-06-28', 547, 'HADIR', 'Sholat jumat', 'N'),
(85, '2021-06-28', 568, 'HADIR', 'Bangun ruang', 'N'),
(86, '2021-06-28', 569, 'HADIR', 'Procedure Text', 'N'),
(87, '2021-06-28', 570, 'HADIR', 'Kalimat efektif', 'N'),
(88, '2021-06-28', 571, 'HADIR', 'Politik indonesia', 'N'),
(89, '2021-06-29', 5, 'HADIR', 'paragraf puisi', 'N'),
(90, '2021-06-29', 6, 'HADIR', 'perkalian silang', 'N'),
(91, '2021-06-29', 7, 'KOSONG', NULL, 'N'),
(92, '2021-06-29', 8, 'HADIR', 'hak dan kewajiban warga negara', 'N'),
(93, '2021-06-29', 29, 'HADIR', 'pembagian', 'N'),
(94, '2021-06-29', 30, 'HADIR', 'adverb\n', 'N'),
(95, '2021-06-29', 32, 'HADIR', 'toleransi', 'N'),
(96, '2021-06-29', 33, 'HADIR', 'puisi', 'N'),
(97, '2021-06-29', 58, 'HADIR', 'laporan hasil observasi', 'N'),
(98, '2021-06-29', 59, 'HADIR', 'hak dan kewajiban warga negara', 'N'),
(99, '2021-06-29', 60, 'HADIR', 'Pronoun', 'N'),
(100, '2021-06-29', 61, 'HADIR', 'asmaul husna', 'N'),
(101, '2021-06-29', 82, 'HADIR', 'Pertidaksamaan linear', 'N'),
(102, '2021-06-29', 83, 'HADIR', 'syair', 'N'),
(103, '2021-06-29', 84, 'HADIR', 'Pertidaksamaan linear', 'N'),
(104, '2021-06-29', 85, 'HADIR', 'present tense', 'N'),
(105, '2021-06-29', 106, 'HADIR', 'lempar lembing', 'N'),
(106, '2021-06-29', 107, 'HADIR', 'lompat tinggi', 'N'),
(107, '2021-06-29', 108, 'HADIR', 'tambah2an ', 'N'),
(108, '2021-06-29', 109, 'HADIR', 'pantun\n', 'N'),
(109, '2021-06-29', 131, 'HADIR', 'Sholat wajib', 'N'),
(110, '2021-06-29', 132, 'HADIR', 'Cerpen', 'N'),
(111, '2021-06-29', 133, 'HADIR', 'Pancasila', 'N'),
(112, '2021-06-29', 134, 'HADIR', 'Pertidaksamaan linear', 'N'),
(113, '2021-06-29', 155, 'HADIR', 'syair', 'N'),
(114, '2021-06-29', 156, 'HADIR', 'Nilai nilai Pancasila', 'N'),
(115, '2021-06-29', 157, 'HADIR', 'syair', 'N'),
(116, '2021-06-29', 158, 'HADIR', 'Sholat wajib', 'N'),
(117, '2021-06-29', 203, 'HADIR', 'Sholat wajib', 'N'),
(118, '2021-06-29', 204, 'HADIR', 'syair', 'N'),
(119, '2021-06-29', 205, 'HADIR', 'Algoritma', 'N'),
(120, '2021-06-29', 206, 'HADIR', 'Seni musik', 'N'),
(121, '2021-06-29', 227, 'HADIR', 'Pertidaksamaan Linear Dua Variabel', 'N'),
(122, '2021-06-29', 228, 'HADIR', 'Peluang usaha', 'N'),
(123, '2021-06-29', 229, 'HADIR', 'Sholat jumat', 'N'),
(124, '2021-06-29', 230, 'HADIR', 'Kalimat efektif', 'N'),
(125, '2021-06-29', 253, 'HADIR', 'Sholat jumat', 'N'),
(126, '2021-06-29', 254, 'HADIR', 'Kalimat efektif', 'N'),
(127, '2021-06-29', 255, 'HADIR', 'Pengertian kewirausahaan', 'N'),
(128, '2021-06-29', 256, 'KOSONG', 'soal latihan Pertidaksamaan Linear Dua Variabel', 'N'),
(129, '2021-06-29', 277, 'HADIR', 'Permainan bola kecil', 'N'),
(130, '2021-06-29', 278, 'HADIR', 'Permainan bola kecil', 'N'),
(131, '2021-06-29', 279, 'HADIR', 'Pertidaksamaan linear', 'N'),
(132, '2021-06-29', 280, 'HADIR', 'Kalimat efektif', 'N'),
(133, '2021-06-29', 301, 'HADIR', NULL, 'N'),
(134, '2021-06-29', 302, 'HADIR', NULL, 'N'),
(135, '2021-06-29', 303, 'HADIR', NULL, 'N'),
(136, '2021-06-29', 304, 'HADIR', NULL, 'N'),
(137, '2021-06-29', 349, 'HADIR', NULL, 'N'),
(138, '2021-06-29', 350, 'HADIR', NULL, 'N'),
(139, '2021-06-29', 351, 'HADIR', NULL, 'N'),
(140, '2021-06-29', 352, 'HADIR', NULL, 'N'),
(141, '2021-06-29', 373, 'HADIR', 'Kalimat efektif', 'N'),
(142, '2021-06-29', 374, 'HADIR', 'Pertidaksamaan Linear Dua Variabel', 'N'),
(143, '2021-06-29', 376, 'HADIR', 'HAM', 'N'),
(144, '2021-06-29', 377, 'HADIR', 'Peluang usaha', 'N'),
(145, '2021-06-29', 403, 'HADIR', 'Permainan bola kecil', 'N'),
(146, '2021-06-29', 404, 'HADIR', 'Permainan bola kecil', 'N'),
(147, '2021-06-29', 405, 'HADIR', 'Kalimat efektif', 'N'),
(148, '2021-06-29', 406, 'HADIR', 'HAM', 'N'),
(149, '2021-06-29', 427, 'HADIR', 'HAM', 'N'),
(150, '2021-06-29', 428, 'HADIR', 'Pertidaksamaan Linear Dua Variabel', 'N'),
(151, '2021-06-29', 429, 'HADIR', 'Sholat jumat', 'N'),
(152, '2021-06-29', 430, 'HADIR', 'Procedure Text', 'N'),
(153, '2021-06-29', 451, 'HADIR', 'Kalimat efektif', 'N'),
(154, '2021-06-29', 452, 'HADIR', 'grammar', 'N'),
(155, '2021-06-29', 453, 'HADIR', 'Barisan dan deret', 'N'),
(156, '2021-06-29', 454, 'DIGANTIKAN', 'Sholat jumat', 'N'),
(157, '2021-06-29', 475, 'HADIR', 'Peluang usaha', 'N'),
(158, '2021-06-29', 476, 'HADIR', 'Grammar', 'N'),
(159, '2021-06-29', 477, 'HADIR', 'Hak asasi manusia', 'N'),
(160, '2021-06-29', 478, 'HADIR', 'Sholat jenazah', 'N'),
(161, '2021-06-29', 500, 'HADIR', 'Barisan dan deret', 'N'),
(162, '2021-06-29', 501, 'HADIR', 'Peluang usaha', 'N'),
(163, '2021-06-29', 502, 'HADIR', 'Barisan dan deret', 'N'),
(164, '2021-06-29', 503, 'HADIR', 'Aksara jawa', 'N'),
(165, '2021-06-29', 524, 'HADIR', 'Peluang usaha', 'N'),
(166, '2021-06-29', 525, 'HADIR', 'Legislatif', 'N'),
(167, '2021-06-29', 526, 'HADIR', 'Kalimat efektif', 'N'),
(168, '2021-06-29', 527, 'HADIR', 'Pertidaksamaan Linear Dua Variabel', 'N'),
(169, '2021-06-29', 548, 'HADIR', 'Past Future Tense', 'N'),
(170, '2021-06-29', 549, 'KOSONG', NULL, 'N'),
(171, '2021-06-29', 550, 'HADIR', 'Pertidaksamaan Linear Dua Variabel', 'N'),
(172, '2021-06-29', 551, 'HADIR', 'Hak asasi manusia', 'N'),
(173, '2021-06-29', 572, 'HADIR', 'Barisan dan deret', 'N'),
(174, '2021-06-29', 573, 'DIGANTIKAN', 'asmaul husna', 'N'),
(175, '2021-06-29', 574, 'HADIR', 'Grammar', 'N'),
(176, '2021-06-29', 576, 'KOSONG', NULL, 'N'),
(177, '2021-06-30', 9, 'HADIR', 'Permainan bola besar', 'N'),
(178, '2021-06-30', 10, 'HADIR', 'Permainan bola besar', 'N'),
(179, '2021-06-30', 11, 'HADIR', 'laporan hasil observasi', 'N'),
(180, '2021-06-30', 12, 'HADIR', 'Persamaan garis lurus', 'N'),
(181, '2021-06-30', 13, 'HADIR', 'Persamaan garis lurus', 'N'),
(182, '2021-06-30', 34, 'HADIR', 'Teks biografi', 'N'),
(183, '2021-06-30', 35, 'HADIR', 'Persamaan garis lurus', 'N'),
(184, '2021-06-30', 36, 'HADIR', 'Masa Praaksara', 'N'),
(185, '2021-06-30', 37, 'HADIR', 'Adverb', 'N'),
(186, '2021-06-30', 38, 'HADIR', 'Hadist', 'N'),
(187, '2021-06-30', 62, 'HADIR', 'Masa Praaksara', 'N'),
(188, '2021-06-30', 63, 'KOSONG', NULL, 'N'),
(189, '2021-06-30', 64, 'HADIR', 'Persamaan garis lurus', 'N'),
(190, '2021-06-30', 65, 'HADIR', 'Teks biografi', 'N'),
(191, '2021-06-30', 66, 'HADIR', 'Hadist', 'N'),
(192, '2021-06-30', 86, 'HADIR', 'Adverb', 'N'),
(193, '2021-06-30', 87, 'HADIR', 'Adverb', 'N'),
(194, '2021-06-30', 88, 'HADIR', 'Hadist', 'N'),
(195, '2021-06-30', 89, 'HADIR', 'Teks biografi', 'N'),
(196, '2021-06-30', 90, 'HADIR', 'Seni rupa', 'N'),
(197, '2021-06-30', 110, 'HADIR', 'Masa Praaksara', 'N'),
(198, '2021-06-30', 111, 'HADIR', 'Seni rupa', 'N'),
(199, '2021-06-30', 112, 'HADIR', 'Lembaga lembaga menurut UUD45', 'N'),
(200, '2021-06-30', 114, 'HADIR', 'Hadist', 'N'),
(201, '2021-06-30', 115, 'HADIR', 'Teks biografi', 'N'),
(202, '2021-06-30', 135, 'HADIR', 'Seni rupa', 'N'),
(203, '2021-06-30', 136, 'HADIR', 'Adverb', 'N'),
(204, '2021-06-30', 137, 'HADIR', 'Masa Praaksara', 'N'),
(205, '2021-06-30', 138, 'HADIR', 'Teks biografi', 'N'),
(206, '2021-06-30', 139, 'HADIR', 'Teks biografi', 'N'),
(207, '2021-06-30', 159, 'HADIR', 'Persamaan garis lurus', 'N'),
(208, '2021-06-30', 160, 'HADIR', 'Teks biografi', 'N'),
(209, '2021-06-30', 161, 'HADIR', 'Hadist', 'N'),
(210, '2021-06-30', 162, 'HADIR', 'Persamaan garis lurus', 'N'),
(211, '2021-06-30', 163, 'HADIR', 'Seni rupa', 'N'),
(212, '2021-06-30', 207, 'HADIR', 'Persamaan garis lurus', 'N'),
(213, '2021-06-30', 208, 'KOSONG', NULL, 'N'),
(214, '2021-06-30', 209, 'HADIR', 'Adverb', 'N'),
(215, '2021-06-30', 210, 'HADIR', 'Adverb', 'N'),
(216, '2021-06-30', 211, 'HADIR', 'Lembaga lembaga menurut UUD45', 'N'),
(217, '2021-06-30', 231, 'HADIR', 'Permainan bola kecil', 'N'),
(218, '2021-06-30', 232, 'HADIR', 'Permainan bola kecil', 'N'),
(219, '2021-06-30', 233, 'DIGANTIKAN', 'latihan soal lks', 'N'),
(220, '2021-06-30', 234, 'HADIR', 'Persamaan lingkaran', 'N'),
(221, '2021-06-30', 235, 'DIGANTIKAN', 'latihan soal lks', 'N'),
(222, '2021-06-30', 257, 'HADIR', 'Kerajinan dari bahan limbah', 'N'),
(223, '2021-06-30', 258, 'HADIR', 'Persamaan lingkaran', 'N'),
(224, '2021-06-30', 259, 'HADIR', 'Persamaan lingkaran', 'N'),
(225, '2021-06-30', 260, 'HADIR', 'pemerintah pusat dan daerah', 'N'),
(226, '2021-06-30', 261, 'HADIR', 'Teks anekdot', 'N'),
(227, '2021-06-30', 281, 'KOSONG', NULL, 'N'),
(228, '2021-06-30', 282, 'HADIR', 'Hukum islam', 'N'),
(229, '2021-06-30', 283, 'HADIR', 'pemerintah pusat dan daerah', 'N'),
(230, '2021-06-30', 284, 'HADIR', 'Kerajinan dari bahan limbah', 'N'),
(231, '2021-06-30', 285, 'HADIR', 'Expression', 'N'),
(232, '2021-06-30', 305, 'HADIR', 'Permainan bola kecil', 'N'),
(233, '2021-06-30', 306, 'HADIR', 'Permainan bola kecil', 'N'),
(234, '2021-06-30', 307, 'HADIR', 'Persamaan lingkaran', 'N'),
(235, '2021-06-30', 308, 'HADIR', 'Kerajinan dari bahan limbah', 'N'),
(236, '2021-06-30', 309, 'HADIR', 'pemerintah pusat dan daerah', 'N'),
(237, '2021-06-30', 353, 'HADIR', 'Expression', 'N'),
(238, '2021-06-30', 354, 'HADIR', 'Expression', 'N'),
(239, '2021-06-30', 355, 'HADIR', 'Hukum islam', 'N'),
(240, '2021-06-30', 356, 'HADIR', 'pemerintah pusat dan daerah', 'N'),
(241, '2021-06-30', 357, 'KOSONG', 'Biografi', 'N'),
(242, '2021-06-30', 378, 'HADIR', 'Permainan bola kecil', 'N'),
(243, '2021-06-30', 379, 'HADIR', 'Permainan bola kecil', 'N'),
(244, '2021-06-30', 380, 'KOSONG', NULL, 'N'),
(245, '2021-06-30', 381, 'HADIR', 'Teks anekdot', 'N'),
(246, '2021-06-30', 382, 'HADIR', 'Aksara jawa', 'N'),
(247, '2021-06-30', 407, 'KOSONG', 'Biografi', 'N'),
(248, '2021-06-30', 408, 'HADIR', 'pemerintah pusat dan daerah', 'N'),
(249, '2021-06-30', 409, 'HADIR', 'Kerajinan dari bahan limbah', 'N'),
(250, '2021-06-30', 410, 'HADIR', 'Expression', 'N'),
(251, '2021-06-30', 411, 'HADIR', 'Aksara jawa', 'N'),
(252, '2021-06-30', 431, 'KOSONG', NULL, 'N'),
(253, '2021-06-30', 432, 'HADIR', 'Ajaran-Ajaran Pokok Rasulullah SAW di Mekah', 'N'),
(254, '2021-06-30', 433, 'HADIR', 'Geometri', 'N'),
(255, '2021-06-30', 434, 'HADIR', 'Budidaya pembenihan ikan konsumsi', 'N'),
(256, '2021-06-30', 435, 'HADIR', 'Wawasan nusantara', 'N'),
(257, '2021-06-30', 455, 'HADIR', 'Narative tekx', 'N'),
(258, '2021-06-30', 456, 'HADIR', 'Wawasan nusantara', 'N'),
(259, '2021-06-30', 457, 'KOSONG', NULL, 'N'),
(260, '2021-06-30', 458, 'HADIR', 'Narative text', 'N'),
(261, '2021-06-30', 459, 'KOSONG', NULL, 'N'),
(262, '2021-06-30', 479, 'HADIR', 'Geometri', 'N'),
(263, '2021-06-30', 480, 'HADIR', 'Budidaya pembenihan ikan konsumsi', 'N'),
(264, '2021-06-30', 481, 'HADIR', 'Geometri', 'N'),
(265, '2021-06-30', 482, 'HADIR', 'Aksara jawa', 'N'),
(266, '2021-06-30', 483, 'HADIR', 'Budidaya pembenihan ikan konsumsi', 'N'),
(267, '2021-06-30', 504, 'HADIR', 'Wawasan nusantara', 'N'),
(268, '2021-06-30', 505, 'HADIR', 'Geometri', 'N'),
(269, '2021-06-30', 506, 'HADIR', 'Ajaran-Ajaran Pokok Rasulullah SAW di Mekah', 'N'),
(270, '2021-06-30', 507, 'KOSONG', NULL, 'N'),
(271, '2021-06-30', 508, 'KOSONG', 'latihan soal', 'N'),
(272, '2021-06-30', 528, 'HADIR', 'Budidaya pembenihan ikan konsumsi', 'N'),
(273, '2021-06-30', 529, 'HADIR', 'Ajaran-Ajaran Pokok Rasulullah SAW di Mekah', 'N'),
(274, '2021-06-30', 530, 'HADIR', 'Narative text', 'N'),
(275, '2021-06-30', 531, 'HADIR', 'Dakwah Rasulullah di Makkah', 'N'),
(276, '2021-06-30', 532, 'HADIR', 'Budidaya pembenihan ikan konsumsi', 'N'),
(277, '2021-06-30', 552, 'HADIR', 'Budidaya pembenihan ikan konsumsi', 'N'),
(278, '2021-06-30', 553, 'HADIR', 'Teks anekdot', 'N'),
(279, '2021-06-30', 554, 'HADIR', 'Budidaya pembenihan ikan konsumsi', 'N'),
(280, '2021-06-30', 555, 'HADIR', 'Aksara jawa', 'N'),
(281, '2021-06-30', 556, 'DIGANTIKAN', 'latihan soal', 'N'),
(282, '2021-06-30', 577, 'HADIR', 'Budidaya pembenihan ikan konsumsi', 'N'),
(283, '2021-06-30', 578, 'PENDING', NULL, 'N'),
(284, '2021-06-30', 579, 'HADIR', 'Budidaya pembenihan ikan konsumsi', 'N'),
(285, '2021-06-30', 580, 'HADIR', 'Ajaran-Ajaran Pokok Rasulullah SAW di Mekah', 'N'),
(286, '2021-06-30', 581, 'HADIR', 'Narative text', 'N'),
(287, '2021-07-01', 14, 'HADIR', 'Pengendalian diri', 'N'),
(288, '2021-07-01', 15, 'HADIR', 'Sejarah nenek moyang bangsa Indonesia', 'N'),
(289, '2021-07-01', 16, 'HADIR', 'Pengendalian diri', 'N'),
(290, '2021-07-01', 17, 'HADIR', 'Eksponen', 'N'),
(291, '2021-07-01', 39, 'HADIR', 'Permainan bola besar', 'N'),
(292, '2021-07-01', 40, 'HADIR', 'Permainan bola besar', 'N'),
(293, '2021-07-01', 41, 'HADIR', 'Puisi', 'N'),
(294, '2021-07-01', 42, 'HADIR', 'Eksponen', 'N'),
(295, '2021-07-01', 67, 'HADIR', 'Seni rupa', 'N'),
(296, '2021-07-01', 68, 'HADIR', 'Eksponen', 'N'),
(297, '2021-07-01', 69, 'PENDING', NULL, 'N'),
(298, '2021-07-01', 70, 'HADIR', 'Past continous tense', 'N'),
(299, '2021-07-01', 91, 'HADIR', 'Permainan bola besar', 'N'),
(300, '2021-07-01', 92, 'HADIR', 'Permainan bola besar', 'N'),
(301, '2021-07-01', 93, 'HADIR', 'Lembaga lembaga menurut UUD45', 'N'),
(302, '2021-07-01', 94, 'HADIR', 'Lembaga lembaga menurut UUD45', 'N'),
(303, '2021-07-01', 116, 'HADIR', 'Eksponen', 'N'),
(304, '2021-07-01', 117, 'HADIR', 'Bhineka tunggal ika', 'N'),
(305, '2021-07-01', 118, 'KOSONG', NULL, 'N'),
(306, '2021-07-01', 119, 'KOSONG', NULL, 'N'),
(307, '2021-07-01', 140, 'PENDING', 'Persamaan Trigonometri', 'N'),
(308, '2021-07-01', 141, 'HADIR', 'Bhineka tunggal ika', 'N'),
(309, '2021-07-01', 142, 'HADIR', 'Sholat jenazah', 'N'),
(310, '2021-07-01', 143, 'KOSONG', NULL, 'N'),
(311, '2021-07-01', 164, 'HADIR', 'Contonous tense', 'N'),
(312, '2021-07-01', 165, 'HADIR', 'Puisi', 'N'),
(313, '2021-07-01', 166, 'HADIR', 'Hindu budha di Indonesia', 'N'),
(314, '2021-07-01', 167, 'KOSONG', NULL, 'N'),
(315, '2021-07-01', 212, 'HADIR', 'Persamaan Trigonometri', 'N'),
(316, '2021-07-01', 213, 'KOSONG', NULL, 'N'),
(317, '2021-07-01', 214, 'HADIR', 'Puisi', 'N'),
(318, '2021-07-01', 215, 'HADIR', 'Sholat jenazah', 'N'),
(319, '2021-07-01', 236, 'HADIR', 'Pronoun', 'N'),
(320, '2021-07-01', 237, 'HADIR', 'Hari raya qurban', 'N'),
(321, '2021-07-01', 238, 'HADIR', 'Pasif text', 'N'),
(322, '2021-07-01', 239, 'HADIR', 'Bhineka tunggal ika', 'N'),
(323, '2021-07-01', 262, 'HADIR', NULL, 'N'),
(324, '2021-07-01', 263, 'HADIR', NULL, 'N'),
(325, '2021-07-01', 264, 'HADIR', NULL, 'N'),
(326, '2021-07-01', 265, 'HADIR', NULL, 'N'),
(327, '2021-07-01', 286, 'HADIR', 'Lingkaran', 'N'),
(328, '2021-07-01', 287, 'HADIR', 'Teks eksposisi', 'N'),
(329, '2021-07-01', 288, 'HADIR', 'Bhineka tunggal ika', 'N'),
(330, '2021-07-01', 289, 'HADIR', 'Contonous tense', 'N'),
(331, '2021-07-01', 310, 'HADIR', 'Lingkaran', 'N'),
(332, '2021-07-01', 311, 'HADIR', 'Teks eksposisi', 'N'),
(333, '2021-07-01', 312, 'HADIR', 'Teks eksposisi', 'N'),
(334, '2021-07-01', 313, 'KOSONG', NULL, 'N'),
(335, '2021-07-01', 358, 'KOSONG', NULL, 'N'),
(336, '2021-07-01', 359, 'HADIR', 'Trigonometri', 'N'),
(337, '2021-07-01', 360, 'KOSONG', 'latihan soal', 'N'),
(338, '2021-07-01', 361, 'HADIR', 'Continous tense', 'N'),
(339, '2021-07-01', 383, 'HADIR', 'Teks eksposisi', 'N'),
(340, '2021-07-01', 384, 'HADIR', 'Lingkaran', 'N'),
(341, '2021-07-01', 385, 'HADIR', 'Aljabar', 'N'),
(342, '2021-07-01', 386, 'HADIR', 'Sholat jumat', 'N'),
(343, '2021-07-01', 412, 'HADIR', 'Lingkaran', 'N'),
(344, '2021-07-01', 413, 'HADIR', 'Bangun ruang', 'N'),
(345, '2021-07-01', 414, 'HADIR', 'Lukis gelas', 'N'),
(346, '2021-07-01', 415, 'KOSONG', NULL, 'N'),
(347, '2021-07-01', 436, 'HADIR', 'Trigonometri', 'N'),
(348, '2021-07-01', 437, 'KOSONG', NULL, 'N'),
(349, '2021-07-01', 438, 'HADIR', 'Perfect tense', 'N'),
(350, '2021-07-01', 439, 'HADIR', 'Zakat', 'N'),
(351, '2021-07-01', 460, 'HADIR', 'Zakat', 'N'),
(352, '2021-07-01', 461, 'HADIR', 'Kerajinan gipsum', 'N'),
(353, '2021-07-01', 462, 'HADIR', 'Perfect tense', 'N'),
(354, '2021-07-01', 463, 'HADIR', 'Integrasi bhineka tunggal ika', 'N'),
(355, '2021-07-01', 484, 'HADIR', 'Zakat', 'N'),
(356, '2021-07-01', 485, 'HADIR', 'past perfect tense', 'N'),
(357, '2021-07-01', 487, 'DIGANTIKAN', 'Text laporan', 'N'),
(358, '2021-07-01', 488, 'HADIR', 'Contonous perfect tense', 'N'),
(359, '2021-07-01', 509, 'HADIR', 'Surat izin usaha', 'N'),
(360, '2021-07-01', 510, 'HADIR', 'Perfect tense', 'N'),
(361, '2021-07-01', 511, 'KOSONG', 'latihan soal', 'N'),
(362, '2021-07-01', 512, 'HADIR', 'Surat izin usaha', 'N'),
(363, '2021-07-01', 533, 'HADIR', 'Trigonometri', 'N'),
(364, '2021-07-01', 534, 'HADIR', 'Perfect tense', 'N'),
(365, '2021-07-01', 535, 'HADIR', 'past perfect tense', 'N'),
(366, '2021-07-01', 536, 'KOSONG', NULL, 'N'),
(367, '2021-07-01', 557, 'HADIR', 'Integrasi bhineka tunggal ika', 'N'),
(368, '2021-07-01', 558, 'KOSONG', NULL, 'N'),
(369, '2021-07-01', 559, 'HADIR', 'Zakat', 'N'),
(370, '2021-07-01', 560, 'HADIR', 'Perfect tense', 'N'),
(371, '2021-07-01', 582, 'HADIR', 'Procedure Text', 'N'),
(372, '2021-07-01', 583, 'HADIR', 'Integrasi bhineka tunggal ika', 'N'),
(373, '2021-07-01', 584, 'HADIR', 'Trigonometri', 'N'),
(374, '2021-07-01', 585, 'HADIR', 'Teks eksposisi', 'N'),
(375, '2021-07-02', 18, 'HADIR', 'ketentuan nilai UUD NRI tahun 1945 dalam kehidupan berbangsa dan Bernegara', 'N'),
(376, '2021-07-02', 19, 'HADIR', 'jenis jenis seni rupa ', 'N'),
(377, '2021-07-02', 20, 'HADIR', 'pronoun ', 'N'),
(378, '2021-07-02', 47, 'HADIR', 'Jenis jenis seni rupa ', 'N'),
(379, '2021-07-02', 48, 'KOSONG', 'jenis jenis seni rupa ', 'N'),
(380, '2021-07-02', 49, 'HADIR', 'asmaul Husna ', 'N'),
(381, '2021-07-02', 71, 'HADIR', 'Bentuk dan Menyelesaikan Persamaan Logaritma', 'N'),
(382, '2021-07-02', 72, 'HADIR', 'Manusia purba yabg ditemukan di indonesia', 'N'),
(383, '2021-07-02', 73, 'HADIR', 'Nilai Nilai Pancasila dalam Kerangka Praktik Penyelenggaraan Pemerintahan Negara', 'N'),
(384, '2021-07-02', 95, 'HADIR', 'seni rupa', 'N'),
(385, '2021-07-02', 96, 'HADIR', 'eksponen', 'N'),
(386, '2021-07-02', 97, 'HADIR', 'toleransi ', 'N'),
(387, '2021-07-02', 120, 'HADIR', 'pronoun', 'N'),
(388, '2021-07-02', 121, 'HADIR', 'manusia purba yang di temukan di indonesia', 'N'),
(389, '2021-07-02', 122, 'HADIR', 'seni rupa', 'N'),
(390, '2021-07-02', 144, 'HADIR', 'eksponen', 'N'),
(391, '2021-07-02', 145, 'HADIR', 'past continus tense ', 'N'),
(392, '2021-07-02', 146, 'HADIR', 'toleransi sesama agama', 'N'),
(393, '2021-07-02', 168, 'HADIR', 'Manusia purbayang di temukan di Indonesia', 'N'),
(394, '2021-07-02', 169, 'HADIR', 'pronoun ', 'N'),
(395, '2021-07-02', 170, 'DIGANTIKAN', 'seni rupa ', 'N'),
(396, '2021-07-02', 216, 'HADIR', 'bulu tangkis \n', 'N'),
(397, '2021-07-02', 217, 'HADIR', 'bulu tangkis', 'N'),
(398, '2021-07-02', 218, 'HADIR', 'ancaman bhinneka tunggal ika', 'N'),
(399, '2021-07-02', 240, 'HADIR', 'eksponen', 'N'),
(400, '2021-07-02', 241, 'HADIR', 'puisi', 'N'),
(401, '2021-07-02', 242, 'HADIR', 'puisi', 'N'),
(402, '2021-07-02', 266, 'HADIR', 'past continus tense ', 'N'),
(403, '2021-07-02', 267, 'HADIR', 'toleransi', 'N'),
(404, '2021-07-02', 268, 'HADIR', 'continus tense ', 'N'),
(405, '2021-07-02', 290, 'HADIR', 'sholat jum\'at ', 'N'),
(406, '2021-07-02', 291, 'HADIR', 'program linear', 'N'),
(407, '2021-07-02', 292, 'HADIR', 'recount text', 'N'),
(408, '2021-07-02', 314, 'HADIR', 'program linear', 'N'),
(409, '2021-07-02', 315, 'HADIR', 'sholat jum\'at', 'N'),
(410, '2021-07-02', 316, 'DIGANTIKAN', 'Text Debat', 'N'),
(411, '2021-07-02', 362, 'KOSONG', NULL, 'N'),
(412, '2021-07-02', 363, 'HADIR', 'program linear', 'N'),
(413, '2021-07-02', 364, 'HADIR', 'kerajinan gypsum ', 'N'),
(414, '2021-07-02', 387, 'HADIR', 'sholat jenazah', 'N'),
(415, '2021-07-02', 388, 'HADIR', 'integrasi nasional', 'N'),
(416, '2021-07-02', 389, 'HADIR', 'kerajinan gypsum\n', 'N'),
(417, '2021-07-02', 416, 'HADIR', 'Recount Text', 'N'),
(418, '2021-07-02', 417, 'HADIR', 'sholat jenazah', 'N'),
(419, '2021-07-02', 418, 'HADIR', 'grammar', 'N'),
(420, '2021-07-02', 440, 'HADIR', 'kerajinan Gypsum', 'N'),
(421, '2021-07-02', 441, 'HADIR', 'Recount Text', 'N'),
(422, '2021-07-02', 442, 'HADIR', 'Text debat', 'N'),
(423, '2021-07-02', 464, 'HADIR', 'Bunga Tunggal Majemuk ', 'N'),
(424, '2021-07-02', 465, 'HADIR', 'Text Debat', 'N'),
(425, '2021-07-02', 466, 'KOSONG', 'Mengerjakan Tugas Latihan bunga tunggal majemuk', 'N'),
(426, '2021-07-02', 489, 'HADIR', 'Kasus pelanggaran Hak dan Pengingkaran kewajiban warga negara', 'N'),
(427, '2021-07-02', 490, 'HADIR', 'Media promosi dan pemasaran', 'N'),
(428, '2021-07-02', 491, 'HADIR', 'statistik data tunggal', 'N'),
(429, '2021-07-02', 513, 'HADIR', 'Hukum Islam tentang pernikahan', 'N'),
(430, '2021-07-02', 514, 'DIGANTIKAN', 'unreal Conditional sentences', 'N'),
(431, '2021-07-02', 515, 'HADIR', 'komposisi transformasi', 'N'),
(432, '2021-07-02', 537, 'HADIR', 'Unreal Conditional sentences', 'N'),
(433, '2021-07-02', 538, 'HADIR', 'komposisi tranformasi', 'N'),
(434, '2021-07-02', 539, 'HADIR', 'Kasus pelanggaran Hak dan Pengingkaran Kewajiban warga negara ', 'N'),
(435, '2021-07-02', 561, 'HADIR', 'annoucment ', 'N'),
(436, '2021-07-02', 562, 'HADIR', 'komposisi Tranformasi', 'N'),
(437, '2021-07-02', 563, 'HADIR', 'Medua Promosi dan pemasaran ', 'N'),
(438, '2021-07-02', 586, 'HADIR', 'statistik data tunggal ', 'N'),
(439, '2021-07-02', 587, 'DIGANTIKAN', 'Media Promosi dan pemasaran', 'N'),
(440, '2021-07-02', 588, 'HADIR', 'Hukum islam tentang pernikahan', 'N'),
(441, '2021-07-03', 21, 'HADIR', 'Past tense', 'N'),
(442, '2021-07-03', 22, 'HADIR', 'Zakat', 'N'),
(443, '2021-07-03', 23, 'HADIR', 'Cerpen', 'N'),
(444, '2021-07-03', 24, 'HADIR', 'Zaman batu', 'N'),
(445, '2021-07-03', 50, 'HADIR', 'Perbandingan', 'N'),
(446, '2021-07-03', 51, 'HADIR', 'Past tense', 'N'),
(447, '2021-07-03', 52, 'HADIR', 'Zaman batu', 'N'),
(448, '2021-07-03', 53, 'KOSONG', NULL, 'N'),
(449, '2021-07-03', 74, 'HADIR', 'Permainan bola kecil', 'N'),
(450, '2021-07-03', 75, 'HADIR', 'Permainan bola kecil', 'N'),
(451, '2021-07-03', 76, 'KOSONG', 'Latihan soal lks', 'N'),
(452, '2021-07-03', 77, 'HADIR', 'Zakat', 'N'),
(453, '2021-07-03', 98, 'HADIR', 'Zaman batu', 'N'),
(454, '2021-07-03', 99, 'HADIR', 'Gambar', 'N'),
(455, '2021-07-03', 100, 'HADIR', 'Zakat', 'N'),
(456, '2021-07-03', 101, 'HADIR', 'Cerpen', 'N'),
(457, '2021-07-03', 123, 'HADIR', 'Perbandingan', 'N'),
(458, '2021-07-03', 124, 'KOSONG', NULL, 'N'),
(459, '2021-07-03', 125, 'HADIR', 'Perbandingan', 'N'),
(460, '2021-07-03', 126, 'HADIR', 'Past tense', 'N'),
(461, '2021-07-03', 147, 'HADIR', 'Gambar', 'N'),
(462, '2021-07-03', 148, 'DIGANTIKAN', 'Latihan soal lks', 'N'),
(463, '2021-07-03', 149, 'HADIR', 'Gambar', 'N'),
(464, '2021-07-03', 150, 'HADIR', 'Gambar', 'N'),
(465, '2021-07-03', 171, 'HADIR', 'Permainan bola besar', 'N'),
(466, '2021-07-03', 172, 'HADIR', 'Permainan bola besar', 'N'),
(467, '2021-07-03', 173, 'HADIR', 'Perbandingan', 'N'),
(468, '2021-07-03', 174, 'HADIR', 'NKRI', 'N'),
(469, '2021-07-03', 219, 'HADIR', 'Zaman batu', 'N'),
(470, '2021-07-03', 220, 'HADIR', 'Past tense', 'N'),
(471, '2021-07-03', 221, 'HADIR', 'Cerpen', 'N'),
(472, '2021-07-03', 222, 'KOSONG', NULL, 'N'),
(473, '2021-07-03', 243, 'HADIR', 'Teks debat', 'N'),
(474, '2021-07-03', 244, 'HADIR', 'Future tense', 'N'),
(475, '2021-07-03', 245, 'HADIR', 'Nusantara', 'N'),
(476, '2021-07-03', 246, 'KOSONG', NULL, 'N'),
(477, '2021-07-03', 269, 'HADIR', 'NKRI', 'N'),
(478, '2021-07-03', 270, 'HADIR', 'Pytagoras', 'N'),
(479, '2021-07-03', 271, 'HADIR', 'Teks debat', 'N'),
(480, '2021-07-03', 272, 'KOSONG', 'Latihan soal lks', 'N'),
(481, '2021-07-03', 293, 'HADIR', 'Wirausaha muda', 'N'),
(482, '2021-07-03', 294, 'HADIR', 'Teks debat', 'N'),
(483, '2021-07-03', 295, 'HADIR', 'Wirausaha muda', 'N'),
(484, '2021-07-03', 296, 'DIGANTIKAN', 'Latihan soal', 'N'),
(485, '2021-07-03', 317, 'HADIR', 'Future tense', 'N'),
(486, '2021-07-03', 318, 'HADIR', 'Wirausaha muda', 'N'),
(487, '2021-07-03', 319, 'HADIR', 'Wirausaha muda', 'N'),
(488, '2021-07-03', 320, 'HADIR', 'Teks debat', 'N'),
(489, '2021-07-03', 365, 'HADIR', 'Permainan bola kecil', 'N'),
(490, '2021-07-03', 366, 'HADIR', 'Permainan bola kecil', 'N'),
(491, '2021-07-03', 367, 'HADIR', 'Isra\' mi\'raj', 'N'),
(492, '2021-07-03', 368, 'KOSONG', NULL, 'N'),
(493, '2021-07-03', 390, 'HADIR', 'Future tense', 'N'),
(494, '2021-07-03', 391, 'HADIR', 'Wirausaha muda', 'N'),
(495, '2021-07-03', 392, 'HADIR', 'Pytagoras', 'N'),
(496, '2021-07-03', 393, 'HADIR', 'Future tense', 'N'),
(497, '2021-07-03', 419, 'KOSONG', NULL, 'N'),
(498, '2021-07-03', 420, 'KOSONG', NULL, 'N'),
(499, '2021-07-03', 421, 'HADIR', 'Teks debat', 'N'),
(500, '2021-07-03', 422, 'HADIR', 'Wirausaha muda', 'N'),
(501, '2021-07-03', 443, 'HADIR', NULL, 'N'),
(502, '2021-07-03', 444, 'HADIR', NULL, 'N'),
(503, '2021-07-03', 445, 'HADIR', NULL, 'N'),
(504, '2021-07-03', 446, 'HADIR', NULL, 'N'),
(505, '2021-07-03', 467, 'HADIR', NULL, 'N'),
(506, '2021-07-03', 468, 'HADIR', NULL, 'N'),
(507, '2021-07-03', 469, 'HADIR', NULL, 'N'),
(508, '2021-07-03', 470, 'HADIR', NULL, 'N'),
(509, '2021-07-03', 492, 'HADIR', NULL, 'N'),
(510, '2021-07-03', 493, 'HADIR', NULL, 'N'),
(511, '2021-07-03', 494, 'HADIR', NULL, 'N'),
(512, '2021-07-03', 495, 'HADIR', NULL, 'N'),
(513, '2021-07-03', 516, 'HADIR', NULL, 'N'),
(514, '2021-07-03', 517, 'HADIR', NULL, 'N'),
(515, '2021-07-03', 518, 'HADIR', NULL, 'N'),
(516, '2021-07-03', 519, 'HADIR', NULL, 'N'),
(517, '2021-07-03', 540, 'HADIR', NULL, 'N'),
(518, '2021-07-03', 541, 'HADIR', NULL, 'N'),
(519, '2021-07-03', 542, 'HADIR', NULL, 'N'),
(520, '2021-07-03', 543, 'HADIR', NULL, 'N'),
(521, '2021-07-03', 564, 'HADIR', NULL, 'N'),
(522, '2021-07-03', 565, 'HADIR', NULL, 'N'),
(523, '2021-07-03', 566, 'HADIR', NULL, 'N'),
(524, '2021-07-03', 567, 'HADIR', NULL, 'N'),
(525, '2021-07-03', 589, 'HADIR', NULL, 'N'),
(526, '2021-07-03', 590, 'HADIR', NULL, 'N'),
(527, '2021-07-03', 591, 'HADIR', NULL, 'N'),
(528, '2021-07-03', 592, 'HADIR', NULL, 'N'),
(529, '2021-07-05', 1, 'PENDING', NULL, 'N'),
(530, '2021-07-05', 2, 'PENDING', NULL, 'N'),
(531, '2021-07-05', 3, 'PENDING', NULL, 'N'),
(532, '2021-07-05', 4, 'PENDING', NULL, 'N'),
(533, '2021-07-05', 25, 'PENDING', NULL, 'N'),
(534, '2021-07-05', 26, 'PENDING', NULL, 'N'),
(535, '2021-07-05', 27, 'PENDING', NULL, 'N'),
(536, '2021-07-05', 28, 'PENDING', NULL, 'N'),
(537, '2021-07-05', 54, 'PENDING', NULL, 'N'),
(538, '2021-07-05', 55, 'PENDING', NULL, 'N'),
(539, '2021-07-05', 56, 'PENDING', NULL, 'N'),
(540, '2021-07-05', 57, 'PENDING', NULL, 'N'),
(541, '2021-07-05', 78, 'PENDING', NULL, 'N'),
(542, '2021-07-05', 79, 'PENDING', NULL, 'N'),
(543, '2021-07-05', 80, 'PENDING', NULL, 'N'),
(544, '2021-07-05', 81, 'PENDING', NULL, 'N'),
(545, '2021-07-05', 102, 'PENDING', NULL, 'N'),
(546, '2021-07-05', 103, 'PENDING', NULL, 'N'),
(547, '2021-07-05', 104, 'PENDING', NULL, 'N'),
(548, '2021-07-05', 105, 'PENDING', NULL, 'N'),
(549, '2021-07-05', 127, 'PENDING', NULL, 'N'),
(550, '2021-07-05', 128, 'PENDING', NULL, 'N'),
(551, '2021-07-05', 129, 'PENDING', NULL, 'N'),
(552, '2021-07-05', 130, 'PENDING', NULL, 'N'),
(553, '2021-07-05', 151, 'PENDING', NULL, 'N'),
(554, '2021-07-05', 152, 'PENDING', NULL, 'N'),
(555, '2021-07-05', 153, 'PENDING', NULL, 'N'),
(556, '2021-07-05', 154, 'PENDING', NULL, 'N'),
(557, '2021-07-05', 199, 'PENDING', NULL, 'N'),
(558, '2021-07-05', 200, 'PENDING', NULL, 'N'),
(559, '2021-07-05', 201, 'PENDING', NULL, 'N'),
(560, '2021-07-05', 202, 'PENDING', NULL, 'N'),
(561, '2021-07-05', 223, 'PENDING', NULL, 'N'),
(562, '2021-07-05', 224, 'PENDING', NULL, 'N'),
(563, '2021-07-05', 225, 'PENDING', NULL, 'N'),
(564, '2021-07-05', 226, 'PENDING', NULL, 'N'),
(565, '2021-07-05', 247, 'PENDING', NULL, 'N'),
(566, '2021-07-05', 248, 'PENDING', NULL, 'N'),
(567, '2021-07-05', 251, 'PENDING', NULL, 'N'),
(568, '2021-07-05', 252, 'PENDING', NULL, 'N'),
(569, '2021-07-05', 273, 'PENDING', NULL, 'N'),
(570, '2021-07-05', 274, 'PENDING', NULL, 'N'),
(571, '2021-07-05', 275, 'PENDING', NULL, 'N'),
(572, '2021-07-05', 276, 'PENDING', NULL, 'N'),
(573, '2021-07-05', 297, 'PENDING', NULL, 'N'),
(574, '2021-07-05', 298, 'PENDING', NULL, 'N'),
(575, '2021-07-05', 299, 'PENDING', NULL, 'N'),
(576, '2021-07-05', 300, 'PENDING', NULL, 'N'),
(577, '2021-07-05', 345, 'PENDING', NULL, 'N'),
(578, '2021-07-05', 346, 'PENDING', NULL, 'N'),
(579, '2021-07-05', 347, 'PENDING', NULL, 'N'),
(580, '2021-07-05', 348, 'PENDING', NULL, 'N'),
(581, '2021-07-05', 369, 'PENDING', NULL, 'N'),
(582, '2021-07-05', 370, 'PENDING', NULL, 'N'),
(583, '2021-07-05', 371, 'PENDING', NULL, 'N'),
(584, '2021-07-05', 372, 'PENDING', NULL, 'N'),
(585, '2021-07-05', 399, 'PENDING', NULL, 'N'),
(586, '2021-07-05', 400, 'PENDING', NULL, 'N'),
(587, '2021-07-05', 401, 'PENDING', NULL, 'N'),
(588, '2021-07-05', 402, 'PENDING', NULL, 'N'),
(589, '2021-07-05', 423, 'PENDING', NULL, 'N'),
(590, '2021-07-05', 424, 'PENDING', NULL, 'N'),
(591, '2021-07-05', 425, 'PENDING', NULL, 'N'),
(592, '2021-07-05', 426, 'PENDING', NULL, 'N'),
(593, '2021-07-05', 447, 'PENDING', NULL, 'N'),
(594, '2021-07-05', 448, 'PENDING', NULL, 'N'),
(595, '2021-07-05', 449, 'PENDING', NULL, 'N'),
(596, '2021-07-05', 450, 'PENDING', NULL, 'N'),
(597, '2021-07-05', 471, 'PENDING', NULL, 'N'),
(598, '2021-07-05', 472, 'PENDING', NULL, 'N'),
(599, '2021-07-05', 473, 'PENDING', NULL, 'N'),
(600, '2021-07-05', 474, 'PENDING', NULL, 'N'),
(601, '2021-07-05', 496, 'PENDING', NULL, 'N'),
(602, '2021-07-05', 497, 'PENDING', NULL, 'N'),
(603, '2021-07-05', 498, 'PENDING', NULL, 'N'),
(604, '2021-07-05', 499, 'PENDING', NULL, 'N'),
(605, '2021-07-05', 520, 'PENDING', NULL, 'N'),
(606, '2021-07-05', 521, 'PENDING', NULL, 'N'),
(607, '2021-07-05', 522, 'PENDING', NULL, 'N'),
(608, '2021-07-05', 523, 'PENDING', NULL, 'N'),
(609, '2021-07-05', 544, 'PENDING', NULL, 'N'),
(610, '2021-07-05', 545, 'PENDING', NULL, 'N'),
(611, '2021-07-05', 546, 'PENDING', NULL, 'N'),
(612, '2021-07-05', 547, 'PENDING', NULL, 'N'),
(613, '2021-07-05', 568, 'PENDING', NULL, 'N'),
(614, '2021-07-05', 569, 'PENDING', NULL, 'N'),
(615, '2021-07-05', 570, 'PENDING', NULL, 'N'),
(616, '2021-07-05', 571, 'PENDING', NULL, 'N'),
(617, '2021-07-06', 5, 'PENDING', NULL, 'N'),
(618, '2021-07-06', 6, 'PENDING', NULL, 'N'),
(619, '2021-07-06', 7, 'PENDING', NULL, 'N'),
(620, '2021-07-06', 8, 'PENDING', NULL, 'N'),
(621, '2021-07-06', 29, 'PENDING', NULL, 'N'),
(622, '2021-07-06', 30, 'PENDING', NULL, 'N'),
(623, '2021-07-06', 32, 'PENDING', NULL, 'N'),
(624, '2021-07-06', 33, 'PENDING', NULL, 'N'),
(625, '2021-07-06', 58, 'PENDING', NULL, 'N'),
(626, '2021-07-06', 59, 'PENDING', NULL, 'N'),
(627, '2021-07-06', 60, 'PENDING', NULL, 'N'),
(628, '2021-07-06', 61, 'PENDING', NULL, 'N'),
(629, '2021-07-06', 82, 'PENDING', NULL, 'N'),
(630, '2021-07-06', 83, 'PENDING', NULL, 'N'),
(631, '2021-07-06', 84, 'PENDING', NULL, 'N'),
(632, '2021-07-06', 85, 'PENDING', NULL, 'N'),
(633, '2021-07-06', 106, 'PENDING', NULL, 'N'),
(634, '2021-07-06', 107, 'PENDING', NULL, 'N'),
(635, '2021-07-06', 108, 'PENDING', NULL, 'N'),
(636, '2021-07-06', 109, 'PENDING', NULL, 'N'),
(637, '2021-07-06', 131, 'PENDING', NULL, 'N'),
(638, '2021-07-06', 132, 'PENDING', NULL, 'N'),
(639, '2021-07-06', 133, 'PENDING', NULL, 'N'),
(640, '2021-07-06', 134, 'PENDING', NULL, 'N'),
(641, '2021-07-06', 155, 'PENDING', NULL, 'N'),
(642, '2021-07-06', 156, 'PENDING', NULL, 'N'),
(643, '2021-07-06', 157, 'PENDING', NULL, 'N'),
(644, '2021-07-06', 158, 'PENDING', NULL, 'N'),
(645, '2021-07-06', 203, 'PENDING', NULL, 'N'),
(646, '2021-07-06', 204, 'PENDING', NULL, 'N'),
(647, '2021-07-06', 205, 'PENDING', NULL, 'N'),
(648, '2021-07-06', 206, 'PENDING', NULL, 'N'),
(649, '2021-07-06', 227, 'PENDING', NULL, 'N'),
(650, '2021-07-06', 228, 'PENDING', NULL, 'N'),
(651, '2021-07-06', 229, 'PENDING', NULL, 'N'),
(652, '2021-07-06', 230, 'PENDING', NULL, 'N'),
(653, '2021-07-06', 253, 'PENDING', NULL, 'N'),
(654, '2021-07-06', 254, 'PENDING', NULL, 'N'),
(655, '2021-07-06', 255, 'PENDING', NULL, 'N'),
(656, '2021-07-06', 256, 'PENDING', NULL, 'N'),
(657, '2021-07-06', 277, 'PENDING', NULL, 'N'),
(658, '2021-07-06', 278, 'PENDING', NULL, 'N'),
(659, '2021-07-06', 279, 'PENDING', NULL, 'N'),
(660, '2021-07-06', 280, 'PENDING', NULL, 'N'),
(661, '2021-07-06', 301, 'PENDING', NULL, 'N'),
(662, '2021-07-06', 302, 'PENDING', NULL, 'N'),
(663, '2021-07-06', 303, 'PENDING', NULL, 'N'),
(664, '2021-07-06', 304, 'PENDING', NULL, 'N'),
(665, '2021-07-06', 349, 'PENDING', NULL, 'N'),
(666, '2021-07-06', 350, 'PENDING', NULL, 'N'),
(667, '2021-07-06', 351, 'PENDING', NULL, 'N'),
(668, '2021-07-06', 352, 'PENDING', NULL, 'N'),
(669, '2021-07-06', 373, 'PENDING', NULL, 'N'),
(670, '2021-07-06', 374, 'PENDING', NULL, 'N'),
(671, '2021-07-06', 376, 'PENDING', NULL, 'N'),
(672, '2021-07-06', 377, 'PENDING', NULL, 'N'),
(673, '2021-07-06', 403, 'PENDING', NULL, 'N'),
(674, '2021-07-06', 404, 'PENDING', NULL, 'N'),
(675, '2021-07-06', 405, 'PENDING', NULL, 'N'),
(676, '2021-07-06', 406, 'PENDING', NULL, 'N'),
(677, '2021-07-06', 427, 'PENDING', NULL, 'N'),
(678, '2021-07-06', 428, 'PENDING', NULL, 'N'),
(679, '2021-07-06', 429, 'PENDING', NULL, 'N'),
(680, '2021-07-06', 430, 'PENDING', NULL, 'N'),
(681, '2021-07-06', 451, 'PENDING', NULL, 'N'),
(682, '2021-07-06', 452, 'PENDING', NULL, 'N'),
(683, '2021-07-06', 453, 'PENDING', NULL, 'N'),
(684, '2021-07-06', 454, 'PENDING', NULL, 'N'),
(685, '2021-07-06', 475, 'PENDING', NULL, 'N'),
(686, '2021-07-06', 476, 'PENDING', NULL, 'N'),
(687, '2021-07-06', 477, 'PENDING', NULL, 'N'),
(688, '2021-07-06', 478, 'PENDING', NULL, 'N'),
(689, '2021-07-06', 500, 'PENDING', NULL, 'N'),
(690, '2021-07-06', 501, 'PENDING', NULL, 'N'),
(691, '2021-07-06', 502, 'PENDING', NULL, 'N'),
(692, '2021-07-06', 503, 'PENDING', NULL, 'N'),
(693, '2021-07-06', 524, 'PENDING', NULL, 'N'),
(694, '2021-07-06', 525, 'PENDING', NULL, 'N'),
(695, '2021-07-06', 526, 'PENDING', NULL, 'N'),
(696, '2021-07-06', 527, 'PENDING', NULL, 'N'),
(697, '2021-07-06', 548, 'PENDING', NULL, 'N'),
(698, '2021-07-06', 549, 'PENDING', NULL, 'N'),
(699, '2021-07-06', 550, 'PENDING', NULL, 'N'),
(700, '2021-07-06', 551, 'PENDING', NULL, 'N'),
(701, '2021-07-06', 572, 'PENDING', NULL, 'N'),
(702, '2021-07-06', 573, 'PENDING', NULL, 'N'),
(703, '2021-07-06', 574, 'PENDING', NULL, 'N'),
(704, '2021-07-06', 576, 'PENDING', NULL, 'N'),
(705, '2021-07-07', 9, 'PENDING', NULL, 'N'),
(706, '2021-07-07', 10, 'PENDING', NULL, 'N'),
(707, '2021-07-07', 11, 'PENDING', NULL, 'N'),
(708, '2021-07-07', 12, 'PENDING', NULL, 'N'),
(709, '2021-07-07', 13, 'PENDING', NULL, 'N'),
(710, '2021-07-07', 34, 'PENDING', NULL, 'N'),
(711, '2021-07-07', 35, 'PENDING', NULL, 'N'),
(712, '2021-07-07', 36, 'PENDING', NULL, 'N'),
(713, '2021-07-07', 37, 'PENDING', NULL, 'N'),
(714, '2021-07-07', 38, 'PENDING', NULL, 'N'),
(715, '2021-07-07', 62, 'PENDING', NULL, 'N'),
(716, '2021-07-07', 63, 'PENDING', NULL, 'N'),
(717, '2021-07-07', 64, 'PENDING', NULL, 'N'),
(718, '2021-07-07', 65, 'PENDING', NULL, 'N'),
(719, '2021-07-07', 66, 'PENDING', NULL, 'N'),
(720, '2021-07-07', 86, 'PENDING', NULL, 'N'),
(721, '2021-07-07', 87, 'PENDING', NULL, 'N'),
(722, '2021-07-07', 88, 'PENDING', NULL, 'N'),
(723, '2021-07-07', 89, 'PENDING', NULL, 'N'),
(724, '2021-07-07', 90, 'PENDING', NULL, 'N'),
(725, '2021-07-07', 110, 'PENDING', NULL, 'N'),
(726, '2021-07-07', 111, 'PENDING', NULL, 'N'),
(727, '2021-07-07', 112, 'PENDING', NULL, 'N'),
(728, '2021-07-07', 114, 'PENDING', NULL, 'N'),
(729, '2021-07-07', 115, 'PENDING', NULL, 'N'),
(730, '2021-07-07', 135, 'PENDING', NULL, 'N'),
(731, '2021-07-07', 136, 'PENDING', NULL, 'N'),
(732, '2021-07-07', 137, 'PENDING', NULL, 'N'),
(733, '2021-07-07', 138, 'PENDING', NULL, 'N'),
(734, '2021-07-07', 139, 'PENDING', NULL, 'N'),
(735, '2021-07-07', 159, 'PENDING', NULL, 'N'),
(736, '2021-07-07', 160, 'PENDING', NULL, 'N'),
(737, '2021-07-07', 161, 'PENDING', NULL, 'N'),
(738, '2021-07-07', 162, 'PENDING', NULL, 'N'),
(739, '2021-07-07', 163, 'PENDING', NULL, 'N'),
(740, '2021-07-07', 207, 'PENDING', NULL, 'N'),
(741, '2021-07-07', 208, 'PENDING', NULL, 'N'),
(742, '2021-07-07', 209, 'PENDING', NULL, 'N'),
(743, '2021-07-07', 210, 'PENDING', NULL, 'N'),
(744, '2021-07-07', 211, 'PENDING', NULL, 'N'),
(745, '2021-07-07', 231, 'PENDING', NULL, 'N'),
(746, '2021-07-07', 232, 'PENDING', NULL, 'N'),
(747, '2021-07-07', 233, 'PENDING', NULL, 'N'),
(748, '2021-07-07', 234, 'PENDING', NULL, 'N'),
(749, '2021-07-07', 235, 'PENDING', NULL, 'N'),
(750, '2021-07-07', 257, 'PENDING', NULL, 'N'),
(751, '2021-07-07', 258, 'PENDING', NULL, 'N'),
(752, '2021-07-07', 259, 'PENDING', NULL, 'N'),
(753, '2021-07-07', 260, 'PENDING', NULL, 'N'),
(754, '2021-07-07', 261, 'PENDING', NULL, 'N'),
(755, '2021-07-07', 281, 'PENDING', NULL, 'N'),
(756, '2021-07-07', 282, 'PENDING', NULL, 'N'),
(757, '2021-07-07', 283, 'PENDING', NULL, 'N'),
(758, '2021-07-07', 284, 'PENDING', NULL, 'N'),
(759, '2021-07-07', 285, 'PENDING', NULL, 'N'),
(760, '2021-07-07', 305, 'PENDING', NULL, 'N'),
(761, '2021-07-07', 306, 'PENDING', NULL, 'N'),
(762, '2021-07-07', 307, 'PENDING', NULL, 'N'),
(763, '2021-07-07', 308, 'PENDING', NULL, 'N'),
(764, '2021-07-07', 309, 'PENDING', NULL, 'N'),
(765, '2021-07-07', 353, 'PENDING', NULL, 'N'),
(766, '2021-07-07', 354, 'PENDING', NULL, 'N'),
(767, '2021-07-07', 355, 'PENDING', NULL, 'N'),
(768, '2021-07-07', 356, 'PENDING', NULL, 'N'),
(769, '2021-07-07', 357, 'PENDING', NULL, 'N'),
(770, '2021-07-07', 378, 'PENDING', NULL, 'N'),
(771, '2021-07-07', 379, 'PENDING', NULL, 'N'),
(772, '2021-07-07', 380, 'PENDING', NULL, 'N'),
(773, '2021-07-07', 381, 'PENDING', NULL, 'N'),
(774, '2021-07-07', 382, 'PENDING', NULL, 'N'),
(775, '2021-07-07', 407, 'PENDING', NULL, 'N'),
(776, '2021-07-07', 408, 'PENDING', NULL, 'N'),
(777, '2021-07-07', 409, 'PENDING', NULL, 'N'),
(778, '2021-07-07', 410, 'PENDING', NULL, 'N'),
(779, '2021-07-07', 411, 'PENDING', NULL, 'N'),
(780, '2021-07-07', 431, 'PENDING', NULL, 'N'),
(781, '2021-07-07', 432, 'PENDING', NULL, 'N'),
(782, '2021-07-07', 433, 'PENDING', NULL, 'N'),
(783, '2021-07-07', 434, 'PENDING', NULL, 'N'),
(784, '2021-07-07', 435, 'PENDING', NULL, 'N'),
(785, '2021-07-07', 455, 'PENDING', NULL, 'N'),
(786, '2021-07-07', 456, 'PENDING', NULL, 'N'),
(787, '2021-07-07', 457, 'PENDING', NULL, 'N'),
(788, '2021-07-07', 458, 'PENDING', NULL, 'N'),
(789, '2021-07-07', 459, 'PENDING', NULL, 'N'),
(790, '2021-07-07', 479, 'PENDING', NULL, 'N'),
(791, '2021-07-07', 480, 'PENDING', NULL, 'N'),
(792, '2021-07-07', 481, 'PENDING', NULL, 'N'),
(793, '2021-07-07', 482, 'PENDING', NULL, 'N'),
(794, '2021-07-07', 483, 'PENDING', NULL, 'N'),
(795, '2021-07-07', 504, 'PENDING', NULL, 'N'),
(796, '2021-07-07', 505, 'PENDING', NULL, 'N'),
(797, '2021-07-07', 506, 'PENDING', NULL, 'N'),
(798, '2021-07-07', 507, 'PENDING', NULL, 'N'),
(799, '2021-07-07', 508, 'PENDING', NULL, 'N'),
(800, '2021-07-07', 528, 'PENDING', NULL, 'N'),
(801, '2021-07-07', 529, 'PENDING', NULL, 'N'),
(802, '2021-07-07', 530, 'PENDING', NULL, 'N'),
(803, '2021-07-07', 531, 'PENDING', NULL, 'N'),
(804, '2021-07-07', 532, 'PENDING', NULL, 'N'),
(805, '2021-07-07', 552, 'PENDING', NULL, 'N'),
(806, '2021-07-07', 553, 'PENDING', NULL, 'N'),
(807, '2021-07-07', 554, 'PENDING', NULL, 'N'),
(808, '2021-07-07', 555, 'PENDING', NULL, 'N'),
(809, '2021-07-07', 556, 'PENDING', NULL, 'N'),
(810, '2021-07-07', 577, 'PENDING', NULL, 'N'),
(811, '2021-07-07', 578, 'PENDING', NULL, 'N'),
(812, '2021-07-07', 579, 'PENDING', NULL, 'N'),
(813, '2021-07-07', 580, 'PENDING', NULL, 'N'),
(814, '2021-07-07', 581, 'PENDING', NULL, 'N'),
(815, '2021-07-08', 14, 'PENDING', NULL, 'N'),
(816, '2021-07-08', 15, 'PENDING', NULL, 'N'),
(817, '2021-07-08', 16, 'PENDING', NULL, 'N'),
(818, '2021-07-08', 17, 'PENDING', NULL, 'N'),
(819, '2021-07-08', 39, 'PENDING', NULL, 'N'),
(820, '2021-07-08', 40, 'PENDING', NULL, 'N'),
(821, '2021-07-08', 41, 'PENDING', NULL, 'N'),
(822, '2021-07-08', 42, 'PENDING', NULL, 'N'),
(823, '2021-07-08', 67, 'PENDING', NULL, 'N'),
(824, '2021-07-08', 68, 'PENDING', NULL, 'N'),
(825, '2021-07-08', 69, 'PENDING', NULL, 'N'),
(826, '2021-07-08', 70, 'PENDING', NULL, 'N'),
(827, '2021-07-08', 91, 'PENDING', NULL, 'N'),
(828, '2021-07-08', 92, 'PENDING', NULL, 'N'),
(829, '2021-07-08', 93, 'PENDING', NULL, 'N'),
(830, '2021-07-08', 94, 'PENDING', NULL, 'N'),
(831, '2021-07-08', 116, 'PENDING', NULL, 'N'),
(832, '2021-07-08', 117, 'PENDING', NULL, 'N'),
(833, '2021-07-08', 118, 'PENDING', NULL, 'N'),
(834, '2021-07-08', 119, 'PENDING', NULL, 'N'),
(835, '2021-07-08', 140, 'PENDING', NULL, 'N'),
(836, '2021-07-08', 141, 'PENDING', NULL, 'N'),
(837, '2021-07-08', 142, 'PENDING', NULL, 'N'),
(838, '2021-07-08', 143, 'PENDING', NULL, 'N'),
(839, '2021-07-08', 164, 'PENDING', NULL, 'N'),
(840, '2021-07-08', 165, 'PENDING', NULL, 'N'),
(841, '2021-07-08', 166, 'PENDING', NULL, 'N'),
(842, '2021-07-08', 167, 'PENDING', NULL, 'N'),
(843, '2021-07-08', 212, 'PENDING', NULL, 'N'),
(844, '2021-07-08', 213, 'PENDING', NULL, 'N'),
(845, '2021-07-08', 214, 'PENDING', NULL, 'N'),
(846, '2021-07-08', 215, 'PENDING', NULL, 'N'),
(847, '2021-07-08', 236, 'PENDING', NULL, 'N'),
(848, '2021-07-08', 237, 'PENDING', NULL, 'N'),
(849, '2021-07-08', 238, 'PENDING', NULL, 'N'),
(850, '2021-07-08', 239, 'PENDING', NULL, 'N'),
(851, '2021-07-08', 262, 'PENDING', NULL, 'N'),
(852, '2021-07-08', 263, 'PENDING', NULL, 'N'),
(853, '2021-07-08', 264, 'PENDING', NULL, 'N'),
(854, '2021-07-08', 265, 'PENDING', NULL, 'N'),
(855, '2021-07-08', 286, 'PENDING', NULL, 'N'),
(856, '2021-07-08', 287, 'PENDING', NULL, 'N'),
(857, '2021-07-08', 288, 'PENDING', NULL, 'N'),
(858, '2021-07-08', 289, 'PENDING', NULL, 'N'),
(859, '2021-07-08', 310, 'PENDING', NULL, 'N'),
(860, '2021-07-08', 311, 'PENDING', NULL, 'N'),
(861, '2021-07-08', 312, 'PENDING', NULL, 'N'),
(862, '2021-07-08', 313, 'PENDING', NULL, 'N'),
(863, '2021-07-08', 358, 'PENDING', NULL, 'N'),
(864, '2021-07-08', 359, 'PENDING', NULL, 'N'),
(865, '2021-07-08', 360, 'PENDING', NULL, 'N'),
(866, '2021-07-08', 361, 'PENDING', NULL, 'N'),
(867, '2021-07-08', 383, 'PENDING', NULL, 'N'),
(868, '2021-07-08', 384, 'PENDING', NULL, 'N'),
(869, '2021-07-08', 385, 'PENDING', NULL, 'N'),
(870, '2021-07-08', 386, 'PENDING', NULL, 'N'),
(871, '2021-07-08', 412, 'PENDING', NULL, 'N'),
(872, '2021-07-08', 413, 'PENDING', NULL, 'N'),
(873, '2021-07-08', 414, 'PENDING', NULL, 'N'),
(874, '2021-07-08', 415, 'PENDING', NULL, 'N'),
(875, '2021-07-08', 436, 'PENDING', NULL, 'N'),
(876, '2021-07-08', 437, 'PENDING', NULL, 'N'),
(877, '2021-07-08', 438, 'PENDING', NULL, 'N'),
(878, '2021-07-08', 439, 'PENDING', NULL, 'N'),
(879, '2021-07-08', 460, 'PENDING', NULL, 'N'),
(880, '2021-07-08', 461, 'PENDING', NULL, 'N'),
(881, '2021-07-08', 462, 'PENDING', NULL, 'N'),
(882, '2021-07-08', 463, 'PENDING', NULL, 'N'),
(883, '2021-07-08', 484, 'PENDING', NULL, 'N'),
(884, '2021-07-08', 485, 'PENDING', NULL, 'N'),
(885, '2021-07-08', 487, 'PENDING', NULL, 'N'),
(886, '2021-07-08', 488, 'PENDING', NULL, 'N'),
(887, '2021-07-08', 509, 'PENDING', NULL, 'N'),
(888, '2021-07-08', 510, 'PENDING', NULL, 'N'),
(889, '2021-07-08', 511, 'PENDING', NULL, 'N'),
(890, '2021-07-08', 512, 'PENDING', NULL, 'N'),
(891, '2021-07-08', 533, 'PENDING', NULL, 'N'),
(892, '2021-07-08', 534, 'PENDING', NULL, 'N'),
(893, '2021-07-08', 535, 'PENDING', NULL, 'N'),
(894, '2021-07-08', 536, 'PENDING', NULL, 'N'),
(895, '2021-07-08', 557, 'PENDING', NULL, 'N'),
(896, '2021-07-08', 558, 'PENDING', NULL, 'N'),
(897, '2021-07-08', 559, 'PENDING', NULL, 'N'),
(898, '2021-07-08', 560, 'PENDING', NULL, 'N'),
(899, '2021-07-08', 582, 'PENDING', NULL, 'N'),
(900, '2021-07-08', 583, 'PENDING', NULL, 'N'),
(901, '2021-07-08', 584, 'PENDING', NULL, 'N'),
(902, '2021-07-08', 585, 'PENDING', NULL, 'N'),
(903, '2021-07-09', 18, 'PENDING', NULL, 'N'),
(904, '2021-07-09', 19, 'PENDING', NULL, 'N'),
(905, '2021-07-09', 20, 'PENDING', NULL, 'N'),
(906, '2021-07-09', 47, 'PENDING', NULL, 'N'),
(907, '2021-07-09', 48, 'PENDING', NULL, 'N'),
(908, '2021-07-09', 49, 'PENDING', NULL, 'N'),
(909, '2021-07-09', 71, 'PENDING', NULL, 'N'),
(910, '2021-07-09', 72, 'PENDING', NULL, 'N'),
(911, '2021-07-09', 73, 'PENDING', NULL, 'N'),
(912, '2021-07-09', 95, 'PENDING', NULL, 'N'),
(913, '2021-07-09', 96, 'PENDING', NULL, 'N'),
(914, '2021-07-09', 97, 'PENDING', NULL, 'N'),
(915, '2021-07-09', 120, 'PENDING', NULL, 'N'),
(916, '2021-07-09', 121, 'PENDING', NULL, 'N'),
(917, '2021-07-09', 122, 'PENDING', NULL, 'N'),
(918, '2021-07-09', 144, 'PENDING', NULL, 'N'),
(919, '2021-07-09', 145, 'PENDING', NULL, 'N'),
(920, '2021-07-09', 146, 'PENDING', NULL, 'N'),
(921, '2021-07-09', 168, 'PENDING', NULL, 'N'),
(922, '2021-07-09', 169, 'PENDING', NULL, 'N'),
(923, '2021-07-09', 170, 'PENDING', NULL, 'N'),
(924, '2021-07-09', 216, 'PENDING', NULL, 'N'),
(925, '2021-07-09', 217, 'PENDING', NULL, 'N'),
(926, '2021-07-09', 218, 'PENDING', NULL, 'N'),
(927, '2021-07-09', 240, 'PENDING', NULL, 'N'),
(928, '2021-07-09', 241, 'PENDING', NULL, 'N'),
(929, '2021-07-09', 242, 'PENDING', NULL, 'N'),
(930, '2021-07-09', 266, 'PENDING', NULL, 'N'),
(931, '2021-07-09', 267, 'PENDING', NULL, 'N'),
(932, '2021-07-09', 268, 'PENDING', NULL, 'N'),
(933, '2021-07-09', 290, 'PENDING', NULL, 'N'),
(934, '2021-07-09', 291, 'PENDING', NULL, 'N'),
(935, '2021-07-09', 292, 'PENDING', NULL, 'N'),
(936, '2021-07-09', 314, 'PENDING', NULL, 'N'),
(937, '2021-07-09', 315, 'PENDING', NULL, 'N'),
(938, '2021-07-09', 316, 'PENDING', NULL, 'N'),
(939, '2021-07-09', 362, 'PENDING', NULL, 'N'),
(940, '2021-07-09', 363, 'PENDING', NULL, 'N'),
(941, '2021-07-09', 364, 'PENDING', NULL, 'N'),
(942, '2021-07-09', 387, 'PENDING', NULL, 'N'),
(943, '2021-07-09', 388, 'PENDING', NULL, 'N'),
(944, '2021-07-09', 389, 'PENDING', NULL, 'N'),
(945, '2021-07-09', 416, 'PENDING', NULL, 'N'),
(946, '2021-07-09', 417, 'PENDING', NULL, 'N'),
(947, '2021-07-09', 418, 'PENDING', NULL, 'N'),
(948, '2021-07-09', 440, 'PENDING', NULL, 'N'),
(949, '2021-07-09', 441, 'PENDING', NULL, 'N'),
(950, '2021-07-09', 442, 'PENDING', NULL, 'N'),
(951, '2021-07-09', 464, 'PENDING', NULL, 'N'),
(952, '2021-07-09', 465, 'PENDING', NULL, 'N'),
(953, '2021-07-09', 466, 'PENDING', NULL, 'N'),
(954, '2021-07-09', 489, 'PENDING', NULL, 'N'),
(955, '2021-07-09', 490, 'PENDING', NULL, 'N'),
(956, '2021-07-09', 491, 'PENDING', NULL, 'N'),
(957, '2021-07-09', 513, 'PENDING', NULL, 'N'),
(958, '2021-07-09', 514, 'PENDING', NULL, 'N'),
(959, '2021-07-09', 515, 'PENDING', NULL, 'N'),
(960, '2021-07-09', 537, 'PENDING', NULL, 'N'),
(961, '2021-07-09', 538, 'PENDING', NULL, 'N'),
(962, '2021-07-09', 539, 'PENDING', NULL, 'N'),
(963, '2021-07-09', 561, 'PENDING', NULL, 'N'),
(964, '2021-07-09', 562, 'PENDING', NULL, 'N'),
(965, '2021-07-09', 563, 'PENDING', NULL, 'N'),
(966, '2021-07-09', 586, 'PENDING', NULL, 'N'),
(967, '2021-07-09', 587, 'PENDING', NULL, 'N'),
(968, '2021-07-09', 588, 'PENDING', NULL, 'N'),
(969, '2021-07-10', 21, 'PENDING', NULL, 'N'),
(970, '2021-07-10', 22, 'PENDING', NULL, 'N'),
(971, '2021-07-10', 23, 'PENDING', NULL, 'N'),
(972, '2021-07-10', 24, 'PENDING', NULL, 'N'),
(973, '2021-07-10', 50, 'PENDING', NULL, 'N'),
(974, '2021-07-10', 51, 'PENDING', NULL, 'N');
INSERT INTO `jurnal` (`id`, `tanggal`, `jadwal_mengajar_id`, `status`, `topik`, `validasi`) VALUES
(975, '2021-07-10', 52, 'PENDING', NULL, 'N'),
(976, '2021-07-10', 53, 'PENDING', NULL, 'N'),
(977, '2021-07-10', 74, 'PENDING', NULL, 'N'),
(978, '2021-07-10', 75, 'PENDING', NULL, 'N'),
(979, '2021-07-10', 76, 'PENDING', NULL, 'N'),
(980, '2021-07-10', 77, 'PENDING', NULL, 'N'),
(981, '2021-07-10', 98, 'PENDING', NULL, 'N'),
(982, '2021-07-10', 99, 'PENDING', NULL, 'N'),
(983, '2021-07-10', 100, 'PENDING', NULL, 'N'),
(984, '2021-07-10', 101, 'PENDING', NULL, 'N'),
(985, '2021-07-10', 123, 'PENDING', NULL, 'N'),
(986, '2021-07-10', 124, 'PENDING', NULL, 'N'),
(987, '2021-07-10', 125, 'PENDING', NULL, 'N'),
(988, '2021-07-10', 126, 'PENDING', NULL, 'N'),
(989, '2021-07-10', 147, 'PENDING', NULL, 'N'),
(990, '2021-07-10', 148, 'PENDING', NULL, 'N'),
(991, '2021-07-10', 149, 'PENDING', NULL, 'N'),
(992, '2021-07-10', 150, 'PENDING', NULL, 'N'),
(993, '2021-07-10', 171, 'PENDING', NULL, 'N'),
(994, '2021-07-10', 172, 'PENDING', NULL, 'N'),
(995, '2021-07-10', 173, 'PENDING', NULL, 'N'),
(996, '2021-07-10', 174, 'PENDING', NULL, 'N'),
(997, '2021-07-10', 219, 'PENDING', NULL, 'N'),
(998, '2021-07-10', 220, 'PENDING', NULL, 'N'),
(999, '2021-07-10', 221, 'PENDING', NULL, 'N'),
(1000, '2021-07-10', 222, 'PENDING', NULL, 'N'),
(1001, '2021-07-10', 243, 'PENDING', NULL, 'N'),
(1002, '2021-07-10', 244, 'PENDING', NULL, 'N'),
(1003, '2021-07-10', 245, 'PENDING', NULL, 'N'),
(1004, '2021-07-10', 246, 'PENDING', NULL, 'N'),
(1005, '2021-07-10', 269, 'PENDING', NULL, 'N'),
(1006, '2021-07-10', 270, 'PENDING', NULL, 'N'),
(1007, '2021-07-10', 271, 'PENDING', NULL, 'N'),
(1008, '2021-07-10', 272, 'PENDING', NULL, 'N'),
(1009, '2021-07-10', 293, 'PENDING', NULL, 'N'),
(1010, '2021-07-10', 294, 'PENDING', NULL, 'N'),
(1011, '2021-07-10', 295, 'PENDING', NULL, 'N'),
(1012, '2021-07-10', 296, 'PENDING', NULL, 'N'),
(1013, '2021-07-10', 317, 'PENDING', NULL, 'N'),
(1014, '2021-07-10', 318, 'PENDING', NULL, 'N'),
(1015, '2021-07-10', 319, 'PENDING', NULL, 'N'),
(1016, '2021-07-10', 320, 'PENDING', NULL, 'N'),
(1017, '2021-07-10', 365, 'PENDING', NULL, 'N'),
(1018, '2021-07-10', 366, 'PENDING', NULL, 'N'),
(1019, '2021-07-10', 367, 'PENDING', NULL, 'N'),
(1020, '2021-07-10', 368, 'PENDING', NULL, 'N'),
(1021, '2021-07-10', 390, 'PENDING', NULL, 'N'),
(1022, '2021-07-10', 391, 'PENDING', NULL, 'N'),
(1023, '2021-07-10', 392, 'PENDING', NULL, 'N'),
(1024, '2021-07-10', 393, 'PENDING', NULL, 'N'),
(1025, '2021-07-10', 419, 'PENDING', NULL, 'N'),
(1026, '2021-07-10', 420, 'PENDING', NULL, 'N'),
(1027, '2021-07-10', 421, 'PENDING', NULL, 'N'),
(1028, '2021-07-10', 422, 'PENDING', NULL, 'N'),
(1029, '2021-07-10', 443, 'PENDING', NULL, 'N'),
(1030, '2021-07-10', 444, 'PENDING', NULL, 'N'),
(1031, '2021-07-10', 445, 'PENDING', NULL, 'N'),
(1032, '2021-07-10', 446, 'PENDING', NULL, 'N'),
(1033, '2021-07-10', 467, 'PENDING', NULL, 'N'),
(1034, '2021-07-10', 468, 'PENDING', NULL, 'N'),
(1035, '2021-07-10', 469, 'PENDING', NULL, 'N'),
(1036, '2021-07-10', 470, 'PENDING', NULL, 'N'),
(1037, '2021-07-10', 492, 'PENDING', NULL, 'N'),
(1038, '2021-07-10', 493, 'PENDING', NULL, 'N'),
(1039, '2021-07-10', 494, 'PENDING', NULL, 'N'),
(1040, '2021-07-10', 495, 'PENDING', NULL, 'N'),
(1041, '2021-07-10', 516, 'PENDING', NULL, 'N'),
(1042, '2021-07-10', 517, 'PENDING', NULL, 'N'),
(1043, '2021-07-10', 518, 'PENDING', NULL, 'N'),
(1044, '2021-07-10', 519, 'PENDING', NULL, 'N'),
(1045, '2021-07-10', 540, 'PENDING', NULL, 'N'),
(1046, '2021-07-10', 541, 'PENDING', NULL, 'N'),
(1047, '2021-07-10', 542, 'PENDING', NULL, 'N'),
(1048, '2021-07-10', 543, 'PENDING', NULL, 'N'),
(1049, '2021-07-10', 564, 'PENDING', NULL, 'N'),
(1050, '2021-07-10', 565, 'PENDING', NULL, 'N'),
(1051, '2021-07-10', 566, 'PENDING', NULL, 'N'),
(1052, '2021-07-10', 567, 'PENDING', NULL, 'N'),
(1053, '2021-07-10', 589, 'PENDING', NULL, 'N'),
(1054, '2021-07-10', 590, 'PENDING', NULL, 'N'),
(1055, '2021-07-10', 591, 'PENDING', NULL, 'N'),
(1056, '2021-07-10', 592, 'PENDING', NULL, 'N'),
(1057, '2021-07-12', 1, 'PENDING', NULL, 'N'),
(1058, '2021-07-12', 2, 'PENDING', NULL, 'N'),
(1059, '2021-07-12', 3, 'PENDING', NULL, 'N'),
(1060, '2021-07-12', 4, 'PENDING', NULL, 'N'),
(1061, '2021-07-12', 25, 'PENDING', NULL, 'N'),
(1062, '2021-07-12', 26, 'PENDING', NULL, 'N'),
(1063, '2021-07-12', 27, 'PENDING', NULL, 'N'),
(1064, '2021-07-12', 28, 'PENDING', NULL, 'N'),
(1065, '2021-07-12', 54, 'PENDING', NULL, 'N'),
(1066, '2021-07-12', 55, 'PENDING', NULL, 'N'),
(1067, '2021-07-12', 56, 'PENDING', NULL, 'N'),
(1068, '2021-07-12', 57, 'PENDING', NULL, 'N'),
(1069, '2021-07-12', 78, 'PENDING', NULL, 'N'),
(1070, '2021-07-12', 79, 'PENDING', NULL, 'N'),
(1071, '2021-07-12', 80, 'PENDING', NULL, 'N'),
(1072, '2021-07-12', 81, 'PENDING', NULL, 'N'),
(1073, '2021-07-12', 102, 'PENDING', NULL, 'N'),
(1074, '2021-07-12', 103, 'PENDING', NULL, 'N'),
(1075, '2021-07-12', 104, 'PENDING', NULL, 'N'),
(1076, '2021-07-12', 105, 'PENDING', NULL, 'N'),
(1077, '2021-07-12', 127, 'PENDING', NULL, 'N'),
(1078, '2021-07-12', 128, 'PENDING', NULL, 'N'),
(1079, '2021-07-12', 129, 'PENDING', NULL, 'N'),
(1080, '2021-07-12', 130, 'PENDING', NULL, 'N'),
(1081, '2021-07-12', 151, 'PENDING', NULL, 'N'),
(1082, '2021-07-12', 152, 'PENDING', NULL, 'N'),
(1083, '2021-07-12', 153, 'PENDING', NULL, 'N'),
(1084, '2021-07-12', 154, 'PENDING', NULL, 'N'),
(1085, '2021-07-12', 199, 'PENDING', NULL, 'N'),
(1086, '2021-07-12', 200, 'PENDING', NULL, 'N'),
(1087, '2021-07-12', 201, 'PENDING', NULL, 'N'),
(1088, '2021-07-12', 202, 'PENDING', NULL, 'N'),
(1089, '2021-07-12', 223, 'PENDING', NULL, 'N'),
(1090, '2021-07-12', 224, 'PENDING', NULL, 'N'),
(1091, '2021-07-12', 225, 'PENDING', NULL, 'N'),
(1092, '2021-07-12', 226, 'PENDING', NULL, 'N'),
(1093, '2021-07-12', 247, 'PENDING', NULL, 'N'),
(1094, '2021-07-12', 248, 'PENDING', NULL, 'N'),
(1095, '2021-07-12', 251, 'PENDING', NULL, 'N'),
(1096, '2021-07-12', 252, 'PENDING', NULL, 'N'),
(1097, '2021-07-12', 273, 'PENDING', NULL, 'N'),
(1098, '2021-07-12', 274, 'PENDING', NULL, 'N'),
(1099, '2021-07-12', 275, 'PENDING', NULL, 'N'),
(1100, '2021-07-12', 276, 'PENDING', NULL, 'N'),
(1101, '2021-07-12', 297, 'PENDING', NULL, 'N'),
(1102, '2021-07-12', 298, 'PENDING', NULL, 'N'),
(1103, '2021-07-12', 299, 'PENDING', NULL, 'N'),
(1104, '2021-07-12', 300, 'PENDING', NULL, 'N'),
(1105, '2021-07-12', 345, 'PENDING', NULL, 'N'),
(1106, '2021-07-12', 346, 'PENDING', NULL, 'N'),
(1107, '2021-07-12', 347, 'PENDING', NULL, 'N'),
(1108, '2021-07-12', 348, 'PENDING', NULL, 'N'),
(1109, '2021-07-12', 369, 'PENDING', NULL, 'N'),
(1110, '2021-07-12', 370, 'PENDING', NULL, 'N'),
(1111, '2021-07-12', 371, 'PENDING', NULL, 'N'),
(1112, '2021-07-12', 372, 'PENDING', NULL, 'N'),
(1113, '2021-07-12', 399, 'PENDING', NULL, 'N'),
(1114, '2021-07-12', 400, 'PENDING', NULL, 'N'),
(1115, '2021-07-12', 401, 'PENDING', NULL, 'N'),
(1116, '2021-07-12', 402, 'PENDING', NULL, 'N'),
(1117, '2021-07-12', 423, 'PENDING', NULL, 'N'),
(1118, '2021-07-12', 424, 'PENDING', NULL, 'N'),
(1119, '2021-07-12', 425, 'PENDING', NULL, 'N'),
(1120, '2021-07-12', 426, 'PENDING', NULL, 'N'),
(1121, '2021-07-12', 447, 'PENDING', NULL, 'N'),
(1122, '2021-07-12', 448, 'PENDING', NULL, 'N'),
(1123, '2021-07-12', 449, 'PENDING', NULL, 'N'),
(1124, '2021-07-12', 450, 'PENDING', NULL, 'N'),
(1125, '2021-07-12', 471, 'PENDING', NULL, 'N'),
(1126, '2021-07-12', 472, 'PENDING', NULL, 'N'),
(1127, '2021-07-12', 473, 'PENDING', NULL, 'N'),
(1128, '2021-07-12', 474, 'PENDING', NULL, 'N'),
(1129, '2021-07-12', 496, 'PENDING', NULL, 'N'),
(1130, '2021-07-12', 497, 'PENDING', NULL, 'N'),
(1131, '2021-07-12', 498, 'PENDING', NULL, 'N'),
(1132, '2021-07-12', 499, 'PENDING', NULL, 'N'),
(1133, '2021-07-12', 520, 'PENDING', NULL, 'N'),
(1134, '2021-07-12', 521, 'PENDING', NULL, 'N'),
(1135, '2021-07-12', 522, 'PENDING', NULL, 'N'),
(1136, '2021-07-12', 523, 'PENDING', NULL, 'N'),
(1137, '2021-07-12', 544, 'PENDING', NULL, 'N'),
(1138, '2021-07-12', 545, 'PENDING', NULL, 'N'),
(1139, '2021-07-12', 546, 'PENDING', NULL, 'N'),
(1140, '2021-07-12', 547, 'PENDING', NULL, 'N'),
(1141, '2021-07-12', 568, 'PENDING', NULL, 'N'),
(1142, '2021-07-12', 569, 'PENDING', NULL, 'N'),
(1143, '2021-07-12', 570, 'PENDING', NULL, 'N'),
(1144, '2021-07-12', 571, 'PENDING', NULL, 'N'),
(1145, '2021-07-13', 5, 'PENDING', NULL, 'N'),
(1146, '2021-07-13', 6, 'PENDING', NULL, 'N'),
(1147, '2021-07-13', 7, 'PENDING', NULL, 'N'),
(1148, '2021-07-13', 8, 'PENDING', NULL, 'N'),
(1149, '2021-07-13', 29, 'PENDING', NULL, 'N'),
(1150, '2021-07-13', 30, 'PENDING', NULL, 'N'),
(1151, '2021-07-13', 32, 'PENDING', NULL, 'N'),
(1152, '2021-07-13', 33, 'PENDING', NULL, 'N'),
(1153, '2021-07-13', 58, 'PENDING', NULL, 'N'),
(1154, '2021-07-13', 59, 'PENDING', NULL, 'N'),
(1155, '2021-07-13', 60, 'PENDING', NULL, 'N'),
(1156, '2021-07-13', 61, 'PENDING', NULL, 'N'),
(1157, '2021-07-13', 82, 'PENDING', NULL, 'N'),
(1158, '2021-07-13', 83, 'PENDING', NULL, 'N'),
(1159, '2021-07-13', 84, 'PENDING', NULL, 'N'),
(1160, '2021-07-13', 85, 'PENDING', NULL, 'N'),
(1161, '2021-07-13', 106, 'PENDING', NULL, 'N'),
(1162, '2021-07-13', 107, 'PENDING', NULL, 'N'),
(1163, '2021-07-13', 108, 'PENDING', NULL, 'N'),
(1164, '2021-07-13', 109, 'PENDING', NULL, 'N'),
(1165, '2021-07-13', 131, 'PENDING', NULL, 'N'),
(1166, '2021-07-13', 132, 'PENDING', NULL, 'N'),
(1167, '2021-07-13', 133, 'PENDING', NULL, 'N'),
(1168, '2021-07-13', 134, 'PENDING', NULL, 'N'),
(1169, '2021-07-13', 155, 'PENDING', NULL, 'N'),
(1170, '2021-07-13', 156, 'PENDING', NULL, 'N'),
(1171, '2021-07-13', 157, 'PENDING', NULL, 'N'),
(1172, '2021-07-13', 158, 'PENDING', NULL, 'N'),
(1173, '2021-07-13', 203, 'PENDING', NULL, 'N'),
(1174, '2021-07-13', 204, 'PENDING', NULL, 'N'),
(1175, '2021-07-13', 205, 'PENDING', NULL, 'N'),
(1176, '2021-07-13', 206, 'PENDING', NULL, 'N'),
(1177, '2021-07-13', 227, 'PENDING', NULL, 'N'),
(1178, '2021-07-13', 228, 'PENDING', NULL, 'N'),
(1179, '2021-07-13', 229, 'PENDING', NULL, 'N'),
(1180, '2021-07-13', 230, 'PENDING', NULL, 'N'),
(1181, '2021-07-13', 253, 'PENDING', NULL, 'N'),
(1182, '2021-07-13', 254, 'PENDING', NULL, 'N'),
(1183, '2021-07-13', 255, 'PENDING', NULL, 'N'),
(1184, '2021-07-13', 256, 'PENDING', NULL, 'N'),
(1185, '2021-07-13', 277, 'PENDING', NULL, 'N'),
(1186, '2021-07-13', 278, 'PENDING', NULL, 'N'),
(1187, '2021-07-13', 279, 'PENDING', NULL, 'N'),
(1188, '2021-07-13', 280, 'PENDING', NULL, 'N'),
(1189, '2021-07-13', 301, 'PENDING', NULL, 'N'),
(1190, '2021-07-13', 302, 'PENDING', NULL, 'N'),
(1191, '2021-07-13', 303, 'PENDING', NULL, 'N'),
(1192, '2021-07-13', 304, 'PENDING', NULL, 'N'),
(1193, '2021-07-13', 349, 'PENDING', NULL, 'N'),
(1194, '2021-07-13', 350, 'PENDING', NULL, 'N'),
(1195, '2021-07-13', 351, 'PENDING', NULL, 'N'),
(1196, '2021-07-13', 352, 'PENDING', NULL, 'N'),
(1197, '2021-07-13', 373, 'PENDING', NULL, 'N'),
(1198, '2021-07-13', 374, 'PENDING', NULL, 'N'),
(1199, '2021-07-13', 376, 'PENDING', NULL, 'N'),
(1200, '2021-07-13', 377, 'PENDING', NULL, 'N'),
(1201, '2021-07-13', 403, 'PENDING', NULL, 'N'),
(1202, '2021-07-13', 404, 'PENDING', NULL, 'N'),
(1203, '2021-07-13', 405, 'PENDING', NULL, 'N'),
(1204, '2021-07-13', 406, 'PENDING', NULL, 'N'),
(1205, '2021-07-13', 427, 'PENDING', NULL, 'N'),
(1206, '2021-07-13', 428, 'PENDING', NULL, 'N'),
(1207, '2021-07-13', 429, 'PENDING', NULL, 'N'),
(1208, '2021-07-13', 430, 'PENDING', NULL, 'N'),
(1209, '2021-07-13', 451, 'PENDING', NULL, 'N'),
(1210, '2021-07-13', 452, 'PENDING', NULL, 'N'),
(1211, '2021-07-13', 453, 'PENDING', NULL, 'N'),
(1212, '2021-07-13', 454, 'PENDING', NULL, 'N'),
(1213, '2021-07-13', 475, 'PENDING', NULL, 'N'),
(1214, '2021-07-13', 476, 'PENDING', NULL, 'N'),
(1215, '2021-07-13', 477, 'PENDING', NULL, 'N'),
(1216, '2021-07-13', 478, 'PENDING', NULL, 'N'),
(1217, '2021-07-13', 500, 'PENDING', NULL, 'N'),
(1218, '2021-07-13', 501, 'PENDING', NULL, 'N'),
(1219, '2021-07-13', 502, 'PENDING', NULL, 'N'),
(1220, '2021-07-13', 503, 'PENDING', NULL, 'N'),
(1221, '2021-07-13', 524, 'PENDING', NULL, 'N'),
(1222, '2021-07-13', 525, 'PENDING', NULL, 'N'),
(1223, '2021-07-13', 526, 'PENDING', NULL, 'N'),
(1224, '2021-07-13', 527, 'PENDING', NULL, 'N'),
(1225, '2021-07-13', 548, 'PENDING', NULL, 'N'),
(1226, '2021-07-13', 549, 'PENDING', NULL, 'N'),
(1227, '2021-07-13', 550, 'PENDING', NULL, 'N'),
(1228, '2021-07-13', 551, 'PENDING', NULL, 'N'),
(1229, '2021-07-13', 572, 'PENDING', NULL, 'N'),
(1230, '2021-07-13', 573, 'PENDING', NULL, 'N'),
(1231, '2021-07-13', 574, 'PENDING', NULL, 'N'),
(1232, '2021-07-13', 576, 'PENDING', NULL, 'N'),
(1233, '2021-07-14', 9, 'PENDING', NULL, 'N'),
(1234, '2021-07-14', 10, 'PENDING', NULL, 'N'),
(1235, '2021-07-14', 11, 'PENDING', NULL, 'N'),
(1236, '2021-07-14', 12, 'PENDING', NULL, 'N'),
(1237, '2021-07-14', 13, 'PENDING', NULL, 'N'),
(1238, '2021-07-14', 34, 'PENDING', NULL, 'N'),
(1239, '2021-07-14', 35, 'PENDING', NULL, 'N'),
(1240, '2021-07-14', 36, 'PENDING', NULL, 'N'),
(1241, '2021-07-14', 37, 'PENDING', NULL, 'N'),
(1242, '2021-07-14', 38, 'PENDING', NULL, 'N'),
(1243, '2021-07-14', 62, 'PENDING', NULL, 'N'),
(1244, '2021-07-14', 63, 'PENDING', NULL, 'N'),
(1245, '2021-07-14', 64, 'PENDING', NULL, 'N'),
(1246, '2021-07-14', 65, 'PENDING', NULL, 'N'),
(1247, '2021-07-14', 66, 'PENDING', NULL, 'N'),
(1248, '2021-07-14', 86, 'PENDING', NULL, 'N'),
(1249, '2021-07-14', 87, 'PENDING', NULL, 'N'),
(1250, '2021-07-14', 88, 'PENDING', NULL, 'N'),
(1251, '2021-07-14', 89, 'PENDING', NULL, 'N'),
(1252, '2021-07-14', 90, 'PENDING', NULL, 'N'),
(1253, '2021-07-14', 110, 'PENDING', NULL, 'N'),
(1254, '2021-07-14', 111, 'PENDING', NULL, 'N'),
(1255, '2021-07-14', 112, 'PENDING', NULL, 'N'),
(1256, '2021-07-14', 114, 'PENDING', NULL, 'N'),
(1257, '2021-07-14', 115, 'PENDING', NULL, 'N'),
(1258, '2021-07-14', 135, 'PENDING', NULL, 'N'),
(1259, '2021-07-14', 136, 'PENDING', NULL, 'N'),
(1260, '2021-07-14', 137, 'PENDING', NULL, 'N'),
(1261, '2021-07-14', 138, 'PENDING', NULL, 'N'),
(1262, '2021-07-14', 139, 'PENDING', NULL, 'N'),
(1263, '2021-07-14', 159, 'PENDING', NULL, 'N'),
(1264, '2021-07-14', 160, 'PENDING', NULL, 'N'),
(1265, '2021-07-14', 161, 'PENDING', NULL, 'N'),
(1266, '2021-07-14', 162, 'PENDING', NULL, 'N'),
(1267, '2021-07-14', 163, 'PENDING', NULL, 'N'),
(1268, '2021-07-14', 207, 'PENDING', NULL, 'N'),
(1269, '2021-07-14', 208, 'PENDING', NULL, 'N'),
(1270, '2021-07-14', 209, 'PENDING', NULL, 'N'),
(1271, '2021-07-14', 210, 'PENDING', NULL, 'N'),
(1272, '2021-07-14', 211, 'PENDING', NULL, 'N'),
(1273, '2021-07-14', 231, 'PENDING', NULL, 'N'),
(1274, '2021-07-14', 232, 'PENDING', NULL, 'N'),
(1275, '2021-07-14', 233, 'PENDING', NULL, 'N'),
(1276, '2021-07-14', 234, 'PENDING', NULL, 'N'),
(1277, '2021-07-14', 235, 'PENDING', NULL, 'N'),
(1278, '2021-07-14', 257, 'PENDING', NULL, 'N'),
(1279, '2021-07-14', 258, 'PENDING', NULL, 'N'),
(1280, '2021-07-14', 259, 'PENDING', NULL, 'N'),
(1281, '2021-07-14', 260, 'PENDING', NULL, 'N'),
(1282, '2021-07-14', 261, 'PENDING', NULL, 'N'),
(1283, '2021-07-14', 281, 'PENDING', NULL, 'N'),
(1284, '2021-07-14', 282, 'PENDING', NULL, 'N'),
(1285, '2021-07-14', 283, 'PENDING', NULL, 'N'),
(1286, '2021-07-14', 284, 'PENDING', NULL, 'N'),
(1287, '2021-07-14', 285, 'PENDING', NULL, 'N'),
(1288, '2021-07-14', 305, 'PENDING', NULL, 'N'),
(1289, '2021-07-14', 306, 'PENDING', NULL, 'N'),
(1290, '2021-07-14', 307, 'PENDING', NULL, 'N'),
(1291, '2021-07-14', 308, 'PENDING', NULL, 'N'),
(1292, '2021-07-14', 309, 'PENDING', NULL, 'N'),
(1293, '2021-07-14', 353, 'PENDING', NULL, 'N'),
(1294, '2021-07-14', 354, 'PENDING', NULL, 'N'),
(1295, '2021-07-14', 355, 'PENDING', NULL, 'N'),
(1296, '2021-07-14', 356, 'PENDING', NULL, 'N'),
(1297, '2021-07-14', 357, 'PENDING', NULL, 'N'),
(1298, '2021-07-14', 378, 'PENDING', NULL, 'N'),
(1299, '2021-07-14', 379, 'PENDING', NULL, 'N'),
(1300, '2021-07-14', 380, 'PENDING', NULL, 'N'),
(1301, '2021-07-14', 381, 'PENDING', NULL, 'N'),
(1302, '2021-07-14', 382, 'PENDING', NULL, 'N'),
(1303, '2021-07-14', 407, 'PENDING', NULL, 'N'),
(1304, '2021-07-14', 408, 'PENDING', NULL, 'N'),
(1305, '2021-07-14', 409, 'PENDING', NULL, 'N'),
(1306, '2021-07-14', 410, 'PENDING', NULL, 'N'),
(1307, '2021-07-14', 411, 'PENDING', NULL, 'N'),
(1308, '2021-07-14', 431, 'PENDING', NULL, 'N'),
(1309, '2021-07-14', 432, 'PENDING', NULL, 'N'),
(1310, '2021-07-14', 433, 'PENDING', NULL, 'N'),
(1311, '2021-07-14', 434, 'PENDING', NULL, 'N'),
(1312, '2021-07-14', 435, 'PENDING', NULL, 'N'),
(1313, '2021-07-14', 455, 'PENDING', NULL, 'N'),
(1314, '2021-07-14', 456, 'PENDING', NULL, 'N'),
(1315, '2021-07-14', 457, 'PENDING', NULL, 'N'),
(1316, '2021-07-14', 458, 'PENDING', NULL, 'N'),
(1317, '2021-07-14', 459, 'PENDING', NULL, 'N'),
(1318, '2021-07-14', 479, 'PENDING', NULL, 'N'),
(1319, '2021-07-14', 480, 'PENDING', NULL, 'N'),
(1320, '2021-07-14', 481, 'PENDING', NULL, 'N'),
(1321, '2021-07-14', 482, 'PENDING', NULL, 'N'),
(1322, '2021-07-14', 483, 'PENDING', NULL, 'N'),
(1323, '2021-07-14', 504, 'PENDING', NULL, 'N'),
(1324, '2021-07-14', 505, 'PENDING', NULL, 'N'),
(1325, '2021-07-14', 506, 'PENDING', NULL, 'N'),
(1326, '2021-07-14', 507, 'PENDING', NULL, 'N'),
(1327, '2021-07-14', 508, 'PENDING', NULL, 'N'),
(1328, '2021-07-14', 528, 'PENDING', NULL, 'N'),
(1329, '2021-07-14', 529, 'PENDING', NULL, 'N'),
(1330, '2021-07-14', 530, 'PENDING', NULL, 'N'),
(1331, '2021-07-14', 531, 'PENDING', NULL, 'N'),
(1332, '2021-07-14', 532, 'PENDING', NULL, 'N'),
(1333, '2021-07-14', 552, 'PENDING', NULL, 'N'),
(1334, '2021-07-14', 553, 'PENDING', NULL, 'N'),
(1335, '2021-07-14', 554, 'PENDING', NULL, 'N'),
(1336, '2021-07-14', 555, 'PENDING', NULL, 'N'),
(1337, '2021-07-14', 556, 'PENDING', NULL, 'N'),
(1338, '2021-07-14', 577, 'PENDING', NULL, 'N'),
(1339, '2021-07-14', 578, 'PENDING', NULL, 'N'),
(1340, '2021-07-14', 579, 'PENDING', NULL, 'N'),
(1341, '2021-07-14', 580, 'PENDING', NULL, 'N'),
(1342, '2021-07-14', 581, 'PENDING', NULL, 'N'),
(1343, '2021-07-15', 14, 'PENDING', NULL, 'N'),
(1344, '2021-07-15', 15, 'PENDING', NULL, 'N'),
(1345, '2021-07-15', 16, 'PENDING', NULL, 'N'),
(1346, '2021-07-15', 17, 'PENDING', NULL, 'N'),
(1347, '2021-07-15', 39, 'PENDING', NULL, 'N'),
(1348, '2021-07-15', 40, 'PENDING', NULL, 'N'),
(1349, '2021-07-15', 41, 'PENDING', NULL, 'N'),
(1350, '2021-07-15', 42, 'PENDING', NULL, 'N'),
(1351, '2021-07-15', 67, 'PENDING', NULL, 'N'),
(1352, '2021-07-15', 68, 'PENDING', NULL, 'N'),
(1353, '2021-07-15', 69, 'PENDING', NULL, 'N'),
(1354, '2021-07-15', 70, 'PENDING', NULL, 'N'),
(1355, '2021-07-15', 91, 'PENDING', NULL, 'N'),
(1356, '2021-07-15', 92, 'PENDING', NULL, 'N'),
(1357, '2021-07-15', 93, 'PENDING', NULL, 'N'),
(1358, '2021-07-15', 94, 'PENDING', NULL, 'N'),
(1359, '2021-07-15', 116, 'PENDING', NULL, 'N'),
(1360, '2021-07-15', 117, 'PENDING', NULL, 'N'),
(1361, '2021-07-15', 118, 'PENDING', NULL, 'N'),
(1362, '2021-07-15', 119, 'PENDING', NULL, 'N'),
(1363, '2021-07-15', 140, 'PENDING', NULL, 'N'),
(1364, '2021-07-15', 141, 'PENDING', NULL, 'N'),
(1365, '2021-07-15', 142, 'PENDING', NULL, 'N'),
(1366, '2021-07-15', 143, 'PENDING', NULL, 'N'),
(1367, '2021-07-15', 164, 'PENDING', NULL, 'N'),
(1368, '2021-07-15', 165, 'PENDING', NULL, 'N'),
(1369, '2021-07-15', 166, 'PENDING', NULL, 'N'),
(1370, '2021-07-15', 167, 'PENDING', NULL, 'N'),
(1371, '2021-07-15', 212, 'PENDING', NULL, 'N'),
(1372, '2021-07-15', 213, 'PENDING', NULL, 'N'),
(1373, '2021-07-15', 214, 'PENDING', NULL, 'N'),
(1374, '2021-07-15', 215, 'PENDING', NULL, 'N'),
(1375, '2021-07-15', 236, 'PENDING', NULL, 'N'),
(1376, '2021-07-15', 237, 'PENDING', NULL, 'N'),
(1377, '2021-07-15', 238, 'PENDING', NULL, 'N'),
(1378, '2021-07-15', 239, 'PENDING', NULL, 'N'),
(1379, '2021-07-15', 262, 'PENDING', NULL, 'N'),
(1380, '2021-07-15', 263, 'PENDING', NULL, 'N'),
(1381, '2021-07-15', 264, 'PENDING', NULL, 'N'),
(1382, '2021-07-15', 265, 'PENDING', NULL, 'N'),
(1383, '2021-07-15', 286, 'PENDING', NULL, 'N'),
(1384, '2021-07-15', 287, 'PENDING', NULL, 'N'),
(1385, '2021-07-15', 288, 'PENDING', NULL, 'N'),
(1386, '2021-07-15', 289, 'PENDING', NULL, 'N'),
(1387, '2021-07-15', 310, 'PENDING', NULL, 'N'),
(1388, '2021-07-15', 311, 'PENDING', NULL, 'N'),
(1389, '2021-07-15', 312, 'PENDING', NULL, 'N'),
(1390, '2021-07-15', 313, 'PENDING', NULL, 'N'),
(1391, '2021-07-15', 358, 'PENDING', NULL, 'N'),
(1392, '2021-07-15', 359, 'PENDING', NULL, 'N'),
(1393, '2021-07-15', 360, 'PENDING', NULL, 'N'),
(1394, '2021-07-15', 361, 'PENDING', NULL, 'N'),
(1395, '2021-07-15', 383, 'PENDING', NULL, 'N'),
(1396, '2021-07-15', 384, 'PENDING', NULL, 'N'),
(1397, '2021-07-15', 385, 'PENDING', NULL, 'N'),
(1398, '2021-07-15', 386, 'PENDING', NULL, 'N'),
(1399, '2021-07-15', 412, 'PENDING', NULL, 'N'),
(1400, '2021-07-15', 413, 'PENDING', NULL, 'N'),
(1401, '2021-07-15', 414, 'PENDING', NULL, 'N'),
(1402, '2021-07-15', 415, 'PENDING', NULL, 'N'),
(1403, '2021-07-15', 436, 'PENDING', NULL, 'N'),
(1404, '2021-07-15', 437, 'PENDING', NULL, 'N'),
(1405, '2021-07-15', 438, 'PENDING', NULL, 'N'),
(1406, '2021-07-15', 439, 'PENDING', NULL, 'N'),
(1407, '2021-07-15', 460, 'PENDING', NULL, 'N'),
(1408, '2021-07-15', 461, 'PENDING', NULL, 'N'),
(1409, '2021-07-15', 462, 'PENDING', NULL, 'N'),
(1410, '2021-07-15', 463, 'PENDING', NULL, 'N'),
(1411, '2021-07-15', 484, 'PENDING', NULL, 'N'),
(1412, '2021-07-15', 485, 'PENDING', NULL, 'N'),
(1413, '2021-07-15', 487, 'PENDING', NULL, 'N'),
(1414, '2021-07-15', 488, 'PENDING', NULL, 'N'),
(1415, '2021-07-15', 509, 'PENDING', NULL, 'N'),
(1416, '2021-07-15', 510, 'PENDING', NULL, 'N'),
(1417, '2021-07-15', 511, 'PENDING', NULL, 'N'),
(1418, '2021-07-15', 512, 'PENDING', NULL, 'N'),
(1419, '2021-07-15', 533, 'PENDING', NULL, 'N'),
(1420, '2021-07-15', 534, 'PENDING', NULL, 'N'),
(1421, '2021-07-15', 535, 'PENDING', NULL, 'N'),
(1422, '2021-07-15', 536, 'PENDING', NULL, 'N'),
(1423, '2021-07-15', 557, 'PENDING', NULL, 'N'),
(1424, '2021-07-15', 558, 'PENDING', NULL, 'N'),
(1425, '2021-07-15', 559, 'PENDING', NULL, 'N'),
(1426, '2021-07-15', 560, 'PENDING', NULL, 'N'),
(1427, '2021-07-15', 582, 'PENDING', NULL, 'N'),
(1428, '2021-07-15', 583, 'PENDING', NULL, 'N'),
(1429, '2021-07-15', 584, 'PENDING', NULL, 'N'),
(1430, '2021-07-15', 585, 'PENDING', NULL, 'N'),
(1431, '2021-07-16', 18, 'PENDING', NULL, 'N'),
(1432, '2021-07-16', 19, 'PENDING', NULL, 'N'),
(1433, '2021-07-16', 20, 'PENDING', NULL, 'N'),
(1434, '2021-07-16', 47, 'PENDING', NULL, 'N'),
(1435, '2021-07-16', 48, 'PENDING', NULL, 'N'),
(1436, '2021-07-16', 49, 'PENDING', NULL, 'N'),
(1437, '2021-07-16', 71, 'PENDING', NULL, 'N'),
(1438, '2021-07-16', 72, 'PENDING', NULL, 'N'),
(1439, '2021-07-16', 73, 'PENDING', NULL, 'N'),
(1440, '2021-07-16', 95, 'PENDING', NULL, 'N'),
(1441, '2021-07-16', 96, 'PENDING', NULL, 'N'),
(1442, '2021-07-16', 97, 'PENDING', NULL, 'N'),
(1443, '2021-07-16', 120, 'PENDING', NULL, 'N'),
(1444, '2021-07-16', 121, 'PENDING', NULL, 'N'),
(1445, '2021-07-16', 122, 'PENDING', NULL, 'N'),
(1446, '2021-07-16', 144, 'PENDING', NULL, 'N'),
(1447, '2021-07-16', 145, 'PENDING', NULL, 'N'),
(1448, '2021-07-16', 146, 'PENDING', NULL, 'N'),
(1449, '2021-07-16', 168, 'PENDING', NULL, 'N'),
(1450, '2021-07-16', 169, 'PENDING', NULL, 'N'),
(1451, '2021-07-16', 170, 'PENDING', NULL, 'N'),
(1452, '2021-07-16', 216, 'PENDING', NULL, 'N'),
(1453, '2021-07-16', 217, 'PENDING', NULL, 'N'),
(1454, '2021-07-16', 218, 'PENDING', NULL, 'N'),
(1455, '2021-07-16', 240, 'PENDING', NULL, 'N'),
(1456, '2021-07-16', 241, 'PENDING', NULL, 'N'),
(1457, '2021-07-16', 242, 'PENDING', NULL, 'N'),
(1458, '2021-07-16', 266, 'PENDING', NULL, 'N'),
(1459, '2021-07-16', 267, 'PENDING', NULL, 'N'),
(1460, '2021-07-16', 268, 'PENDING', NULL, 'N'),
(1461, '2021-07-16', 290, 'PENDING', NULL, 'N'),
(1462, '2021-07-16', 291, 'PENDING', NULL, 'N'),
(1463, '2021-07-16', 292, 'PENDING', NULL, 'N'),
(1464, '2021-07-16', 314, 'PENDING', NULL, 'N'),
(1465, '2021-07-16', 315, 'PENDING', NULL, 'N'),
(1466, '2021-07-16', 316, 'PENDING', NULL, 'N'),
(1467, '2021-07-16', 362, 'PENDING', NULL, 'N'),
(1468, '2021-07-16', 363, 'PENDING', NULL, 'N'),
(1469, '2021-07-16', 364, 'PENDING', NULL, 'N'),
(1470, '2021-07-16', 387, 'PENDING', NULL, 'N'),
(1471, '2021-07-16', 388, 'PENDING', NULL, 'N'),
(1472, '2021-07-16', 389, 'PENDING', NULL, 'N'),
(1473, '2021-07-16', 416, 'PENDING', NULL, 'N'),
(1474, '2021-07-16', 417, 'PENDING', NULL, 'N'),
(1475, '2021-07-16', 418, 'PENDING', NULL, 'N'),
(1476, '2021-07-16', 440, 'PENDING', NULL, 'N'),
(1477, '2021-07-16', 441, 'PENDING', NULL, 'N'),
(1478, '2021-07-16', 442, 'PENDING', NULL, 'N'),
(1479, '2021-07-16', 464, 'PENDING', NULL, 'N'),
(1480, '2021-07-16', 465, 'PENDING', NULL, 'N'),
(1481, '2021-07-16', 466, 'PENDING', NULL, 'N'),
(1482, '2021-07-16', 489, 'PENDING', NULL, 'N'),
(1483, '2021-07-16', 490, 'PENDING', NULL, 'N'),
(1484, '2021-07-16', 491, 'PENDING', NULL, 'N'),
(1485, '2021-07-16', 513, 'PENDING', NULL, 'N'),
(1486, '2021-07-16', 514, 'PENDING', NULL, 'N'),
(1487, '2021-07-16', 515, 'PENDING', NULL, 'N'),
(1488, '2021-07-16', 537, 'PENDING', NULL, 'N'),
(1489, '2021-07-16', 538, 'PENDING', NULL, 'N'),
(1490, '2021-07-16', 539, 'PENDING', NULL, 'N'),
(1491, '2021-07-16', 561, 'PENDING', NULL, 'N'),
(1492, '2021-07-16', 562, 'PENDING', NULL, 'N'),
(1493, '2021-07-16', 563, 'PENDING', NULL, 'N'),
(1494, '2021-07-16', 586, 'PENDING', NULL, 'N'),
(1495, '2021-07-16', 587, 'PENDING', NULL, 'N'),
(1496, '2021-07-16', 588, 'PENDING', NULL, 'N'),
(1497, '2021-07-17', 21, 'PENDING', NULL, 'N'),
(1498, '2021-07-17', 22, 'PENDING', NULL, 'N'),
(1499, '2021-07-17', 23, 'PENDING', NULL, 'N'),
(1500, '2021-07-17', 24, 'PENDING', NULL, 'N'),
(1501, '2021-07-17', 50, 'PENDING', NULL, 'N'),
(1502, '2021-07-17', 51, 'PENDING', NULL, 'N'),
(1503, '2021-07-17', 52, 'PENDING', NULL, 'N'),
(1504, '2021-07-17', 53, 'PENDING', NULL, 'N'),
(1505, '2021-07-17', 74, 'PENDING', NULL, 'N'),
(1506, '2021-07-17', 75, 'PENDING', NULL, 'N'),
(1507, '2021-07-17', 76, 'PENDING', NULL, 'N'),
(1508, '2021-07-17', 77, 'PENDING', NULL, 'N'),
(1509, '2021-07-17', 98, 'PENDING', NULL, 'N'),
(1510, '2021-07-17', 99, 'PENDING', NULL, 'N'),
(1511, '2021-07-17', 100, 'PENDING', NULL, 'N'),
(1512, '2021-07-17', 101, 'PENDING', NULL, 'N'),
(1513, '2021-07-17', 123, 'PENDING', NULL, 'N'),
(1514, '2021-07-17', 124, 'PENDING', NULL, 'N'),
(1515, '2021-07-17', 125, 'PENDING', NULL, 'N'),
(1516, '2021-07-17', 126, 'PENDING', NULL, 'N'),
(1517, '2021-07-17', 147, 'PENDING', NULL, 'N'),
(1518, '2021-07-17', 148, 'PENDING', NULL, 'N'),
(1519, '2021-07-17', 149, 'PENDING', NULL, 'N'),
(1520, '2021-07-17', 150, 'PENDING', NULL, 'N'),
(1521, '2021-07-17', 171, 'PENDING', NULL, 'N'),
(1522, '2021-07-17', 172, 'PENDING', NULL, 'N'),
(1523, '2021-07-17', 173, 'PENDING', NULL, 'N'),
(1524, '2021-07-17', 174, 'PENDING', NULL, 'N'),
(1525, '2021-07-17', 219, 'PENDING', NULL, 'N'),
(1526, '2021-07-17', 220, 'PENDING', NULL, 'N'),
(1527, '2021-07-17', 221, 'PENDING', NULL, 'N'),
(1528, '2021-07-17', 222, 'PENDING', NULL, 'N'),
(1529, '2021-07-17', 243, 'PENDING', NULL, 'N'),
(1530, '2021-07-17', 244, 'PENDING', NULL, 'N'),
(1531, '2021-07-17', 245, 'PENDING', NULL, 'N'),
(1532, '2021-07-17', 246, 'PENDING', NULL, 'N'),
(1533, '2021-07-17', 269, 'PENDING', NULL, 'N'),
(1534, '2021-07-17', 270, 'PENDING', NULL, 'N'),
(1535, '2021-07-17', 271, 'PENDING', NULL, 'N'),
(1536, '2021-07-17', 272, 'PENDING', NULL, 'N'),
(1537, '2021-07-17', 293, 'PENDING', NULL, 'N'),
(1538, '2021-07-17', 294, 'PENDING', NULL, 'N'),
(1539, '2021-07-17', 295, 'PENDING', NULL, 'N'),
(1540, '2021-07-17', 296, 'PENDING', NULL, 'N'),
(1541, '2021-07-17', 317, 'PENDING', NULL, 'N'),
(1542, '2021-07-17', 318, 'PENDING', NULL, 'N'),
(1543, '2021-07-17', 319, 'PENDING', NULL, 'N'),
(1544, '2021-07-17', 320, 'PENDING', NULL, 'N'),
(1545, '2021-07-17', 365, 'PENDING', NULL, 'N'),
(1546, '2021-07-17', 366, 'PENDING', NULL, 'N'),
(1547, '2021-07-17', 367, 'PENDING', NULL, 'N'),
(1548, '2021-07-17', 368, 'PENDING', NULL, 'N'),
(1549, '2021-07-17', 390, 'PENDING', NULL, 'N'),
(1550, '2021-07-17', 391, 'PENDING', NULL, 'N'),
(1551, '2021-07-17', 392, 'PENDING', NULL, 'N'),
(1552, '2021-07-17', 393, 'PENDING', NULL, 'N'),
(1553, '2021-07-17', 419, 'PENDING', NULL, 'N'),
(1554, '2021-07-17', 420, 'PENDING', NULL, 'N'),
(1555, '2021-07-17', 421, 'PENDING', NULL, 'N'),
(1556, '2021-07-17', 422, 'PENDING', NULL, 'N'),
(1557, '2021-07-17', 443, 'PENDING', NULL, 'N'),
(1558, '2021-07-17', 444, 'PENDING', NULL, 'N'),
(1559, '2021-07-17', 445, 'PENDING', NULL, 'N'),
(1560, '2021-07-17', 446, 'PENDING', NULL, 'N'),
(1561, '2021-07-17', 467, 'PENDING', NULL, 'N'),
(1562, '2021-07-17', 468, 'PENDING', NULL, 'N'),
(1563, '2021-07-17', 469, 'PENDING', NULL, 'N'),
(1564, '2021-07-17', 470, 'PENDING', NULL, 'N'),
(1565, '2021-07-17', 492, 'PENDING', NULL, 'N'),
(1566, '2021-07-17', 493, 'PENDING', NULL, 'N'),
(1567, '2021-07-17', 494, 'PENDING', NULL, 'N'),
(1568, '2021-07-17', 495, 'PENDING', NULL, 'N'),
(1569, '2021-07-17', 516, 'PENDING', NULL, 'N'),
(1570, '2021-07-17', 517, 'PENDING', NULL, 'N'),
(1571, '2021-07-17', 518, 'PENDING', NULL, 'N'),
(1572, '2021-07-17', 519, 'PENDING', NULL, 'N'),
(1573, '2021-07-17', 540, 'PENDING', NULL, 'N'),
(1574, '2021-07-17', 541, 'PENDING', NULL, 'N'),
(1575, '2021-07-17', 542, 'PENDING', NULL, 'N'),
(1576, '2021-07-17', 543, 'PENDING', NULL, 'N'),
(1577, '2021-07-17', 564, 'PENDING', NULL, 'N'),
(1578, '2021-07-17', 565, 'PENDING', NULL, 'N'),
(1579, '2021-07-17', 566, 'PENDING', NULL, 'N'),
(1580, '2021-07-17', 567, 'PENDING', NULL, 'N'),
(1581, '2021-07-17', 589, 'PENDING', NULL, 'N'),
(1582, '2021-07-17', 590, 'PENDING', NULL, 'N'),
(1583, '2021-07-17', 591, 'PENDING', NULL, 'N'),
(1584, '2021-07-17', 592, 'PENDING', NULL, 'N'),
(1585, '2021-07-19', 1, 'PENDING', NULL, 'N'),
(1586, '2021-07-19', 2, 'PENDING', NULL, 'N'),
(1587, '2021-07-19', 3, 'PENDING', NULL, 'N'),
(1588, '2021-07-19', 4, 'PENDING', NULL, 'N'),
(1589, '2021-07-19', 25, 'PENDING', NULL, 'N'),
(1590, '2021-07-19', 26, 'PENDING', NULL, 'N'),
(1591, '2021-07-19', 27, 'PENDING', NULL, 'N'),
(1592, '2021-07-19', 28, 'PENDING', NULL, 'N'),
(1593, '2021-07-19', 54, 'PENDING', NULL, 'N'),
(1594, '2021-07-19', 55, 'PENDING', NULL, 'N'),
(1595, '2021-07-19', 56, 'PENDING', NULL, 'N'),
(1596, '2021-07-19', 57, 'PENDING', NULL, 'N'),
(1597, '2021-07-19', 78, 'PENDING', NULL, 'N'),
(1598, '2021-07-19', 79, 'PENDING', NULL, 'N'),
(1599, '2021-07-19', 80, 'PENDING', NULL, 'N'),
(1600, '2021-07-19', 81, 'PENDING', NULL, 'N'),
(1601, '2021-07-19', 102, 'PENDING', NULL, 'N'),
(1602, '2021-07-19', 103, 'PENDING', NULL, 'N'),
(1603, '2021-07-19', 104, 'PENDING', NULL, 'N'),
(1604, '2021-07-19', 105, 'PENDING', NULL, 'N'),
(1605, '2021-07-19', 127, 'PENDING', NULL, 'N'),
(1606, '2021-07-19', 128, 'PENDING', NULL, 'N'),
(1607, '2021-07-19', 129, 'PENDING', NULL, 'N'),
(1608, '2021-07-19', 130, 'PENDING', NULL, 'N'),
(1609, '2021-07-19', 151, 'PENDING', NULL, 'N'),
(1610, '2021-07-19', 152, 'PENDING', NULL, 'N'),
(1611, '2021-07-19', 153, 'PENDING', NULL, 'N'),
(1612, '2021-07-19', 154, 'PENDING', NULL, 'N'),
(1613, '2021-07-19', 199, 'PENDING', NULL, 'N'),
(1614, '2021-07-19', 200, 'PENDING', NULL, 'N'),
(1615, '2021-07-19', 201, 'PENDING', NULL, 'N'),
(1616, '2021-07-19', 202, 'PENDING', NULL, 'N'),
(1617, '2021-07-19', 223, 'PENDING', NULL, 'N'),
(1618, '2021-07-19', 224, 'PENDING', NULL, 'N'),
(1619, '2021-07-19', 225, 'PENDING', NULL, 'N'),
(1620, '2021-07-19', 226, 'PENDING', NULL, 'N'),
(1621, '2021-07-19', 247, 'PENDING', NULL, 'N'),
(1622, '2021-07-19', 248, 'PENDING', NULL, 'N'),
(1623, '2021-07-19', 251, 'PENDING', NULL, 'N'),
(1624, '2021-07-19', 252, 'PENDING', NULL, 'N'),
(1625, '2021-07-19', 273, 'PENDING', NULL, 'N'),
(1626, '2021-07-19', 274, 'PENDING', NULL, 'N'),
(1627, '2021-07-19', 275, 'PENDING', NULL, 'N'),
(1628, '2021-07-19', 276, 'PENDING', NULL, 'N'),
(1629, '2021-07-19', 297, 'PENDING', NULL, 'N'),
(1630, '2021-07-19', 298, 'PENDING', NULL, 'N'),
(1631, '2021-07-19', 299, 'PENDING', NULL, 'N'),
(1632, '2021-07-19', 300, 'PENDING', NULL, 'N'),
(1633, '2021-07-19', 345, 'PENDING', NULL, 'N'),
(1634, '2021-07-19', 346, 'PENDING', NULL, 'N'),
(1635, '2021-07-19', 347, 'PENDING', NULL, 'N'),
(1636, '2021-07-19', 348, 'PENDING', NULL, 'N'),
(1637, '2021-07-19', 369, 'PENDING', NULL, 'N'),
(1638, '2021-07-19', 370, 'PENDING', NULL, 'N'),
(1639, '2021-07-19', 371, 'PENDING', NULL, 'N'),
(1640, '2021-07-19', 372, 'PENDING', NULL, 'N'),
(1641, '2021-07-19', 399, 'PENDING', NULL, 'N'),
(1642, '2021-07-19', 400, 'PENDING', NULL, 'N'),
(1643, '2021-07-19', 401, 'PENDING', NULL, 'N'),
(1644, '2021-07-19', 402, 'PENDING', NULL, 'N'),
(1645, '2021-07-19', 423, 'PENDING', NULL, 'N'),
(1646, '2021-07-19', 424, 'PENDING', NULL, 'N'),
(1647, '2021-07-19', 425, 'PENDING', NULL, 'N'),
(1648, '2021-07-19', 426, 'PENDING', NULL, 'N'),
(1649, '2021-07-19', 447, 'PENDING', NULL, 'N'),
(1650, '2021-07-19', 448, 'PENDING', NULL, 'N'),
(1651, '2021-07-19', 449, 'PENDING', NULL, 'N'),
(1652, '2021-07-19', 450, 'PENDING', NULL, 'N'),
(1653, '2021-07-19', 471, 'PENDING', NULL, 'N'),
(1654, '2021-07-19', 472, 'PENDING', NULL, 'N'),
(1655, '2021-07-19', 473, 'PENDING', NULL, 'N'),
(1656, '2021-07-19', 474, 'PENDING', NULL, 'N'),
(1657, '2021-07-19', 496, 'PENDING', NULL, 'N'),
(1658, '2021-07-19', 497, 'PENDING', NULL, 'N'),
(1659, '2021-07-19', 498, 'PENDING', NULL, 'N'),
(1660, '2021-07-19', 499, 'PENDING', NULL, 'N'),
(1661, '2021-07-19', 520, 'PENDING', NULL, 'N'),
(1662, '2021-07-19', 521, 'PENDING', NULL, 'N'),
(1663, '2021-07-19', 522, 'PENDING', NULL, 'N'),
(1664, '2021-07-19', 523, 'PENDING', NULL, 'N'),
(1665, '2021-07-19', 544, 'PENDING', NULL, 'N'),
(1666, '2021-07-19', 545, 'PENDING', NULL, 'N'),
(1667, '2021-07-19', 546, 'PENDING', NULL, 'N'),
(1668, '2021-07-19', 547, 'PENDING', NULL, 'N'),
(1669, '2021-07-19', 568, 'PENDING', NULL, 'N'),
(1670, '2021-07-19', 569, 'PENDING', NULL, 'N'),
(1671, '2021-07-19', 570, 'PENDING', NULL, 'N'),
(1672, '2021-07-19', 571, 'PENDING', NULL, 'N'),
(1673, '2021-07-20', 5, 'PENDING', NULL, 'N'),
(1674, '2021-07-20', 6, 'PENDING', NULL, 'N'),
(1675, '2021-07-20', 7, 'PENDING', NULL, 'N'),
(1676, '2021-07-20', 8, 'PENDING', NULL, 'N'),
(1677, '2021-07-20', 29, 'PENDING', NULL, 'N'),
(1678, '2021-07-20', 30, 'PENDING', NULL, 'N'),
(1679, '2021-07-20', 32, 'PENDING', NULL, 'N'),
(1680, '2021-07-20', 33, 'PENDING', NULL, 'N'),
(1681, '2021-07-20', 58, 'PENDING', NULL, 'N'),
(1682, '2021-07-20', 59, 'PENDING', NULL, 'N'),
(1683, '2021-07-20', 60, 'PENDING', NULL, 'N'),
(1684, '2021-07-20', 61, 'PENDING', NULL, 'N'),
(1685, '2021-07-20', 82, 'PENDING', NULL, 'N'),
(1686, '2021-07-20', 83, 'PENDING', NULL, 'N'),
(1687, '2021-07-20', 84, 'PENDING', NULL, 'N'),
(1688, '2021-07-20', 85, 'PENDING', NULL, 'N'),
(1689, '2021-07-20', 106, 'PENDING', NULL, 'N'),
(1690, '2021-07-20', 107, 'PENDING', NULL, 'N'),
(1691, '2021-07-20', 108, 'PENDING', NULL, 'N'),
(1692, '2021-07-20', 109, 'PENDING', NULL, 'N'),
(1693, '2021-07-20', 131, 'PENDING', NULL, 'N'),
(1694, '2021-07-20', 132, 'PENDING', NULL, 'N'),
(1695, '2021-07-20', 133, 'PENDING', NULL, 'N'),
(1696, '2021-07-20', 134, 'PENDING', NULL, 'N'),
(1697, '2021-07-20', 155, 'PENDING', NULL, 'N'),
(1698, '2021-07-20', 156, 'PENDING', NULL, 'N'),
(1699, '2021-07-20', 157, 'PENDING', NULL, 'N'),
(1700, '2021-07-20', 158, 'PENDING', NULL, 'N'),
(1701, '2021-07-20', 203, 'PENDING', NULL, 'N'),
(1702, '2021-07-20', 204, 'PENDING', NULL, 'N'),
(1703, '2021-07-20', 205, 'PENDING', NULL, 'N'),
(1704, '2021-07-20', 206, 'PENDING', NULL, 'N'),
(1705, '2021-07-20', 227, 'PENDING', NULL, 'N'),
(1706, '2021-07-20', 228, 'PENDING', NULL, 'N'),
(1707, '2021-07-20', 229, 'PENDING', NULL, 'N'),
(1708, '2021-07-20', 230, 'PENDING', NULL, 'N'),
(1709, '2021-07-20', 253, 'PENDING', NULL, 'N'),
(1710, '2021-07-20', 254, 'PENDING', NULL, 'N'),
(1711, '2021-07-20', 255, 'PENDING', NULL, 'N'),
(1712, '2021-07-20', 256, 'PENDING', NULL, 'N'),
(1713, '2021-07-20', 277, 'PENDING', NULL, 'N'),
(1714, '2021-07-20', 278, 'PENDING', NULL, 'N'),
(1715, '2021-07-20', 279, 'PENDING', NULL, 'N'),
(1716, '2021-07-20', 280, 'PENDING', NULL, 'N'),
(1717, '2021-07-20', 301, 'PENDING', NULL, 'N'),
(1718, '2021-07-20', 302, 'PENDING', NULL, 'N'),
(1719, '2021-07-20', 303, 'PENDING', NULL, 'N'),
(1720, '2021-07-20', 304, 'PENDING', NULL, 'N'),
(1721, '2021-07-20', 349, 'PENDING', NULL, 'N'),
(1722, '2021-07-20', 350, 'PENDING', NULL, 'N'),
(1723, '2021-07-20', 351, 'PENDING', NULL, 'N'),
(1724, '2021-07-20', 352, 'PENDING', NULL, 'N'),
(1725, '2021-07-20', 373, 'PENDING', NULL, 'N'),
(1726, '2021-07-20', 374, 'PENDING', NULL, 'N'),
(1727, '2021-07-20', 376, 'PENDING', NULL, 'N'),
(1728, '2021-07-20', 377, 'PENDING', NULL, 'N'),
(1729, '2021-07-20', 403, 'PENDING', NULL, 'N'),
(1730, '2021-07-20', 404, 'PENDING', NULL, 'N'),
(1731, '2021-07-20', 405, 'PENDING', NULL, 'N'),
(1732, '2021-07-20', 406, 'PENDING', NULL, 'N'),
(1733, '2021-07-20', 427, 'PENDING', NULL, 'N'),
(1734, '2021-07-20', 428, 'PENDING', NULL, 'N'),
(1735, '2021-07-20', 429, 'PENDING', NULL, 'N'),
(1736, '2021-07-20', 430, 'PENDING', NULL, 'N'),
(1737, '2021-07-20', 451, 'PENDING', NULL, 'N'),
(1738, '2021-07-20', 452, 'PENDING', NULL, 'N'),
(1739, '2021-07-20', 453, 'PENDING', NULL, 'N'),
(1740, '2021-07-20', 454, 'PENDING', NULL, 'N'),
(1741, '2021-07-20', 475, 'PENDING', NULL, 'N'),
(1742, '2021-07-20', 476, 'PENDING', NULL, 'N'),
(1743, '2021-07-20', 477, 'PENDING', NULL, 'N'),
(1744, '2021-07-20', 478, 'PENDING', NULL, 'N'),
(1745, '2021-07-20', 500, 'PENDING', NULL, 'N'),
(1746, '2021-07-20', 501, 'PENDING', NULL, 'N'),
(1747, '2021-07-20', 502, 'PENDING', NULL, 'N'),
(1748, '2021-07-20', 503, 'PENDING', NULL, 'N'),
(1749, '2021-07-20', 524, 'PENDING', NULL, 'N'),
(1750, '2021-07-20', 525, 'PENDING', NULL, 'N'),
(1751, '2021-07-20', 526, 'PENDING', NULL, 'N'),
(1752, '2021-07-20', 527, 'PENDING', NULL, 'N'),
(1753, '2021-07-20', 548, 'PENDING', NULL, 'N'),
(1754, '2021-07-20', 549, 'PENDING', NULL, 'N'),
(1755, '2021-07-20', 550, 'PENDING', NULL, 'N'),
(1756, '2021-07-20', 551, 'PENDING', NULL, 'N'),
(1757, '2021-07-20', 572, 'PENDING', NULL, 'N'),
(1758, '2021-07-20', 573, 'PENDING', NULL, 'N'),
(1759, '2021-07-20', 574, 'PENDING', NULL, 'N'),
(1760, '2021-07-20', 576, 'PENDING', NULL, 'N'),
(1761, '2021-07-21', 9, 'PENDING', NULL, 'N'),
(1762, '2021-07-21', 10, 'PENDING', NULL, 'N'),
(1763, '2021-07-21', 11, 'PENDING', NULL, 'N'),
(1764, '2021-07-21', 12, 'PENDING', NULL, 'N'),
(1765, '2021-07-21', 13, 'PENDING', NULL, 'N'),
(1766, '2021-07-21', 34, 'PENDING', NULL, 'N'),
(1767, '2021-07-21', 35, 'PENDING', NULL, 'N'),
(1768, '2021-07-21', 36, 'PENDING', NULL, 'N'),
(1769, '2021-07-21', 37, 'PENDING', NULL, 'N'),
(1770, '2021-07-21', 38, 'PENDING', NULL, 'N'),
(1771, '2021-07-21', 62, 'PENDING', NULL, 'N'),
(1772, '2021-07-21', 63, 'PENDING', NULL, 'N'),
(1773, '2021-07-21', 64, 'PENDING', NULL, 'N'),
(1774, '2021-07-21', 65, 'PENDING', NULL, 'N'),
(1775, '2021-07-21', 66, 'PENDING', NULL, 'N'),
(1776, '2021-07-21', 86, 'PENDING', NULL, 'N'),
(1777, '2021-07-21', 87, 'PENDING', NULL, 'N'),
(1778, '2021-07-21', 88, 'PENDING', NULL, 'N'),
(1779, '2021-07-21', 89, 'PENDING', NULL, 'N'),
(1780, '2021-07-21', 90, 'PENDING', NULL, 'N'),
(1781, '2021-07-21', 110, 'PENDING', NULL, 'N'),
(1782, '2021-07-21', 111, 'PENDING', NULL, 'N'),
(1783, '2021-07-21', 112, 'PENDING', NULL, 'N'),
(1784, '2021-07-21', 114, 'PENDING', NULL, 'N'),
(1785, '2021-07-21', 115, 'PENDING', NULL, 'N'),
(1786, '2021-07-21', 135, 'PENDING', NULL, 'N'),
(1787, '2021-07-21', 136, 'PENDING', NULL, 'N'),
(1788, '2021-07-21', 137, 'PENDING', NULL, 'N'),
(1789, '2021-07-21', 138, 'PENDING', NULL, 'N'),
(1790, '2021-07-21', 139, 'PENDING', NULL, 'N'),
(1791, '2021-07-21', 159, 'PENDING', NULL, 'N'),
(1792, '2021-07-21', 160, 'PENDING', NULL, 'N'),
(1793, '2021-07-21', 161, 'PENDING', NULL, 'N'),
(1794, '2021-07-21', 162, 'PENDING', NULL, 'N'),
(1795, '2021-07-21', 163, 'PENDING', NULL, 'N'),
(1796, '2021-07-21', 207, 'PENDING', NULL, 'N'),
(1797, '2021-07-21', 208, 'PENDING', NULL, 'N'),
(1798, '2021-07-21', 209, 'PENDING', NULL, 'N'),
(1799, '2021-07-21', 210, 'PENDING', NULL, 'N'),
(1800, '2021-07-21', 211, 'PENDING', NULL, 'N'),
(1801, '2021-07-21', 231, 'PENDING', NULL, 'N'),
(1802, '2021-07-21', 232, 'PENDING', NULL, 'N'),
(1803, '2021-07-21', 233, 'PENDING', NULL, 'N'),
(1804, '2021-07-21', 234, 'PENDING', NULL, 'N'),
(1805, '2021-07-21', 235, 'PENDING', NULL, 'N'),
(1806, '2021-07-21', 257, 'PENDING', NULL, 'N'),
(1807, '2021-07-21', 258, 'PENDING', NULL, 'N'),
(1808, '2021-07-21', 259, 'PENDING', NULL, 'N'),
(1809, '2021-07-21', 260, 'PENDING', NULL, 'N'),
(1810, '2021-07-21', 261, 'PENDING', NULL, 'N'),
(1811, '2021-07-21', 281, 'PENDING', NULL, 'N'),
(1812, '2021-07-21', 282, 'PENDING', NULL, 'N'),
(1813, '2021-07-21', 283, 'PENDING', NULL, 'N'),
(1814, '2021-07-21', 284, 'PENDING', NULL, 'N'),
(1815, '2021-07-21', 285, 'PENDING', NULL, 'N'),
(1816, '2021-07-21', 305, 'PENDING', NULL, 'N'),
(1817, '2021-07-21', 306, 'PENDING', NULL, 'N'),
(1818, '2021-07-21', 307, 'PENDING', NULL, 'N'),
(1819, '2021-07-21', 308, 'PENDING', NULL, 'N'),
(1820, '2021-07-21', 309, 'PENDING', NULL, 'N'),
(1821, '2021-07-21', 353, 'PENDING', NULL, 'N'),
(1822, '2021-07-21', 354, 'PENDING', NULL, 'N'),
(1823, '2021-07-21', 355, 'PENDING', NULL, 'N'),
(1824, '2021-07-21', 356, 'PENDING', NULL, 'N'),
(1825, '2021-07-21', 357, 'PENDING', NULL, 'N'),
(1826, '2021-07-21', 378, 'PENDING', NULL, 'N'),
(1827, '2021-07-21', 379, 'PENDING', NULL, 'N'),
(1828, '2021-07-21', 380, 'PENDING', NULL, 'N'),
(1829, '2021-07-21', 381, 'PENDING', NULL, 'N'),
(1830, '2021-07-21', 382, 'PENDING', NULL, 'N'),
(1831, '2021-07-21', 407, 'PENDING', NULL, 'N'),
(1832, '2021-07-21', 408, 'PENDING', NULL, 'N'),
(1833, '2021-07-21', 409, 'PENDING', NULL, 'N'),
(1834, '2021-07-21', 410, 'PENDING', NULL, 'N'),
(1835, '2021-07-21', 411, 'PENDING', NULL, 'N'),
(1836, '2021-07-21', 431, 'PENDING', NULL, 'N'),
(1837, '2021-07-21', 432, 'PENDING', NULL, 'N'),
(1838, '2021-07-21', 433, 'PENDING', NULL, 'N'),
(1839, '2021-07-21', 434, 'PENDING', NULL, 'N'),
(1840, '2021-07-21', 435, 'PENDING', NULL, 'N'),
(1841, '2021-07-21', 455, 'PENDING', NULL, 'N'),
(1842, '2021-07-21', 456, 'PENDING', NULL, 'N'),
(1843, '2021-07-21', 457, 'PENDING', NULL, 'N'),
(1844, '2021-07-21', 458, 'PENDING', NULL, 'N'),
(1845, '2021-07-21', 459, 'PENDING', NULL, 'N'),
(1846, '2021-07-21', 479, 'PENDING', NULL, 'N'),
(1847, '2021-07-21', 480, 'PENDING', NULL, 'N'),
(1848, '2021-07-21', 481, 'PENDING', NULL, 'N'),
(1849, '2021-07-21', 482, 'PENDING', NULL, 'N'),
(1850, '2021-07-21', 483, 'PENDING', NULL, 'N'),
(1851, '2021-07-21', 504, 'PENDING', NULL, 'N'),
(1852, '2021-07-21', 505, 'PENDING', NULL, 'N'),
(1853, '2021-07-21', 506, 'PENDING', NULL, 'N'),
(1854, '2021-07-21', 507, 'PENDING', NULL, 'N'),
(1855, '2021-07-21', 508, 'PENDING', NULL, 'N'),
(1856, '2021-07-21', 528, 'PENDING', NULL, 'N'),
(1857, '2021-07-21', 529, 'PENDING', NULL, 'N'),
(1858, '2021-07-21', 530, 'PENDING', NULL, 'N'),
(1859, '2021-07-21', 531, 'PENDING', NULL, 'N'),
(1860, '2021-07-21', 532, 'PENDING', NULL, 'N'),
(1861, '2021-07-21', 552, 'PENDING', NULL, 'N'),
(1862, '2021-07-21', 553, 'PENDING', NULL, 'N'),
(1863, '2021-07-21', 554, 'PENDING', NULL, 'N'),
(1864, '2021-07-21', 555, 'PENDING', NULL, 'N'),
(1865, '2021-07-21', 556, 'PENDING', NULL, 'N'),
(1866, '2021-07-21', 577, 'PENDING', NULL, 'N'),
(1867, '2021-07-21', 578, 'PENDING', NULL, 'N'),
(1868, '2021-07-21', 579, 'PENDING', NULL, 'N'),
(1869, '2021-07-21', 580, 'PENDING', NULL, 'N'),
(1870, '2021-07-21', 581, 'PENDING', NULL, 'N'),
(1871, '2021-07-22', 14, 'PENDING', NULL, 'N'),
(1872, '2021-07-22', 15, 'PENDING', NULL, 'N'),
(1873, '2021-07-22', 16, 'PENDING', NULL, 'N'),
(1874, '2021-07-22', 17, 'PENDING', NULL, 'N'),
(1875, '2021-07-22', 39, 'PENDING', NULL, 'N'),
(1876, '2021-07-22', 40, 'PENDING', NULL, 'N'),
(1877, '2021-07-22', 41, 'PENDING', NULL, 'N'),
(1878, '2021-07-22', 42, 'PENDING', NULL, 'N'),
(1879, '2021-07-22', 67, 'PENDING', NULL, 'N'),
(1880, '2021-07-22', 68, 'PENDING', NULL, 'N'),
(1881, '2021-07-22', 69, 'PENDING', NULL, 'N'),
(1882, '2021-07-22', 70, 'PENDING', NULL, 'N'),
(1883, '2021-07-22', 91, 'PENDING', NULL, 'N'),
(1884, '2021-07-22', 92, 'PENDING', NULL, 'N'),
(1885, '2021-07-22', 93, 'PENDING', NULL, 'N'),
(1886, '2021-07-22', 94, 'PENDING', NULL, 'N'),
(1887, '2021-07-22', 116, 'PENDING', NULL, 'N'),
(1888, '2021-07-22', 117, 'PENDING', NULL, 'N'),
(1889, '2021-07-22', 118, 'PENDING', NULL, 'N'),
(1890, '2021-07-22', 119, 'PENDING', NULL, 'N'),
(1891, '2021-07-22', 140, 'PENDING', NULL, 'N'),
(1892, '2021-07-22', 141, 'PENDING', NULL, 'N'),
(1893, '2021-07-22', 142, 'PENDING', NULL, 'N'),
(1894, '2021-07-22', 143, 'PENDING', NULL, 'N'),
(1895, '2021-07-22', 164, 'PENDING', NULL, 'N'),
(1896, '2021-07-22', 165, 'PENDING', NULL, 'N'),
(1897, '2021-07-22', 166, 'PENDING', NULL, 'N'),
(1898, '2021-07-22', 167, 'PENDING', NULL, 'N'),
(1899, '2021-07-22', 212, 'PENDING', NULL, 'N'),
(1900, '2021-07-22', 213, 'PENDING', NULL, 'N'),
(1901, '2021-07-22', 214, 'PENDING', NULL, 'N'),
(1902, '2021-07-22', 215, 'PENDING', NULL, 'N'),
(1903, '2021-07-22', 236, 'PENDING', NULL, 'N'),
(1904, '2021-07-22', 237, 'PENDING', NULL, 'N'),
(1905, '2021-07-22', 238, 'PENDING', NULL, 'N'),
(1906, '2021-07-22', 239, 'PENDING', NULL, 'N'),
(1907, '2021-07-22', 262, 'PENDING', NULL, 'N'),
(1908, '2021-07-22', 263, 'PENDING', NULL, 'N'),
(1909, '2021-07-22', 264, 'PENDING', NULL, 'N'),
(1910, '2021-07-22', 265, 'PENDING', NULL, 'N'),
(1911, '2021-07-22', 286, 'PENDING', NULL, 'N'),
(1912, '2021-07-22', 287, 'PENDING', NULL, 'N'),
(1913, '2021-07-22', 288, 'PENDING', NULL, 'N'),
(1914, '2021-07-22', 289, 'PENDING', NULL, 'N'),
(1915, '2021-07-22', 310, 'PENDING', NULL, 'N'),
(1916, '2021-07-22', 311, 'PENDING', NULL, 'N'),
(1917, '2021-07-22', 312, 'PENDING', NULL, 'N'),
(1918, '2021-07-22', 313, 'PENDING', NULL, 'N'),
(1919, '2021-07-22', 358, 'PENDING', NULL, 'N'),
(1920, '2021-07-22', 359, 'PENDING', NULL, 'N'),
(1921, '2021-07-22', 360, 'PENDING', NULL, 'N'),
(1922, '2021-07-22', 361, 'PENDING', NULL, 'N'),
(1923, '2021-07-22', 383, 'PENDING', NULL, 'N'),
(1924, '2021-07-22', 384, 'PENDING', NULL, 'N'),
(1925, '2021-07-22', 385, 'PENDING', NULL, 'N'),
(1926, '2021-07-22', 386, 'PENDING', NULL, 'N'),
(1927, '2021-07-22', 412, 'PENDING', NULL, 'N'),
(1928, '2021-07-22', 413, 'PENDING', NULL, 'N'),
(1929, '2021-07-22', 414, 'PENDING', NULL, 'N'),
(1930, '2021-07-22', 415, 'PENDING', NULL, 'N'),
(1931, '2021-07-22', 436, 'PENDING', NULL, 'N'),
(1932, '2021-07-22', 437, 'PENDING', NULL, 'N'),
(1933, '2021-07-22', 438, 'PENDING', NULL, 'N'),
(1934, '2021-07-22', 439, 'PENDING', NULL, 'N'),
(1935, '2021-07-22', 460, 'PENDING', NULL, 'N'),
(1936, '2021-07-22', 461, 'PENDING', NULL, 'N'),
(1937, '2021-07-22', 462, 'PENDING', NULL, 'N'),
(1938, '2021-07-22', 463, 'PENDING', NULL, 'N'),
(1939, '2021-07-22', 484, 'PENDING', NULL, 'N'),
(1940, '2021-07-22', 485, 'PENDING', NULL, 'N'),
(1941, '2021-07-22', 487, 'PENDING', NULL, 'N'),
(1942, '2021-07-22', 488, 'PENDING', NULL, 'N'),
(1943, '2021-07-22', 509, 'PENDING', NULL, 'N'),
(1944, '2021-07-22', 510, 'PENDING', NULL, 'N'),
(1945, '2021-07-22', 511, 'PENDING', NULL, 'N'),
(1946, '2021-07-22', 512, 'PENDING', NULL, 'N'),
(1947, '2021-07-22', 533, 'PENDING', NULL, 'N'),
(1948, '2021-07-22', 534, 'PENDING', NULL, 'N'),
(1949, '2021-07-22', 535, 'PENDING', NULL, 'N'),
(1950, '2021-07-22', 536, 'PENDING', NULL, 'N'),
(1951, '2021-07-22', 557, 'PENDING', NULL, 'N'),
(1952, '2021-07-22', 558, 'PENDING', NULL, 'N'),
(1953, '2021-07-22', 559, 'PENDING', NULL, 'N'),
(1954, '2021-07-22', 560, 'PENDING', NULL, 'N'),
(1955, '2021-07-22', 582, 'PENDING', NULL, 'N'),
(1956, '2021-07-22', 583, 'PENDING', NULL, 'N'),
(1957, '2021-07-22', 584, 'PENDING', NULL, 'N'),
(1958, '2021-07-22', 585, 'PENDING', NULL, 'N'),
(1959, '2021-07-23', 18, 'PENDING', NULL, 'N'),
(1960, '2021-07-23', 19, 'PENDING', NULL, 'N'),
(1961, '2021-07-23', 20, 'PENDING', NULL, 'N'),
(1962, '2021-07-23', 47, 'PENDING', NULL, 'N'),
(1963, '2021-07-23', 48, 'PENDING', NULL, 'N'),
(1964, '2021-07-23', 49, 'PENDING', NULL, 'N'),
(1965, '2021-07-23', 71, 'PENDING', NULL, 'N'),
(1966, '2021-07-23', 72, 'PENDING', NULL, 'N'),
(1967, '2021-07-23', 73, 'PENDING', NULL, 'N'),
(1968, '2021-07-23', 95, 'PENDING', NULL, 'N'),
(1969, '2021-07-23', 96, 'PENDING', NULL, 'N'),
(1970, '2021-07-23', 97, 'PENDING', NULL, 'N'),
(1971, '2021-07-23', 120, 'PENDING', NULL, 'N'),
(1972, '2021-07-23', 121, 'PENDING', NULL, 'N'),
(1973, '2021-07-23', 122, 'PENDING', NULL, 'N'),
(1974, '2021-07-23', 144, 'PENDING', NULL, 'N'),
(1975, '2021-07-23', 145, 'PENDING', NULL, 'N'),
(1976, '2021-07-23', 146, 'PENDING', NULL, 'N'),
(1977, '2021-07-23', 168, 'PENDING', NULL, 'N'),
(1978, '2021-07-23', 169, 'PENDING', NULL, 'N'),
(1979, '2021-07-23', 170, 'PENDING', NULL, 'N'),
(1980, '2021-07-23', 216, 'PENDING', NULL, 'N'),
(1981, '2021-07-23', 217, 'PENDING', NULL, 'N'),
(1982, '2021-07-23', 218, 'PENDING', NULL, 'N'),
(1983, '2021-07-23', 240, 'PENDING', NULL, 'N'),
(1984, '2021-07-23', 241, 'PENDING', NULL, 'N'),
(1985, '2021-07-23', 242, 'PENDING', NULL, 'N'),
(1986, '2021-07-23', 266, 'PENDING', NULL, 'N'),
(1987, '2021-07-23', 267, 'PENDING', NULL, 'N'),
(1988, '2021-07-23', 268, 'PENDING', NULL, 'N'),
(1989, '2021-07-23', 290, 'PENDING', NULL, 'N'),
(1990, '2021-07-23', 291, 'PENDING', NULL, 'N'),
(1991, '2021-07-23', 292, 'PENDING', NULL, 'N'),
(1992, '2021-07-23', 314, 'PENDING', NULL, 'N'),
(1993, '2021-07-23', 315, 'PENDING', NULL, 'N'),
(1994, '2021-07-23', 316, 'PENDING', NULL, 'N'),
(1995, '2021-07-23', 362, 'PENDING', NULL, 'N'),
(1996, '2021-07-23', 363, 'PENDING', NULL, 'N'),
(1997, '2021-07-23', 364, 'PENDING', NULL, 'N'),
(1998, '2021-07-23', 387, 'PENDING', NULL, 'N'),
(1999, '2021-07-23', 388, 'PENDING', NULL, 'N'),
(2000, '2021-07-23', 389, 'PENDING', NULL, 'N'),
(2001, '2021-07-23', 416, 'PENDING', NULL, 'N'),
(2002, '2021-07-23', 417, 'PENDING', NULL, 'N'),
(2003, '2021-07-23', 418, 'PENDING', NULL, 'N'),
(2004, '2021-07-23', 440, 'PENDING', NULL, 'N'),
(2005, '2021-07-23', 441, 'PENDING', NULL, 'N'),
(2006, '2021-07-23', 442, 'PENDING', NULL, 'N'),
(2007, '2021-07-23', 464, 'PENDING', NULL, 'N'),
(2008, '2021-07-23', 465, 'PENDING', NULL, 'N'),
(2009, '2021-07-23', 466, 'PENDING', NULL, 'N'),
(2010, '2021-07-23', 489, 'PENDING', NULL, 'N'),
(2011, '2021-07-23', 490, 'PENDING', NULL, 'N'),
(2012, '2021-07-23', 491, 'PENDING', NULL, 'N'),
(2013, '2021-07-23', 513, 'PENDING', NULL, 'N'),
(2014, '2021-07-23', 514, 'PENDING', NULL, 'N'),
(2015, '2021-07-23', 515, 'PENDING', NULL, 'N'),
(2016, '2021-07-23', 537, 'PENDING', NULL, 'N'),
(2017, '2021-07-23', 538, 'PENDING', NULL, 'N'),
(2018, '2021-07-23', 539, 'PENDING', NULL, 'N'),
(2019, '2021-07-23', 561, 'PENDING', NULL, 'N'),
(2020, '2021-07-23', 562, 'PENDING', NULL, 'N'),
(2021, '2021-07-23', 563, 'PENDING', NULL, 'N'),
(2022, '2021-07-23', 586, 'PENDING', NULL, 'N'),
(2023, '2021-07-23', 587, 'PENDING', NULL, 'N'),
(2024, '2021-07-23', 588, 'PENDING', NULL, 'N'),
(2025, '2021-07-24', 21, 'PENDING', NULL, 'N'),
(2026, '2021-07-24', 22, 'PENDING', NULL, 'N'),
(2027, '2021-07-24', 23, 'PENDING', NULL, 'N'),
(2028, '2021-07-24', 24, 'PENDING', NULL, 'N'),
(2029, '2021-07-24', 50, 'PENDING', NULL, 'N'),
(2030, '2021-07-24', 51, 'PENDING', NULL, 'N'),
(2031, '2021-07-24', 52, 'PENDING', NULL, 'N'),
(2032, '2021-07-24', 53, 'PENDING', NULL, 'N'),
(2033, '2021-07-24', 74, 'PENDING', NULL, 'N'),
(2034, '2021-07-24', 75, 'PENDING', NULL, 'N'),
(2035, '2021-07-24', 76, 'PENDING', NULL, 'N'),
(2036, '2021-07-24', 77, 'PENDING', NULL, 'N'),
(2037, '2021-07-24', 98, 'PENDING', NULL, 'N'),
(2038, '2021-07-24', 99, 'PENDING', NULL, 'N'),
(2039, '2021-07-24', 100, 'PENDING', NULL, 'N'),
(2040, '2021-07-24', 101, 'PENDING', NULL, 'N');
INSERT INTO `jurnal` (`id`, `tanggal`, `jadwal_mengajar_id`, `status`, `topik`, `validasi`) VALUES
(2041, '2021-07-24', 123, 'PENDING', NULL, 'N'),
(2042, '2021-07-24', 124, 'PENDING', NULL, 'N'),
(2043, '2021-07-24', 125, 'PENDING', NULL, 'N'),
(2044, '2021-07-24', 126, 'PENDING', NULL, 'N'),
(2045, '2021-07-24', 147, 'PENDING', NULL, 'N'),
(2046, '2021-07-24', 148, 'PENDING', NULL, 'N'),
(2047, '2021-07-24', 149, 'PENDING', NULL, 'N'),
(2048, '2021-07-24', 150, 'PENDING', NULL, 'N'),
(2049, '2021-07-24', 171, 'PENDING', NULL, 'N'),
(2050, '2021-07-24', 172, 'PENDING', NULL, 'N'),
(2051, '2021-07-24', 173, 'PENDING', NULL, 'N'),
(2052, '2021-07-24', 174, 'PENDING', NULL, 'N'),
(2053, '2021-07-24', 219, 'PENDING', NULL, 'N'),
(2054, '2021-07-24', 220, 'PENDING', NULL, 'N'),
(2055, '2021-07-24', 221, 'PENDING', NULL, 'N'),
(2056, '2021-07-24', 222, 'PENDING', NULL, 'N'),
(2057, '2021-07-24', 243, 'PENDING', NULL, 'N'),
(2058, '2021-07-24', 244, 'PENDING', NULL, 'N'),
(2059, '2021-07-24', 245, 'PENDING', NULL, 'N'),
(2060, '2021-07-24', 246, 'PENDING', NULL, 'N'),
(2061, '2021-07-24', 269, 'PENDING', NULL, 'N'),
(2062, '2021-07-24', 270, 'PENDING', NULL, 'N'),
(2063, '2021-07-24', 271, 'PENDING', NULL, 'N'),
(2064, '2021-07-24', 272, 'PENDING', NULL, 'N'),
(2065, '2021-07-24', 293, 'PENDING', NULL, 'N'),
(2066, '2021-07-24', 294, 'PENDING', NULL, 'N'),
(2067, '2021-07-24', 295, 'PENDING', NULL, 'N'),
(2068, '2021-07-24', 296, 'PENDING', NULL, 'N'),
(2069, '2021-07-24', 317, 'PENDING', NULL, 'N'),
(2070, '2021-07-24', 318, 'PENDING', NULL, 'N'),
(2071, '2021-07-24', 319, 'PENDING', NULL, 'N'),
(2072, '2021-07-24', 320, 'PENDING', NULL, 'N'),
(2073, '2021-07-24', 365, 'PENDING', NULL, 'N'),
(2074, '2021-07-24', 366, 'PENDING', NULL, 'N'),
(2075, '2021-07-24', 367, 'PENDING', NULL, 'N'),
(2076, '2021-07-24', 368, 'PENDING', NULL, 'N'),
(2077, '2021-07-24', 390, 'PENDING', NULL, 'N'),
(2078, '2021-07-24', 391, 'PENDING', NULL, 'N'),
(2079, '2021-07-24', 392, 'PENDING', NULL, 'N'),
(2080, '2021-07-24', 393, 'PENDING', NULL, 'N'),
(2081, '2021-07-24', 419, 'PENDING', NULL, 'N'),
(2082, '2021-07-24', 420, 'PENDING', NULL, 'N'),
(2083, '2021-07-24', 421, 'PENDING', NULL, 'N'),
(2084, '2021-07-24', 422, 'PENDING', NULL, 'N'),
(2085, '2021-07-24', 443, 'PENDING', NULL, 'N'),
(2086, '2021-07-24', 444, 'PENDING', NULL, 'N'),
(2087, '2021-07-24', 445, 'PENDING', NULL, 'N'),
(2088, '2021-07-24', 446, 'PENDING', NULL, 'N'),
(2089, '2021-07-24', 467, 'PENDING', NULL, 'N'),
(2090, '2021-07-24', 468, 'PENDING', NULL, 'N'),
(2091, '2021-07-24', 469, 'PENDING', NULL, 'N'),
(2092, '2021-07-24', 470, 'PENDING', NULL, 'N'),
(2093, '2021-07-24', 492, 'PENDING', NULL, 'N'),
(2094, '2021-07-24', 493, 'PENDING', NULL, 'N'),
(2095, '2021-07-24', 494, 'PENDING', NULL, 'N'),
(2096, '2021-07-24', 495, 'PENDING', NULL, 'N'),
(2097, '2021-07-24', 516, 'PENDING', NULL, 'N'),
(2098, '2021-07-24', 517, 'PENDING', NULL, 'N'),
(2099, '2021-07-24', 518, 'PENDING', NULL, 'N'),
(2100, '2021-07-24', 519, 'PENDING', NULL, 'N'),
(2101, '2021-07-24', 540, 'PENDING', NULL, 'N'),
(2102, '2021-07-24', 541, 'PENDING', NULL, 'N'),
(2103, '2021-07-24', 542, 'PENDING', NULL, 'N'),
(2104, '2021-07-24', 543, 'PENDING', NULL, 'N'),
(2105, '2021-07-24', 564, 'PENDING', NULL, 'N'),
(2106, '2021-07-24', 565, 'PENDING', NULL, 'N'),
(2107, '2021-07-24', 566, 'PENDING', NULL, 'N'),
(2108, '2021-07-24', 567, 'PENDING', NULL, 'N'),
(2109, '2021-07-24', 589, 'PENDING', NULL, 'N'),
(2110, '2021-07-24', 590, 'PENDING', NULL, 'N'),
(2111, '2021-07-24', 591, 'PENDING', NULL, 'N'),
(2112, '2021-07-24', 592, 'PENDING', NULL, 'N'),
(2113, '2021-07-26', 1, 'PENDING', NULL, 'N'),
(2114, '2021-07-26', 2, 'PENDING', NULL, 'N'),
(2115, '2021-07-26', 3, 'PENDING', NULL, 'N'),
(2116, '2021-07-26', 4, 'PENDING', NULL, 'N'),
(2117, '2021-07-26', 25, 'PENDING', NULL, 'N'),
(2118, '2021-07-26', 26, 'PENDING', NULL, 'N'),
(2119, '2021-07-26', 27, 'PENDING', NULL, 'N'),
(2120, '2021-07-26', 28, 'PENDING', NULL, 'N'),
(2121, '2021-07-26', 54, 'PENDING', NULL, 'N'),
(2122, '2021-07-26', 55, 'PENDING', NULL, 'N'),
(2123, '2021-07-26', 56, 'PENDING', NULL, 'N'),
(2124, '2021-07-26', 57, 'PENDING', NULL, 'N'),
(2125, '2021-07-26', 78, 'PENDING', NULL, 'N'),
(2126, '2021-07-26', 79, 'PENDING', NULL, 'N'),
(2127, '2021-07-26', 80, 'PENDING', NULL, 'N'),
(2128, '2021-07-26', 81, 'PENDING', NULL, 'N'),
(2129, '2021-07-26', 102, 'PENDING', NULL, 'N'),
(2130, '2021-07-26', 103, 'PENDING', NULL, 'N'),
(2131, '2021-07-26', 104, 'PENDING', NULL, 'N'),
(2132, '2021-07-26', 105, 'PENDING', NULL, 'N'),
(2133, '2021-07-26', 127, 'PENDING', NULL, 'N'),
(2134, '2021-07-26', 128, 'PENDING', NULL, 'N'),
(2135, '2021-07-26', 129, 'PENDING', NULL, 'N'),
(2136, '2021-07-26', 130, 'PENDING', NULL, 'N'),
(2137, '2021-07-26', 151, 'PENDING', NULL, 'N'),
(2138, '2021-07-26', 152, 'PENDING', NULL, 'N'),
(2139, '2021-07-26', 153, 'PENDING', NULL, 'N'),
(2140, '2021-07-26', 154, 'PENDING', NULL, 'N'),
(2141, '2021-07-26', 199, 'PENDING', NULL, 'N'),
(2142, '2021-07-26', 200, 'PENDING', NULL, 'N'),
(2143, '2021-07-26', 201, 'PENDING', NULL, 'N'),
(2144, '2021-07-26', 202, 'PENDING', NULL, 'N'),
(2145, '2021-07-26', 223, 'PENDING', NULL, 'N'),
(2146, '2021-07-26', 224, 'PENDING', NULL, 'N'),
(2147, '2021-07-26', 225, 'PENDING', NULL, 'N'),
(2148, '2021-07-26', 226, 'PENDING', NULL, 'N'),
(2149, '2021-07-26', 247, 'PENDING', NULL, 'N'),
(2150, '2021-07-26', 248, 'PENDING', NULL, 'N'),
(2151, '2021-07-26', 251, 'PENDING', NULL, 'N'),
(2152, '2021-07-26', 252, 'PENDING', NULL, 'N'),
(2153, '2021-07-26', 273, 'PENDING', NULL, 'N'),
(2154, '2021-07-26', 274, 'PENDING', NULL, 'N'),
(2155, '2021-07-26', 275, 'PENDING', NULL, 'N'),
(2156, '2021-07-26', 276, 'PENDING', NULL, 'N'),
(2157, '2021-07-26', 297, 'PENDING', NULL, 'N'),
(2158, '2021-07-26', 298, 'PENDING', NULL, 'N'),
(2159, '2021-07-26', 299, 'PENDING', NULL, 'N'),
(2160, '2021-07-26', 300, 'PENDING', NULL, 'N'),
(2161, '2021-07-26', 345, 'PENDING', NULL, 'N'),
(2162, '2021-07-26', 346, 'PENDING', NULL, 'N'),
(2163, '2021-07-26', 347, 'PENDING', NULL, 'N'),
(2164, '2021-07-26', 348, 'PENDING', NULL, 'N'),
(2165, '2021-07-26', 369, 'PENDING', NULL, 'N'),
(2166, '2021-07-26', 370, 'PENDING', NULL, 'N'),
(2167, '2021-07-26', 371, 'PENDING', NULL, 'N'),
(2168, '2021-07-26', 372, 'PENDING', NULL, 'N'),
(2169, '2021-07-26', 399, 'PENDING', NULL, 'N'),
(2170, '2021-07-26', 400, 'PENDING', NULL, 'N'),
(2171, '2021-07-26', 401, 'PENDING', NULL, 'N'),
(2172, '2021-07-26', 402, 'PENDING', NULL, 'N'),
(2173, '2021-07-26', 423, 'PENDING', NULL, 'N'),
(2174, '2021-07-26', 424, 'PENDING', NULL, 'N'),
(2175, '2021-07-26', 425, 'PENDING', NULL, 'N'),
(2176, '2021-07-26', 426, 'PENDING', NULL, 'N'),
(2177, '2021-07-26', 447, 'PENDING', NULL, 'N'),
(2178, '2021-07-26', 448, 'PENDING', NULL, 'N'),
(2179, '2021-07-26', 449, 'PENDING', NULL, 'N'),
(2180, '2021-07-26', 450, 'PENDING', NULL, 'N'),
(2181, '2021-07-26', 471, 'PENDING', NULL, 'N'),
(2182, '2021-07-26', 472, 'PENDING', NULL, 'N'),
(2183, '2021-07-26', 473, 'PENDING', NULL, 'N'),
(2184, '2021-07-26', 474, 'PENDING', NULL, 'N'),
(2185, '2021-07-26', 496, 'PENDING', NULL, 'N'),
(2186, '2021-07-26', 497, 'PENDING', NULL, 'N'),
(2187, '2021-07-26', 498, 'PENDING', NULL, 'N'),
(2188, '2021-07-26', 499, 'PENDING', NULL, 'N'),
(2189, '2021-07-26', 520, 'PENDING', NULL, 'N'),
(2190, '2021-07-26', 521, 'PENDING', NULL, 'N'),
(2191, '2021-07-26', 522, 'PENDING', NULL, 'N'),
(2192, '2021-07-26', 523, 'PENDING', NULL, 'N'),
(2193, '2021-07-26', 544, 'PENDING', NULL, 'N'),
(2194, '2021-07-26', 545, 'PENDING', NULL, 'N'),
(2195, '2021-07-26', 546, 'PENDING', NULL, 'N'),
(2196, '2021-07-26', 547, 'PENDING', NULL, 'N'),
(2197, '2021-07-26', 568, 'PENDING', NULL, 'N'),
(2198, '2021-07-26', 569, 'PENDING', NULL, 'N'),
(2199, '2021-07-26', 570, 'PENDING', NULL, 'N'),
(2200, '2021-07-26', 571, 'PENDING', NULL, 'N'),
(2201, '2021-07-27', 5, 'PENDING', NULL, 'N'),
(2202, '2021-07-27', 6, 'PENDING', NULL, 'N'),
(2203, '2021-07-27', 7, 'PENDING', NULL, 'N'),
(2204, '2021-07-27', 8, 'PENDING', NULL, 'N'),
(2205, '2021-07-27', 29, 'PENDING', NULL, 'N'),
(2206, '2021-07-27', 30, 'PENDING', NULL, 'N'),
(2207, '2021-07-27', 32, 'PENDING', NULL, 'N'),
(2208, '2021-07-27', 33, 'PENDING', NULL, 'N'),
(2209, '2021-07-27', 58, 'PENDING', NULL, 'N'),
(2210, '2021-07-27', 59, 'PENDING', NULL, 'N'),
(2211, '2021-07-27', 60, 'PENDING', NULL, 'N'),
(2212, '2021-07-27', 61, 'PENDING', NULL, 'N'),
(2213, '2021-07-27', 82, 'PENDING', NULL, 'N'),
(2214, '2021-07-27', 83, 'PENDING', NULL, 'N'),
(2215, '2021-07-27', 84, 'PENDING', NULL, 'N'),
(2216, '2021-07-27', 85, 'PENDING', NULL, 'N'),
(2217, '2021-07-27', 106, 'PENDING', NULL, 'N'),
(2218, '2021-07-27', 107, 'PENDING', NULL, 'N'),
(2219, '2021-07-27', 108, 'PENDING', NULL, 'N'),
(2220, '2021-07-27', 109, 'PENDING', NULL, 'N'),
(2221, '2021-07-27', 131, 'PENDING', NULL, 'N'),
(2222, '2021-07-27', 132, 'PENDING', NULL, 'N'),
(2223, '2021-07-27', 133, 'PENDING', NULL, 'N'),
(2224, '2021-07-27', 134, 'PENDING', NULL, 'N'),
(2225, '2021-07-27', 155, 'PENDING', NULL, 'N'),
(2226, '2021-07-27', 156, 'PENDING', NULL, 'N'),
(2227, '2021-07-27', 157, 'PENDING', NULL, 'N'),
(2228, '2021-07-27', 158, 'PENDING', NULL, 'N'),
(2229, '2021-07-27', 203, 'PENDING', NULL, 'N'),
(2230, '2021-07-27', 204, 'PENDING', NULL, 'N'),
(2231, '2021-07-27', 205, 'PENDING', NULL, 'N'),
(2232, '2021-07-27', 206, 'PENDING', NULL, 'N'),
(2233, '2021-07-27', 227, 'PENDING', NULL, 'N'),
(2234, '2021-07-27', 228, 'PENDING', NULL, 'N'),
(2235, '2021-07-27', 229, 'PENDING', NULL, 'N'),
(2236, '2021-07-27', 230, 'PENDING', NULL, 'N'),
(2237, '2021-07-27', 253, 'PENDING', NULL, 'N'),
(2238, '2021-07-27', 254, 'PENDING', NULL, 'N'),
(2239, '2021-07-27', 255, 'PENDING', NULL, 'N'),
(2240, '2021-07-27', 256, 'PENDING', NULL, 'N'),
(2241, '2021-07-27', 277, 'PENDING', NULL, 'N'),
(2242, '2021-07-27', 278, 'PENDING', NULL, 'N'),
(2243, '2021-07-27', 279, 'PENDING', NULL, 'N'),
(2244, '2021-07-27', 280, 'PENDING', NULL, 'N'),
(2245, '2021-07-27', 301, 'PENDING', NULL, 'N'),
(2246, '2021-07-27', 302, 'PENDING', NULL, 'N'),
(2247, '2021-07-27', 303, 'PENDING', NULL, 'N'),
(2248, '2021-07-27', 304, 'PENDING', NULL, 'N'),
(2249, '2021-07-27', 349, 'PENDING', NULL, 'N'),
(2250, '2021-07-27', 350, 'PENDING', NULL, 'N'),
(2251, '2021-07-27', 351, 'PENDING', NULL, 'N'),
(2252, '2021-07-27', 352, 'PENDING', NULL, 'N'),
(2253, '2021-07-27', 373, 'PENDING', NULL, 'N'),
(2254, '2021-07-27', 374, 'PENDING', NULL, 'N'),
(2255, '2021-07-27', 376, 'PENDING', NULL, 'N'),
(2256, '2021-07-27', 377, 'PENDING', NULL, 'N'),
(2257, '2021-07-27', 403, 'PENDING', NULL, 'N'),
(2258, '2021-07-27', 404, 'PENDING', NULL, 'N'),
(2259, '2021-07-27', 405, 'PENDING', NULL, 'N'),
(2260, '2021-07-27', 406, 'PENDING', NULL, 'N'),
(2261, '2021-07-27', 427, 'PENDING', NULL, 'N'),
(2262, '2021-07-27', 428, 'PENDING', NULL, 'N'),
(2263, '2021-07-27', 429, 'PENDING', NULL, 'N'),
(2264, '2021-07-27', 430, 'PENDING', NULL, 'N'),
(2265, '2021-07-27', 451, 'PENDING', NULL, 'N'),
(2266, '2021-07-27', 452, 'PENDING', NULL, 'N'),
(2267, '2021-07-27', 453, 'PENDING', NULL, 'N'),
(2268, '2021-07-27', 454, 'PENDING', NULL, 'N'),
(2269, '2021-07-27', 475, 'PENDING', NULL, 'N'),
(2270, '2021-07-27', 476, 'PENDING', NULL, 'N'),
(2271, '2021-07-27', 477, 'PENDING', NULL, 'N'),
(2272, '2021-07-27', 478, 'PENDING', NULL, 'N'),
(2273, '2021-07-27', 500, 'PENDING', NULL, 'N'),
(2274, '2021-07-27', 501, 'PENDING', NULL, 'N'),
(2275, '2021-07-27', 502, 'PENDING', NULL, 'N'),
(2276, '2021-07-27', 503, 'PENDING', NULL, 'N'),
(2277, '2021-07-27', 524, 'PENDING', NULL, 'N'),
(2278, '2021-07-27', 525, 'PENDING', NULL, 'N'),
(2279, '2021-07-27', 526, 'PENDING', NULL, 'N'),
(2280, '2021-07-27', 527, 'PENDING', NULL, 'N'),
(2281, '2021-07-27', 548, 'PENDING', NULL, 'N'),
(2282, '2021-07-27', 549, 'PENDING', NULL, 'N'),
(2283, '2021-07-27', 550, 'PENDING', NULL, 'N'),
(2284, '2021-07-27', 551, 'PENDING', NULL, 'N'),
(2285, '2021-07-27', 572, 'PENDING', NULL, 'N'),
(2286, '2021-07-27', 573, 'PENDING', NULL, 'N'),
(2287, '2021-07-27', 574, 'PENDING', NULL, 'N'),
(2288, '2021-07-27', 576, 'PENDING', NULL, 'N'),
(2289, '2021-07-28', 9, 'PENDING', NULL, 'N'),
(2290, '2021-07-28', 10, 'PENDING', NULL, 'N'),
(2291, '2021-07-28', 11, 'PENDING', NULL, 'N'),
(2292, '2021-07-28', 12, 'PENDING', NULL, 'N'),
(2293, '2021-07-28', 13, 'PENDING', NULL, 'N'),
(2294, '2021-07-28', 34, 'PENDING', NULL, 'N'),
(2295, '2021-07-28', 35, 'PENDING', NULL, 'N'),
(2296, '2021-07-28', 36, 'PENDING', NULL, 'N'),
(2297, '2021-07-28', 37, 'PENDING', NULL, 'N'),
(2298, '2021-07-28', 38, 'PENDING', NULL, 'N'),
(2299, '2021-07-28', 62, 'PENDING', NULL, 'N'),
(2300, '2021-07-28', 63, 'PENDING', NULL, 'N'),
(2301, '2021-07-28', 64, 'PENDING', NULL, 'N'),
(2302, '2021-07-28', 65, 'PENDING', NULL, 'N'),
(2303, '2021-07-28', 66, 'PENDING', NULL, 'N'),
(2304, '2021-07-28', 86, 'PENDING', NULL, 'N'),
(2305, '2021-07-28', 87, 'PENDING', NULL, 'N'),
(2306, '2021-07-28', 88, 'PENDING', NULL, 'N'),
(2307, '2021-07-28', 89, 'PENDING', NULL, 'N'),
(2308, '2021-07-28', 90, 'PENDING', NULL, 'N'),
(2309, '2021-07-28', 110, 'PENDING', NULL, 'N'),
(2310, '2021-07-28', 111, 'PENDING', NULL, 'N'),
(2311, '2021-07-28', 112, 'PENDING', NULL, 'N'),
(2312, '2021-07-28', 114, 'PENDING', NULL, 'N'),
(2313, '2021-07-28', 115, 'PENDING', NULL, 'N'),
(2314, '2021-07-28', 135, 'PENDING', NULL, 'N'),
(2315, '2021-07-28', 136, 'PENDING', NULL, 'N'),
(2316, '2021-07-28', 137, 'PENDING', NULL, 'N'),
(2317, '2021-07-28', 138, 'PENDING', NULL, 'N'),
(2318, '2021-07-28', 139, 'PENDING', NULL, 'N'),
(2319, '2021-07-28', 159, 'PENDING', NULL, 'N'),
(2320, '2021-07-28', 160, 'PENDING', NULL, 'N'),
(2321, '2021-07-28', 161, 'PENDING', NULL, 'N'),
(2322, '2021-07-28', 162, 'PENDING', NULL, 'N'),
(2323, '2021-07-28', 163, 'PENDING', NULL, 'N'),
(2324, '2021-07-28', 207, 'PENDING', NULL, 'N'),
(2325, '2021-07-28', 208, 'PENDING', NULL, 'N'),
(2326, '2021-07-28', 209, 'PENDING', NULL, 'N'),
(2327, '2021-07-28', 210, 'PENDING', NULL, 'N'),
(2328, '2021-07-28', 211, 'PENDING', NULL, 'N'),
(2329, '2021-07-28', 231, 'PENDING', NULL, 'N'),
(2330, '2021-07-28', 232, 'PENDING', NULL, 'N'),
(2331, '2021-07-28', 233, 'PENDING', NULL, 'N'),
(2332, '2021-07-28', 234, 'PENDING', NULL, 'N'),
(2333, '2021-07-28', 235, 'PENDING', NULL, 'N'),
(2334, '2021-07-28', 257, 'PENDING', NULL, 'N'),
(2335, '2021-07-28', 258, 'PENDING', NULL, 'N'),
(2336, '2021-07-28', 259, 'PENDING', NULL, 'N'),
(2337, '2021-07-28', 260, 'PENDING', NULL, 'N'),
(2338, '2021-07-28', 261, 'PENDING', NULL, 'N'),
(2339, '2021-07-28', 281, 'PENDING', NULL, 'N'),
(2340, '2021-07-28', 282, 'PENDING', NULL, 'N'),
(2341, '2021-07-28', 283, 'PENDING', NULL, 'N'),
(2342, '2021-07-28', 284, 'PENDING', NULL, 'N'),
(2343, '2021-07-28', 285, 'PENDING', NULL, 'N'),
(2344, '2021-07-28', 305, 'PENDING', NULL, 'N'),
(2345, '2021-07-28', 306, 'PENDING', NULL, 'N'),
(2346, '2021-07-28', 307, 'PENDING', NULL, 'N'),
(2347, '2021-07-28', 308, 'PENDING', NULL, 'N'),
(2348, '2021-07-28', 309, 'PENDING', NULL, 'N'),
(2349, '2021-07-28', 353, 'PENDING', NULL, 'N'),
(2350, '2021-07-28', 354, 'PENDING', NULL, 'N'),
(2351, '2021-07-28', 355, 'PENDING', NULL, 'N'),
(2352, '2021-07-28', 356, 'PENDING', NULL, 'N'),
(2353, '2021-07-28', 357, 'PENDING', NULL, 'N'),
(2354, '2021-07-28', 378, 'PENDING', NULL, 'N'),
(2355, '2021-07-28', 379, 'PENDING', NULL, 'N'),
(2356, '2021-07-28', 380, 'PENDING', NULL, 'N'),
(2357, '2021-07-28', 381, 'PENDING', NULL, 'N'),
(2358, '2021-07-28', 382, 'PENDING', NULL, 'N'),
(2359, '2021-07-28', 407, 'PENDING', NULL, 'N'),
(2360, '2021-07-28', 408, 'PENDING', NULL, 'N'),
(2361, '2021-07-28', 409, 'PENDING', NULL, 'N'),
(2362, '2021-07-28', 410, 'PENDING', NULL, 'N'),
(2363, '2021-07-28', 411, 'PENDING', NULL, 'N'),
(2364, '2021-07-28', 431, 'PENDING', NULL, 'N'),
(2365, '2021-07-28', 432, 'PENDING', NULL, 'N'),
(2366, '2021-07-28', 433, 'PENDING', NULL, 'N'),
(2367, '2021-07-28', 434, 'PENDING', NULL, 'N'),
(2368, '2021-07-28', 435, 'PENDING', NULL, 'N'),
(2369, '2021-07-28', 455, 'PENDING', NULL, 'N'),
(2370, '2021-07-28', 456, 'PENDING', NULL, 'N'),
(2371, '2021-07-28', 457, 'PENDING', NULL, 'N'),
(2372, '2021-07-28', 458, 'PENDING', NULL, 'N'),
(2373, '2021-07-28', 459, 'PENDING', NULL, 'N'),
(2374, '2021-07-28', 479, 'PENDING', NULL, 'N'),
(2375, '2021-07-28', 480, 'PENDING', NULL, 'N'),
(2376, '2021-07-28', 481, 'PENDING', NULL, 'N'),
(2377, '2021-07-28', 482, 'PENDING', NULL, 'N'),
(2378, '2021-07-28', 483, 'PENDING', NULL, 'N'),
(2379, '2021-07-28', 504, 'PENDING', NULL, 'N'),
(2380, '2021-07-28', 505, 'PENDING', NULL, 'N'),
(2381, '2021-07-28', 506, 'PENDING', NULL, 'N'),
(2382, '2021-07-28', 507, 'PENDING', NULL, 'N'),
(2383, '2021-07-28', 508, 'PENDING', NULL, 'N'),
(2384, '2021-07-28', 528, 'PENDING', NULL, 'N'),
(2385, '2021-07-28', 529, 'PENDING', NULL, 'N'),
(2386, '2021-07-28', 530, 'PENDING', NULL, 'N'),
(2387, '2021-07-28', 531, 'PENDING', NULL, 'N'),
(2388, '2021-07-28', 532, 'PENDING', NULL, 'N'),
(2389, '2021-07-28', 552, 'PENDING', NULL, 'N'),
(2390, '2021-07-28', 553, 'PENDING', NULL, 'N'),
(2391, '2021-07-28', 554, 'PENDING', NULL, 'N'),
(2392, '2021-07-28', 555, 'PENDING', NULL, 'N'),
(2393, '2021-07-28', 556, 'PENDING', NULL, 'N'),
(2394, '2021-07-28', 577, 'PENDING', NULL, 'N'),
(2395, '2021-07-28', 578, 'PENDING', NULL, 'N'),
(2396, '2021-07-28', 579, 'PENDING', NULL, 'N'),
(2397, '2021-07-28', 580, 'PENDING', NULL, 'N'),
(2398, '2021-07-28', 581, 'PENDING', NULL, 'N'),
(2399, '2021-07-29', 14, 'PENDING', NULL, 'N'),
(2400, '2021-07-29', 15, 'PENDING', NULL, 'N'),
(2401, '2021-07-29', 16, 'PENDING', NULL, 'N'),
(2402, '2021-07-29', 17, 'PENDING', NULL, 'N'),
(2403, '2021-07-29', 39, 'PENDING', NULL, 'N'),
(2404, '2021-07-29', 40, 'PENDING', NULL, 'N'),
(2405, '2021-07-29', 41, 'PENDING', NULL, 'N'),
(2406, '2021-07-29', 42, 'PENDING', NULL, 'N'),
(2407, '2021-07-29', 67, 'PENDING', NULL, 'N'),
(2408, '2021-07-29', 68, 'PENDING', NULL, 'N'),
(2409, '2021-07-29', 69, 'PENDING', NULL, 'N'),
(2410, '2021-07-29', 70, 'PENDING', NULL, 'N'),
(2411, '2021-07-29', 91, 'PENDING', NULL, 'N'),
(2412, '2021-07-29', 92, 'PENDING', NULL, 'N'),
(2413, '2021-07-29', 93, 'PENDING', NULL, 'N'),
(2414, '2021-07-29', 94, 'PENDING', NULL, 'N'),
(2415, '2021-07-29', 116, 'PENDING', NULL, 'N'),
(2416, '2021-07-29', 117, 'PENDING', NULL, 'N'),
(2417, '2021-07-29', 118, 'PENDING', NULL, 'N'),
(2418, '2021-07-29', 119, 'PENDING', NULL, 'N'),
(2419, '2021-07-29', 140, 'PENDING', NULL, 'N'),
(2420, '2021-07-29', 141, 'PENDING', NULL, 'N'),
(2421, '2021-07-29', 142, 'PENDING', NULL, 'N'),
(2422, '2021-07-29', 143, 'PENDING', NULL, 'N'),
(2423, '2021-07-29', 164, 'PENDING', NULL, 'N'),
(2424, '2021-07-29', 165, 'PENDING', NULL, 'N'),
(2425, '2021-07-29', 166, 'PENDING', NULL, 'N'),
(2426, '2021-07-29', 167, 'PENDING', NULL, 'N'),
(2427, '2021-07-29', 212, 'PENDING', NULL, 'N'),
(2428, '2021-07-29', 213, 'PENDING', NULL, 'N'),
(2429, '2021-07-29', 214, 'PENDING', NULL, 'N'),
(2430, '2021-07-29', 215, 'PENDING', NULL, 'N'),
(2431, '2021-07-29', 236, 'PENDING', NULL, 'N'),
(2432, '2021-07-29', 237, 'PENDING', NULL, 'N'),
(2433, '2021-07-29', 238, 'PENDING', NULL, 'N'),
(2434, '2021-07-29', 239, 'PENDING', NULL, 'N'),
(2435, '2021-07-29', 262, 'PENDING', NULL, 'N'),
(2436, '2021-07-29', 263, 'PENDING', NULL, 'N'),
(2437, '2021-07-29', 264, 'PENDING', NULL, 'N'),
(2438, '2021-07-29', 265, 'PENDING', NULL, 'N'),
(2439, '2021-07-29', 286, 'PENDING', NULL, 'N'),
(2440, '2021-07-29', 287, 'PENDING', NULL, 'N'),
(2441, '2021-07-29', 288, 'PENDING', NULL, 'N'),
(2442, '2021-07-29', 289, 'PENDING', NULL, 'N'),
(2443, '2021-07-29', 310, 'PENDING', NULL, 'N'),
(2444, '2021-07-29', 311, 'PENDING', NULL, 'N'),
(2445, '2021-07-29', 312, 'PENDING', NULL, 'N'),
(2446, '2021-07-29', 313, 'PENDING', NULL, 'N'),
(2447, '2021-07-29', 358, 'PENDING', NULL, 'N'),
(2448, '2021-07-29', 359, 'PENDING', NULL, 'N'),
(2449, '2021-07-29', 360, 'PENDING', NULL, 'N'),
(2450, '2021-07-29', 361, 'PENDING', NULL, 'N'),
(2451, '2021-07-29', 383, 'PENDING', NULL, 'N'),
(2452, '2021-07-29', 384, 'PENDING', NULL, 'N'),
(2453, '2021-07-29', 385, 'PENDING', NULL, 'N'),
(2454, '2021-07-29', 386, 'PENDING', NULL, 'N'),
(2455, '2021-07-29', 412, 'PENDING', NULL, 'N'),
(2456, '2021-07-29', 413, 'PENDING', NULL, 'N'),
(2457, '2021-07-29', 414, 'PENDING', NULL, 'N'),
(2458, '2021-07-29', 415, 'PENDING', NULL, 'N'),
(2459, '2021-07-29', 436, 'PENDING', NULL, 'N'),
(2460, '2021-07-29', 437, 'PENDING', NULL, 'N'),
(2461, '2021-07-29', 438, 'PENDING', NULL, 'N'),
(2462, '2021-07-29', 439, 'PENDING', NULL, 'N'),
(2463, '2021-07-29', 460, 'PENDING', NULL, 'N'),
(2464, '2021-07-29', 461, 'PENDING', NULL, 'N'),
(2465, '2021-07-29', 462, 'PENDING', NULL, 'N'),
(2466, '2021-07-29', 463, 'PENDING', NULL, 'N'),
(2467, '2021-07-29', 484, 'PENDING', NULL, 'N'),
(2468, '2021-07-29', 485, 'PENDING', NULL, 'N'),
(2469, '2021-07-29', 487, 'PENDING', NULL, 'N'),
(2470, '2021-07-29', 488, 'PENDING', NULL, 'N'),
(2471, '2021-07-29', 509, 'PENDING', NULL, 'N'),
(2472, '2021-07-29', 510, 'PENDING', NULL, 'N'),
(2473, '2021-07-29', 511, 'PENDING', NULL, 'N'),
(2474, '2021-07-29', 512, 'PENDING', NULL, 'N'),
(2475, '2021-07-29', 533, 'PENDING', NULL, 'N'),
(2476, '2021-07-29', 534, 'PENDING', NULL, 'N'),
(2477, '2021-07-29', 535, 'PENDING', NULL, 'N'),
(2478, '2021-07-29', 536, 'PENDING', NULL, 'N'),
(2479, '2021-07-29', 557, 'PENDING', NULL, 'N'),
(2480, '2021-07-29', 558, 'PENDING', NULL, 'N'),
(2481, '2021-07-29', 559, 'PENDING', NULL, 'N'),
(2482, '2021-07-29', 560, 'PENDING', NULL, 'N'),
(2483, '2021-07-29', 582, 'PENDING', NULL, 'N'),
(2484, '2021-07-29', 583, 'PENDING', NULL, 'N'),
(2485, '2021-07-29', 584, 'PENDING', NULL, 'N'),
(2486, '2021-07-29', 585, 'PENDING', NULL, 'N'),
(2487, '2021-07-30', 18, 'PENDING', NULL, 'N'),
(2488, '2021-07-30', 19, 'PENDING', NULL, 'N'),
(2489, '2021-07-30', 20, 'PENDING', NULL, 'N'),
(2490, '2021-07-30', 47, 'PENDING', NULL, 'N'),
(2491, '2021-07-30', 48, 'PENDING', NULL, 'N'),
(2492, '2021-07-30', 49, 'PENDING', NULL, 'N'),
(2493, '2021-07-30', 71, 'PENDING', NULL, 'N'),
(2494, '2021-07-30', 72, 'PENDING', NULL, 'N'),
(2495, '2021-07-30', 73, 'PENDING', NULL, 'N'),
(2496, '2021-07-30', 95, 'PENDING', NULL, 'N'),
(2497, '2021-07-30', 96, 'PENDING', NULL, 'N'),
(2498, '2021-07-30', 97, 'PENDING', NULL, 'N'),
(2499, '2021-07-30', 120, 'PENDING', NULL, 'N'),
(2500, '2021-07-30', 121, 'PENDING', NULL, 'N'),
(2501, '2021-07-30', 122, 'PENDING', NULL, 'N'),
(2502, '2021-07-30', 144, 'PENDING', NULL, 'N'),
(2503, '2021-07-30', 145, 'PENDING', NULL, 'N'),
(2504, '2021-07-30', 146, 'PENDING', NULL, 'N'),
(2505, '2021-07-30', 168, 'PENDING', NULL, 'N'),
(2506, '2021-07-30', 169, 'PENDING', NULL, 'N'),
(2507, '2021-07-30', 170, 'PENDING', NULL, 'N'),
(2508, '2021-07-30', 216, 'PENDING', NULL, 'N'),
(2509, '2021-07-30', 217, 'PENDING', NULL, 'N'),
(2510, '2021-07-30', 218, 'PENDING', NULL, 'N'),
(2511, '2021-07-30', 240, 'PENDING', NULL, 'N'),
(2512, '2021-07-30', 241, 'PENDING', NULL, 'N'),
(2513, '2021-07-30', 242, 'PENDING', NULL, 'N'),
(2514, '2021-07-30', 266, 'PENDING', NULL, 'N'),
(2515, '2021-07-30', 267, 'PENDING', NULL, 'N'),
(2516, '2021-07-30', 268, 'PENDING', NULL, 'N'),
(2517, '2021-07-30', 290, 'PENDING', NULL, 'N'),
(2518, '2021-07-30', 291, 'PENDING', NULL, 'N'),
(2519, '2021-07-30', 292, 'PENDING', NULL, 'N'),
(2520, '2021-07-30', 314, 'PENDING', NULL, 'N'),
(2521, '2021-07-30', 315, 'PENDING', NULL, 'N'),
(2522, '2021-07-30', 316, 'PENDING', NULL, 'N'),
(2523, '2021-07-30', 362, 'PENDING', NULL, 'N'),
(2524, '2021-07-30', 363, 'PENDING', NULL, 'N'),
(2525, '2021-07-30', 364, 'PENDING', NULL, 'N'),
(2526, '2021-07-30', 387, 'PENDING', NULL, 'N'),
(2527, '2021-07-30', 388, 'PENDING', NULL, 'N'),
(2528, '2021-07-30', 389, 'PENDING', NULL, 'N'),
(2529, '2021-07-30', 416, 'PENDING', NULL, 'N'),
(2530, '2021-07-30', 417, 'PENDING', NULL, 'N'),
(2531, '2021-07-30', 418, 'PENDING', NULL, 'N'),
(2532, '2021-07-30', 440, 'PENDING', NULL, 'N'),
(2533, '2021-07-30', 441, 'PENDING', NULL, 'N'),
(2534, '2021-07-30', 442, 'PENDING', NULL, 'N'),
(2535, '2021-07-30', 464, 'PENDING', NULL, 'N'),
(2536, '2021-07-30', 465, 'PENDING', NULL, 'N'),
(2537, '2021-07-30', 466, 'PENDING', NULL, 'N'),
(2538, '2021-07-30', 489, 'PENDING', NULL, 'N'),
(2539, '2021-07-30', 490, 'PENDING', NULL, 'N'),
(2540, '2021-07-30', 491, 'PENDING', NULL, 'N'),
(2541, '2021-07-30', 513, 'PENDING', NULL, 'N'),
(2542, '2021-07-30', 514, 'PENDING', NULL, 'N'),
(2543, '2021-07-30', 515, 'PENDING', NULL, 'N'),
(2544, '2021-07-30', 537, 'PENDING', NULL, 'N'),
(2545, '2021-07-30', 538, 'PENDING', NULL, 'N'),
(2546, '2021-07-30', 539, 'PENDING', NULL, 'N'),
(2547, '2021-07-30', 561, 'PENDING', NULL, 'N'),
(2548, '2021-07-30', 562, 'PENDING', NULL, 'N'),
(2549, '2021-07-30', 563, 'PENDING', NULL, 'N'),
(2550, '2021-07-30', 586, 'PENDING', NULL, 'N'),
(2551, '2021-07-30', 587, 'PENDING', NULL, 'N'),
(2552, '2021-07-30', 588, 'PENDING', NULL, 'N'),
(2553, '2021-07-31', 21, 'PENDING', NULL, 'N'),
(2554, '2021-07-31', 22, 'PENDING', NULL, 'N'),
(2555, '2021-07-31', 23, 'PENDING', NULL, 'N'),
(2556, '2021-07-31', 24, 'PENDING', NULL, 'N'),
(2557, '2021-07-31', 50, 'PENDING', NULL, 'N'),
(2558, '2021-07-31', 51, 'PENDING', NULL, 'N'),
(2559, '2021-07-31', 52, 'PENDING', NULL, 'N'),
(2560, '2021-07-31', 53, 'PENDING', NULL, 'N'),
(2561, '2021-07-31', 74, 'PENDING', NULL, 'N'),
(2562, '2021-07-31', 75, 'PENDING', NULL, 'N'),
(2563, '2021-07-31', 76, 'PENDING', NULL, 'N'),
(2564, '2021-07-31', 77, 'PENDING', NULL, 'N'),
(2565, '2021-07-31', 98, 'PENDING', NULL, 'N'),
(2566, '2021-07-31', 99, 'PENDING', NULL, 'N'),
(2567, '2021-07-31', 100, 'PENDING', NULL, 'N'),
(2568, '2021-07-31', 101, 'PENDING', NULL, 'N'),
(2569, '2021-07-31', 123, 'PENDING', NULL, 'N'),
(2570, '2021-07-31', 124, 'PENDING', NULL, 'N'),
(2571, '2021-07-31', 125, 'PENDING', NULL, 'N'),
(2572, '2021-07-31', 126, 'PENDING', NULL, 'N'),
(2573, '2021-07-31', 147, 'PENDING', NULL, 'N'),
(2574, '2021-07-31', 148, 'PENDING', NULL, 'N'),
(2575, '2021-07-31', 149, 'PENDING', NULL, 'N'),
(2576, '2021-07-31', 150, 'PENDING', NULL, 'N'),
(2577, '2021-07-31', 171, 'PENDING', NULL, 'N'),
(2578, '2021-07-31', 172, 'PENDING', NULL, 'N'),
(2579, '2021-07-31', 173, 'PENDING', NULL, 'N'),
(2580, '2021-07-31', 174, 'PENDING', NULL, 'N'),
(2581, '2021-07-31', 219, 'PENDING', NULL, 'N'),
(2582, '2021-07-31', 220, 'PENDING', NULL, 'N'),
(2583, '2021-07-31', 221, 'PENDING', NULL, 'N'),
(2584, '2021-07-31', 222, 'PENDING', NULL, 'N'),
(2585, '2021-07-31', 243, 'PENDING', NULL, 'N'),
(2586, '2021-07-31', 244, 'PENDING', NULL, 'N'),
(2587, '2021-07-31', 245, 'PENDING', NULL, 'N'),
(2588, '2021-07-31', 246, 'PENDING', NULL, 'N'),
(2589, '2021-07-31', 269, 'PENDING', NULL, 'N'),
(2590, '2021-07-31', 270, 'PENDING', NULL, 'N'),
(2591, '2021-07-31', 271, 'PENDING', NULL, 'N'),
(2592, '2021-07-31', 272, 'PENDING', NULL, 'N'),
(2593, '2021-07-31', 293, 'PENDING', NULL, 'N'),
(2594, '2021-07-31', 294, 'PENDING', NULL, 'N'),
(2595, '2021-07-31', 295, 'PENDING', NULL, 'N'),
(2596, '2021-07-31', 296, 'PENDING', NULL, 'N'),
(2597, '2021-07-31', 317, 'PENDING', NULL, 'N'),
(2598, '2021-07-31', 318, 'PENDING', NULL, 'N'),
(2599, '2021-07-31', 319, 'PENDING', NULL, 'N'),
(2600, '2021-07-31', 320, 'PENDING', NULL, 'N'),
(2601, '2021-07-31', 365, 'PENDING', NULL, 'N'),
(2602, '2021-07-31', 366, 'PENDING', NULL, 'N'),
(2603, '2021-07-31', 367, 'PENDING', NULL, 'N'),
(2604, '2021-07-31', 368, 'PENDING', NULL, 'N'),
(2605, '2021-07-31', 390, 'PENDING', NULL, 'N'),
(2606, '2021-07-31', 391, 'PENDING', NULL, 'N'),
(2607, '2021-07-31', 392, 'PENDING', NULL, 'N'),
(2608, '2021-07-31', 393, 'PENDING', NULL, 'N'),
(2609, '2021-07-31', 419, 'PENDING', NULL, 'N'),
(2610, '2021-07-31', 420, 'PENDING', NULL, 'N'),
(2611, '2021-07-31', 421, 'PENDING', NULL, 'N'),
(2612, '2021-07-31', 422, 'PENDING', NULL, 'N'),
(2613, '2021-07-31', 443, 'PENDING', NULL, 'N'),
(2614, '2021-07-31', 444, 'PENDING', NULL, 'N'),
(2615, '2021-07-31', 445, 'PENDING', NULL, 'N'),
(2616, '2021-07-31', 446, 'PENDING', NULL, 'N'),
(2617, '2021-07-31', 467, 'PENDING', NULL, 'N'),
(2618, '2021-07-31', 468, 'PENDING', NULL, 'N'),
(2619, '2021-07-31', 469, 'PENDING', NULL, 'N'),
(2620, '2021-07-31', 470, 'PENDING', NULL, 'N'),
(2621, '2021-07-31', 492, 'PENDING', NULL, 'N'),
(2622, '2021-07-31', 493, 'PENDING', NULL, 'N'),
(2623, '2021-07-31', 494, 'PENDING', NULL, 'N'),
(2624, '2021-07-31', 495, 'PENDING', NULL, 'N'),
(2625, '2021-07-31', 516, 'PENDING', NULL, 'N'),
(2626, '2021-07-31', 517, 'PENDING', NULL, 'N'),
(2627, '2021-07-31', 518, 'PENDING', NULL, 'N'),
(2628, '2021-07-31', 519, 'PENDING', NULL, 'N'),
(2629, '2021-07-31', 540, 'PENDING', NULL, 'N'),
(2630, '2021-07-31', 541, 'PENDING', NULL, 'N'),
(2631, '2021-07-31', 542, 'PENDING', NULL, 'N'),
(2632, '2021-07-31', 543, 'PENDING', NULL, 'N'),
(2633, '2021-07-31', 564, 'PENDING', NULL, 'N'),
(2634, '2021-07-31', 565, 'PENDING', NULL, 'N'),
(2635, '2021-07-31', 566, 'PENDING', NULL, 'N'),
(2636, '2021-07-31', 567, 'PENDING', NULL, 'N'),
(2637, '2021-07-31', 589, 'PENDING', NULL, 'N'),
(2638, '2021-07-31', 590, 'PENDING', NULL, 'N'),
(2639, '2021-07-31', 591, 'PENDING', NULL, 'N'),
(2640, '2021-07-31', 592, 'PENDING', NULL, 'N'),
(2641, '2021-08-02', 1, 'PENDING', NULL, 'N'),
(2642, '2021-08-02', 2, 'PENDING', NULL, 'N'),
(2643, '2021-08-02', 3, 'PENDING', NULL, 'N'),
(2644, '2021-08-02', 4, 'PENDING', NULL, 'N'),
(2645, '2021-08-02', 25, 'PENDING', NULL, 'N'),
(2646, '2021-08-02', 26, 'PENDING', NULL, 'N'),
(2647, '2021-08-02', 27, 'PENDING', NULL, 'N'),
(2648, '2021-08-02', 28, 'PENDING', NULL, 'N'),
(2649, '2021-08-02', 54, 'PENDING', NULL, 'N'),
(2650, '2021-08-02', 55, 'PENDING', NULL, 'N'),
(2651, '2021-08-02', 56, 'PENDING', NULL, 'N'),
(2652, '2021-08-02', 57, 'PENDING', NULL, 'N'),
(2653, '2021-08-02', 78, 'PENDING', NULL, 'N'),
(2654, '2021-08-02', 79, 'PENDING', NULL, 'N'),
(2655, '2021-08-02', 80, 'PENDING', NULL, 'N'),
(2656, '2021-08-02', 81, 'PENDING', NULL, 'N'),
(2657, '2021-08-02', 102, 'PENDING', NULL, 'N'),
(2658, '2021-08-02', 103, 'PENDING', NULL, 'N'),
(2659, '2021-08-02', 104, 'PENDING', NULL, 'N'),
(2660, '2021-08-02', 105, 'PENDING', NULL, 'N'),
(2661, '2021-08-02', 127, 'PENDING', NULL, 'N'),
(2662, '2021-08-02', 128, 'PENDING', NULL, 'N'),
(2663, '2021-08-02', 129, 'PENDING', NULL, 'N'),
(2664, '2021-08-02', 130, 'PENDING', NULL, 'N'),
(2665, '2021-08-02', 151, 'PENDING', NULL, 'N'),
(2666, '2021-08-02', 152, 'PENDING', NULL, 'N'),
(2667, '2021-08-02', 153, 'PENDING', NULL, 'N'),
(2668, '2021-08-02', 154, 'PENDING', NULL, 'N'),
(2669, '2021-08-02', 199, 'PENDING', NULL, 'N'),
(2670, '2021-08-02', 200, 'PENDING', NULL, 'N'),
(2671, '2021-08-02', 201, 'PENDING', NULL, 'N'),
(2672, '2021-08-02', 202, 'PENDING', NULL, 'N'),
(2673, '2021-08-02', 223, 'PENDING', NULL, 'N'),
(2674, '2021-08-02', 224, 'PENDING', NULL, 'N'),
(2675, '2021-08-02', 225, 'PENDING', NULL, 'N'),
(2676, '2021-08-02', 226, 'PENDING', NULL, 'N'),
(2677, '2021-08-02', 247, 'PENDING', NULL, 'N'),
(2678, '2021-08-02', 248, 'PENDING', NULL, 'N'),
(2679, '2021-08-02', 251, 'PENDING', NULL, 'N'),
(2680, '2021-08-02', 252, 'PENDING', NULL, 'N'),
(2681, '2021-08-02', 273, 'PENDING', NULL, 'N'),
(2682, '2021-08-02', 274, 'PENDING', NULL, 'N'),
(2683, '2021-08-02', 275, 'PENDING', NULL, 'N'),
(2684, '2021-08-02', 276, 'PENDING', NULL, 'N'),
(2685, '2021-08-02', 297, 'PENDING', NULL, 'N'),
(2686, '2021-08-02', 298, 'PENDING', NULL, 'N'),
(2687, '2021-08-02', 299, 'PENDING', NULL, 'N'),
(2688, '2021-08-02', 300, 'PENDING', NULL, 'N'),
(2689, '2021-08-02', 345, 'PENDING', NULL, 'N'),
(2690, '2021-08-02', 346, 'PENDING', NULL, 'N'),
(2691, '2021-08-02', 347, 'PENDING', NULL, 'N'),
(2692, '2021-08-02', 348, 'PENDING', NULL, 'N'),
(2693, '2021-08-02', 369, 'PENDING', NULL, 'N'),
(2694, '2021-08-02', 370, 'PENDING', NULL, 'N'),
(2695, '2021-08-02', 371, 'PENDING', NULL, 'N'),
(2696, '2021-08-02', 372, 'PENDING', NULL, 'N'),
(2697, '2021-08-02', 399, 'PENDING', NULL, 'N'),
(2698, '2021-08-02', 400, 'PENDING', NULL, 'N'),
(2699, '2021-08-02', 401, 'PENDING', NULL, 'N'),
(2700, '2021-08-02', 402, 'PENDING', NULL, 'N'),
(2701, '2021-08-02', 423, 'PENDING', NULL, 'N'),
(2702, '2021-08-02', 424, 'PENDING', NULL, 'N'),
(2703, '2021-08-02', 425, 'PENDING', NULL, 'N'),
(2704, '2021-08-02', 426, 'PENDING', NULL, 'N'),
(2705, '2021-08-02', 447, 'PENDING', NULL, 'N'),
(2706, '2021-08-02', 448, 'PENDING', NULL, 'N'),
(2707, '2021-08-02', 449, 'PENDING', NULL, 'N'),
(2708, '2021-08-02', 450, 'PENDING', NULL, 'N'),
(2709, '2021-08-02', 471, 'PENDING', NULL, 'N'),
(2710, '2021-08-02', 472, 'PENDING', NULL, 'N'),
(2711, '2021-08-02', 473, 'PENDING', NULL, 'N'),
(2712, '2021-08-02', 474, 'PENDING', NULL, 'N'),
(2713, '2021-08-02', 496, 'PENDING', NULL, 'N'),
(2714, '2021-08-02', 497, 'PENDING', NULL, 'N'),
(2715, '2021-08-02', 498, 'PENDING', NULL, 'N'),
(2716, '2021-08-02', 499, 'PENDING', NULL, 'N'),
(2717, '2021-08-02', 520, 'PENDING', NULL, 'N'),
(2718, '2021-08-02', 521, 'PENDING', NULL, 'N'),
(2719, '2021-08-02', 522, 'PENDING', NULL, 'N'),
(2720, '2021-08-02', 523, 'PENDING', NULL, 'N'),
(2721, '2021-08-02', 544, 'PENDING', NULL, 'N'),
(2722, '2021-08-02', 545, 'PENDING', NULL, 'N'),
(2723, '2021-08-02', 546, 'PENDING', NULL, 'N'),
(2724, '2021-08-02', 547, 'PENDING', NULL, 'N'),
(2725, '2021-08-02', 568, 'PENDING', NULL, 'N'),
(2726, '2021-08-02', 569, 'PENDING', NULL, 'N'),
(2727, '2021-08-02', 570, 'PENDING', NULL, 'N'),
(2728, '2021-08-02', 571, 'PENDING', NULL, 'N'),
(2729, '2021-08-03', 5, 'PENDING', NULL, 'N'),
(2730, '2021-08-03', 6, 'PENDING', NULL, 'N'),
(2731, '2021-08-03', 7, 'PENDING', NULL, 'N'),
(2732, '2021-08-03', 8, 'PENDING', NULL, 'N'),
(2733, '2021-08-03', 29, 'PENDING', NULL, 'N'),
(2734, '2021-08-03', 30, 'PENDING', NULL, 'N'),
(2735, '2021-08-03', 32, 'PENDING', NULL, 'N'),
(2736, '2021-08-03', 33, 'PENDING', NULL, 'N'),
(2737, '2021-08-03', 58, 'PENDING', NULL, 'N'),
(2738, '2021-08-03', 59, 'PENDING', NULL, 'N'),
(2739, '2021-08-03', 60, 'PENDING', NULL, 'N'),
(2740, '2021-08-03', 61, 'PENDING', NULL, 'N'),
(2741, '2021-08-03', 82, 'PENDING', NULL, 'N'),
(2742, '2021-08-03', 83, 'PENDING', NULL, 'N'),
(2743, '2021-08-03', 84, 'PENDING', NULL, 'N'),
(2744, '2021-08-03', 85, 'PENDING', NULL, 'N'),
(2745, '2021-08-03', 106, 'PENDING', NULL, 'N'),
(2746, '2021-08-03', 107, 'PENDING', NULL, 'N'),
(2747, '2021-08-03', 108, 'PENDING', NULL, 'N'),
(2748, '2021-08-03', 109, 'PENDING', NULL, 'N'),
(2749, '2021-08-03', 131, 'PENDING', NULL, 'N'),
(2750, '2021-08-03', 132, 'PENDING', NULL, 'N'),
(2751, '2021-08-03', 133, 'PENDING', NULL, 'N'),
(2752, '2021-08-03', 134, 'PENDING', NULL, 'N'),
(2753, '2021-08-03', 155, 'PENDING', NULL, 'N'),
(2754, '2021-08-03', 156, 'PENDING', NULL, 'N'),
(2755, '2021-08-03', 157, 'PENDING', NULL, 'N'),
(2756, '2021-08-03', 158, 'PENDING', NULL, 'N'),
(2757, '2021-08-03', 203, 'PENDING', NULL, 'N'),
(2758, '2021-08-03', 204, 'PENDING', NULL, 'N'),
(2759, '2021-08-03', 205, 'PENDING', NULL, 'N'),
(2760, '2021-08-03', 206, 'PENDING', NULL, 'N'),
(2761, '2021-08-03', 227, 'PENDING', NULL, 'N'),
(2762, '2021-08-03', 228, 'PENDING', NULL, 'N'),
(2763, '2021-08-03', 229, 'PENDING', NULL, 'N'),
(2764, '2021-08-03', 230, 'PENDING', NULL, 'N'),
(2765, '2021-08-03', 253, 'PENDING', NULL, 'N'),
(2766, '2021-08-03', 254, 'PENDING', NULL, 'N'),
(2767, '2021-08-03', 255, 'PENDING', NULL, 'N'),
(2768, '2021-08-03', 256, 'PENDING', NULL, 'N'),
(2769, '2021-08-03', 277, 'PENDING', NULL, 'N'),
(2770, '2021-08-03', 278, 'PENDING', NULL, 'N'),
(2771, '2021-08-03', 279, 'PENDING', NULL, 'N'),
(2772, '2021-08-03', 280, 'PENDING', NULL, 'N'),
(2773, '2021-08-03', 301, 'PENDING', NULL, 'N'),
(2774, '2021-08-03', 302, 'PENDING', NULL, 'N'),
(2775, '2021-08-03', 303, 'PENDING', NULL, 'N'),
(2776, '2021-08-03', 304, 'PENDING', NULL, 'N'),
(2777, '2021-08-03', 349, 'PENDING', NULL, 'N'),
(2778, '2021-08-03', 350, 'PENDING', NULL, 'N'),
(2779, '2021-08-03', 351, 'PENDING', NULL, 'N'),
(2780, '2021-08-03', 352, 'PENDING', NULL, 'N'),
(2781, '2021-08-03', 373, 'PENDING', NULL, 'N'),
(2782, '2021-08-03', 374, 'PENDING', NULL, 'N'),
(2783, '2021-08-03', 376, 'PENDING', NULL, 'N'),
(2784, '2021-08-03', 377, 'PENDING', NULL, 'N'),
(2785, '2021-08-03', 403, 'PENDING', NULL, 'N'),
(2786, '2021-08-03', 404, 'PENDING', NULL, 'N'),
(2787, '2021-08-03', 405, 'PENDING', NULL, 'N'),
(2788, '2021-08-03', 406, 'PENDING', NULL, 'N'),
(2789, '2021-08-03', 427, 'PENDING', NULL, 'N'),
(2790, '2021-08-03', 428, 'PENDING', NULL, 'N'),
(2791, '2021-08-03', 429, 'PENDING', NULL, 'N'),
(2792, '2021-08-03', 430, 'PENDING', NULL, 'N'),
(2793, '2021-08-03', 451, 'PENDING', NULL, 'N'),
(2794, '2021-08-03', 452, 'PENDING', NULL, 'N'),
(2795, '2021-08-03', 453, 'PENDING', NULL, 'N'),
(2796, '2021-08-03', 454, 'PENDING', NULL, 'N'),
(2797, '2021-08-03', 475, 'PENDING', NULL, 'N'),
(2798, '2021-08-03', 476, 'PENDING', NULL, 'N'),
(2799, '2021-08-03', 477, 'PENDING', NULL, 'N'),
(2800, '2021-08-03', 478, 'PENDING', NULL, 'N'),
(2801, '2021-08-03', 500, 'PENDING', NULL, 'N'),
(2802, '2021-08-03', 501, 'PENDING', NULL, 'N'),
(2803, '2021-08-03', 502, 'PENDING', NULL, 'N'),
(2804, '2021-08-03', 503, 'PENDING', NULL, 'N'),
(2805, '2021-08-03', 524, 'PENDING', NULL, 'N'),
(2806, '2021-08-03', 525, 'PENDING', NULL, 'N'),
(2807, '2021-08-03', 526, 'PENDING', NULL, 'N'),
(2808, '2021-08-03', 527, 'PENDING', NULL, 'N'),
(2809, '2021-08-03', 548, 'PENDING', NULL, 'N'),
(2810, '2021-08-03', 549, 'PENDING', NULL, 'N'),
(2811, '2021-08-03', 550, 'PENDING', NULL, 'N'),
(2812, '2021-08-03', 551, 'PENDING', NULL, 'N'),
(2813, '2021-08-03', 572, 'PENDING', NULL, 'N'),
(2814, '2021-08-03', 573, 'PENDING', NULL, 'N'),
(2815, '2021-08-03', 574, 'PENDING', NULL, 'N'),
(2816, '2021-08-03', 576, 'PENDING', NULL, 'N'),
(2817, '2021-08-04', 9, 'PENDING', NULL, 'N'),
(2818, '2021-08-04', 10, 'PENDING', NULL, 'N'),
(2819, '2021-08-04', 11, 'PENDING', NULL, 'N'),
(2820, '2021-08-04', 12, 'PENDING', NULL, 'N'),
(2821, '2021-08-04', 13, 'PENDING', NULL, 'N'),
(2822, '2021-08-04', 34, 'PENDING', NULL, 'N'),
(2823, '2021-08-04', 35, 'PENDING', NULL, 'N'),
(2824, '2021-08-04', 36, 'PENDING', NULL, 'N'),
(2825, '2021-08-04', 37, 'PENDING', NULL, 'N'),
(2826, '2021-08-04', 38, 'PENDING', NULL, 'N'),
(2827, '2021-08-04', 62, 'PENDING', NULL, 'N'),
(2828, '2021-08-04', 63, 'PENDING', NULL, 'N'),
(2829, '2021-08-04', 64, 'PENDING', NULL, 'N'),
(2830, '2021-08-04', 65, 'PENDING', NULL, 'N'),
(2831, '2021-08-04', 66, 'PENDING', NULL, 'N'),
(2832, '2021-08-04', 86, 'PENDING', NULL, 'N'),
(2833, '2021-08-04', 87, 'PENDING', NULL, 'N'),
(2834, '2021-08-04', 88, 'PENDING', NULL, 'N'),
(2835, '2021-08-04', 89, 'PENDING', NULL, 'N'),
(2836, '2021-08-04', 90, 'PENDING', NULL, 'N'),
(2837, '2021-08-04', 110, 'PENDING', NULL, 'N'),
(2838, '2021-08-04', 111, 'PENDING', NULL, 'N'),
(2839, '2021-08-04', 112, 'PENDING', NULL, 'N'),
(2840, '2021-08-04', 114, 'PENDING', NULL, 'N'),
(2841, '2021-08-04', 115, 'PENDING', NULL, 'N'),
(2842, '2021-08-04', 135, 'PENDING', NULL, 'N'),
(2843, '2021-08-04', 136, 'PENDING', NULL, 'N'),
(2844, '2021-08-04', 137, 'PENDING', NULL, 'N'),
(2845, '2021-08-04', 138, 'PENDING', NULL, 'N'),
(2846, '2021-08-04', 139, 'PENDING', NULL, 'N'),
(2847, '2021-08-04', 159, 'PENDING', NULL, 'N'),
(2848, '2021-08-04', 160, 'PENDING', NULL, 'N'),
(2849, '2021-08-04', 161, 'PENDING', NULL, 'N'),
(2850, '2021-08-04', 162, 'PENDING', NULL, 'N'),
(2851, '2021-08-04', 163, 'PENDING', NULL, 'N'),
(2852, '2021-08-04', 207, 'PENDING', NULL, 'N'),
(2853, '2021-08-04', 208, 'PENDING', NULL, 'N'),
(2854, '2021-08-04', 209, 'PENDING', NULL, 'N'),
(2855, '2021-08-04', 210, 'PENDING', NULL, 'N'),
(2856, '2021-08-04', 211, 'PENDING', NULL, 'N'),
(2857, '2021-08-04', 231, 'PENDING', NULL, 'N'),
(2858, '2021-08-04', 232, 'PENDING', NULL, 'N'),
(2859, '2021-08-04', 233, 'PENDING', NULL, 'N'),
(2860, '2021-08-04', 234, 'PENDING', NULL, 'N'),
(2861, '2021-08-04', 235, 'PENDING', NULL, 'N'),
(2862, '2021-08-04', 257, 'PENDING', NULL, 'N'),
(2863, '2021-08-04', 258, 'PENDING', NULL, 'N'),
(2864, '2021-08-04', 259, 'PENDING', NULL, 'N'),
(2865, '2021-08-04', 260, 'PENDING', NULL, 'N'),
(2866, '2021-08-04', 261, 'PENDING', NULL, 'N'),
(2867, '2021-08-04', 281, 'PENDING', NULL, 'N'),
(2868, '2021-08-04', 282, 'PENDING', NULL, 'N'),
(2869, '2021-08-04', 283, 'PENDING', NULL, 'N'),
(2870, '2021-08-04', 284, 'PENDING', NULL, 'N'),
(2871, '2021-08-04', 285, 'PENDING', NULL, 'N'),
(2872, '2021-08-04', 305, 'PENDING', NULL, 'N'),
(2873, '2021-08-04', 306, 'PENDING', NULL, 'N'),
(2874, '2021-08-04', 307, 'PENDING', NULL, 'N'),
(2875, '2021-08-04', 308, 'PENDING', NULL, 'N'),
(2876, '2021-08-04', 309, 'PENDING', NULL, 'N'),
(2877, '2021-08-04', 353, 'PENDING', NULL, 'N'),
(2878, '2021-08-04', 354, 'PENDING', NULL, 'N'),
(2879, '2021-08-04', 355, 'PENDING', NULL, 'N'),
(2880, '2021-08-04', 356, 'PENDING', NULL, 'N'),
(2881, '2021-08-04', 357, 'PENDING', NULL, 'N'),
(2882, '2021-08-04', 378, 'PENDING', NULL, 'N'),
(2883, '2021-08-04', 379, 'PENDING', NULL, 'N'),
(2884, '2021-08-04', 380, 'PENDING', NULL, 'N'),
(2885, '2021-08-04', 381, 'PENDING', NULL, 'N'),
(2886, '2021-08-04', 382, 'PENDING', NULL, 'N'),
(2887, '2021-08-04', 407, 'PENDING', NULL, 'N'),
(2888, '2021-08-04', 408, 'PENDING', NULL, 'N'),
(2889, '2021-08-04', 409, 'PENDING', NULL, 'N'),
(2890, '2021-08-04', 410, 'PENDING', NULL, 'N'),
(2891, '2021-08-04', 411, 'PENDING', NULL, 'N'),
(2892, '2021-08-04', 431, 'PENDING', NULL, 'N'),
(2893, '2021-08-04', 432, 'PENDING', NULL, 'N'),
(2894, '2021-08-04', 433, 'PENDING', NULL, 'N'),
(2895, '2021-08-04', 434, 'PENDING', NULL, 'N'),
(2896, '2021-08-04', 435, 'PENDING', NULL, 'N'),
(2897, '2021-08-04', 455, 'PENDING', NULL, 'N'),
(2898, '2021-08-04', 456, 'PENDING', NULL, 'N'),
(2899, '2021-08-04', 457, 'PENDING', NULL, 'N'),
(2900, '2021-08-04', 458, 'PENDING', NULL, 'N'),
(2901, '2021-08-04', 459, 'PENDING', NULL, 'N'),
(2902, '2021-08-04', 479, 'PENDING', NULL, 'N'),
(2903, '2021-08-04', 480, 'PENDING', NULL, 'N'),
(2904, '2021-08-04', 481, 'PENDING', NULL, 'N'),
(2905, '2021-08-04', 482, 'PENDING', NULL, 'N'),
(2906, '2021-08-04', 483, 'PENDING', NULL, 'N'),
(2907, '2021-08-04', 504, 'PENDING', NULL, 'N'),
(2908, '2021-08-04', 505, 'PENDING', NULL, 'N'),
(2909, '2021-08-04', 506, 'PENDING', NULL, 'N'),
(2910, '2021-08-04', 507, 'PENDING', NULL, 'N'),
(2911, '2021-08-04', 508, 'PENDING', NULL, 'N'),
(2912, '2021-08-04', 528, 'PENDING', NULL, 'N'),
(2913, '2021-08-04', 529, 'PENDING', NULL, 'N'),
(2914, '2021-08-04', 530, 'PENDING', NULL, 'N'),
(2915, '2021-08-04', 531, 'PENDING', NULL, 'N'),
(2916, '2021-08-04', 532, 'PENDING', NULL, 'N'),
(2917, '2021-08-04', 552, 'PENDING', NULL, 'N'),
(2918, '2021-08-04', 553, 'PENDING', NULL, 'N'),
(2919, '2021-08-04', 554, 'PENDING', NULL, 'N'),
(2920, '2021-08-04', 555, 'PENDING', NULL, 'N'),
(2921, '2021-08-04', 556, 'PENDING', NULL, 'N'),
(2922, '2021-08-04', 577, 'PENDING', NULL, 'N'),
(2923, '2021-08-04', 578, 'PENDING', NULL, 'N'),
(2924, '2021-08-04', 579, 'PENDING', NULL, 'N'),
(2925, '2021-08-04', 580, 'PENDING', NULL, 'N'),
(2926, '2021-08-04', 581, 'PENDING', NULL, 'N'),
(2927, '2021-08-05', 14, 'PENDING', NULL, 'N'),
(2928, '2021-08-05', 15, 'PENDING', NULL, 'N'),
(2929, '2021-08-05', 16, 'PENDING', NULL, 'N'),
(2930, '2021-08-05', 17, 'PENDING', NULL, 'N'),
(2931, '2021-08-05', 39, 'PENDING', NULL, 'N'),
(2932, '2021-08-05', 40, 'PENDING', NULL, 'N'),
(2933, '2021-08-05', 41, 'PENDING', NULL, 'N'),
(2934, '2021-08-05', 42, 'PENDING', NULL, 'N'),
(2935, '2021-08-05', 67, 'PENDING', NULL, 'N'),
(2936, '2021-08-05', 68, 'PENDING', NULL, 'N'),
(2937, '2021-08-05', 69, 'PENDING', NULL, 'N'),
(2938, '2021-08-05', 70, 'PENDING', NULL, 'N'),
(2939, '2021-08-05', 91, 'PENDING', NULL, 'N'),
(2940, '2021-08-05', 92, 'PENDING', NULL, 'N'),
(2941, '2021-08-05', 93, 'PENDING', NULL, 'N'),
(2942, '2021-08-05', 94, 'PENDING', NULL, 'N'),
(2943, '2021-08-05', 116, 'PENDING', NULL, 'N'),
(2944, '2021-08-05', 117, 'PENDING', NULL, 'N'),
(2945, '2021-08-05', 118, 'PENDING', NULL, 'N'),
(2946, '2021-08-05', 119, 'PENDING', NULL, 'N'),
(2947, '2021-08-05', 140, 'PENDING', NULL, 'N'),
(2948, '2021-08-05', 141, 'PENDING', NULL, 'N'),
(2949, '2021-08-05', 142, 'PENDING', NULL, 'N'),
(2950, '2021-08-05', 143, 'PENDING', NULL, 'N'),
(2951, '2021-08-05', 164, 'PENDING', NULL, 'N'),
(2952, '2021-08-05', 165, 'PENDING', NULL, 'N'),
(2953, '2021-08-05', 166, 'PENDING', NULL, 'N'),
(2954, '2021-08-05', 167, 'PENDING', NULL, 'N'),
(2955, '2021-08-05', 212, 'PENDING', NULL, 'N'),
(2956, '2021-08-05', 213, 'PENDING', NULL, 'N'),
(2957, '2021-08-05', 214, 'PENDING', NULL, 'N'),
(2958, '2021-08-05', 215, 'PENDING', NULL, 'N'),
(2959, '2021-08-05', 236, 'PENDING', NULL, 'N'),
(2960, '2021-08-05', 237, 'PENDING', NULL, 'N'),
(2961, '2021-08-05', 238, 'PENDING', NULL, 'N'),
(2962, '2021-08-05', 239, 'PENDING', NULL, 'N'),
(2963, '2021-08-05', 262, 'PENDING', NULL, 'N'),
(2964, '2021-08-05', 263, 'PENDING', NULL, 'N'),
(2965, '2021-08-05', 264, 'PENDING', NULL, 'N'),
(2966, '2021-08-05', 265, 'PENDING', NULL, 'N'),
(2967, '2021-08-05', 286, 'PENDING', NULL, 'N'),
(2968, '2021-08-05', 287, 'PENDING', NULL, 'N'),
(2969, '2021-08-05', 288, 'PENDING', NULL, 'N'),
(2970, '2021-08-05', 289, 'PENDING', NULL, 'N'),
(2971, '2021-08-05', 310, 'PENDING', NULL, 'N'),
(2972, '2021-08-05', 311, 'PENDING', NULL, 'N'),
(2973, '2021-08-05', 312, 'PENDING', NULL, 'N'),
(2974, '2021-08-05', 313, 'PENDING', NULL, 'N'),
(2975, '2021-08-05', 358, 'PENDING', NULL, 'N'),
(2976, '2021-08-05', 359, 'PENDING', NULL, 'N'),
(2977, '2021-08-05', 360, 'PENDING', NULL, 'N'),
(2978, '2021-08-05', 361, 'PENDING', NULL, 'N'),
(2979, '2021-08-05', 383, 'PENDING', NULL, 'N'),
(2980, '2021-08-05', 384, 'PENDING', NULL, 'N'),
(2981, '2021-08-05', 385, 'PENDING', NULL, 'N'),
(2982, '2021-08-05', 386, 'PENDING', NULL, 'N'),
(2983, '2021-08-05', 412, 'PENDING', NULL, 'N'),
(2984, '2021-08-05', 413, 'PENDING', NULL, 'N'),
(2985, '2021-08-05', 414, 'PENDING', NULL, 'N'),
(2986, '2021-08-05', 415, 'PENDING', NULL, 'N'),
(2987, '2021-08-05', 436, 'PENDING', NULL, 'N'),
(2988, '2021-08-05', 437, 'PENDING', NULL, 'N'),
(2989, '2021-08-05', 438, 'PENDING', NULL, 'N'),
(2990, '2021-08-05', 439, 'PENDING', NULL, 'N'),
(2991, '2021-08-05', 460, 'PENDING', NULL, 'N'),
(2992, '2021-08-05', 461, 'PENDING', NULL, 'N'),
(2993, '2021-08-05', 462, 'PENDING', NULL, 'N'),
(2994, '2021-08-05', 463, 'PENDING', NULL, 'N'),
(2995, '2021-08-05', 484, 'PENDING', NULL, 'N'),
(2996, '2021-08-05', 485, 'PENDING', NULL, 'N'),
(2997, '2021-08-05', 487, 'PENDING', NULL, 'N'),
(2998, '2021-08-05', 488, 'PENDING', NULL, 'N'),
(2999, '2021-08-05', 509, 'PENDING', NULL, 'N'),
(3000, '2021-08-05', 510, 'PENDING', NULL, 'N'),
(3001, '2021-08-05', 511, 'PENDING', NULL, 'N'),
(3002, '2021-08-05', 512, 'PENDING', NULL, 'N'),
(3003, '2021-08-05', 533, 'PENDING', NULL, 'N'),
(3004, '2021-08-05', 534, 'PENDING', NULL, 'N'),
(3005, '2021-08-05', 535, 'PENDING', NULL, 'N'),
(3006, '2021-08-05', 536, 'PENDING', NULL, 'N'),
(3007, '2021-08-05', 557, 'PENDING', NULL, 'N'),
(3008, '2021-08-05', 558, 'PENDING', NULL, 'N'),
(3009, '2021-08-05', 559, 'PENDING', NULL, 'N'),
(3010, '2021-08-05', 560, 'PENDING', NULL, 'N'),
(3011, '2021-08-05', 582, 'PENDING', NULL, 'N'),
(3012, '2021-08-05', 583, 'PENDING', NULL, 'N'),
(3013, '2021-08-05', 584, 'PENDING', NULL, 'N'),
(3014, '2021-08-05', 585, 'PENDING', NULL, 'N'),
(3015, '2021-08-06', 18, 'PENDING', NULL, 'N'),
(3016, '2021-08-06', 19, 'PENDING', NULL, 'N'),
(3017, '2021-08-06', 20, 'PENDING', NULL, 'N'),
(3018, '2021-08-06', 47, 'PENDING', NULL, 'N'),
(3019, '2021-08-06', 48, 'PENDING', NULL, 'N'),
(3020, '2021-08-06', 49, 'PENDING', NULL, 'N'),
(3021, '2021-08-06', 71, 'PENDING', NULL, 'N'),
(3022, '2021-08-06', 72, 'PENDING', NULL, 'N'),
(3023, '2021-08-06', 73, 'PENDING', NULL, 'N'),
(3024, '2021-08-06', 95, 'PENDING', NULL, 'N'),
(3025, '2021-08-06', 96, 'PENDING', NULL, 'N'),
(3026, '2021-08-06', 97, 'PENDING', NULL, 'N'),
(3027, '2021-08-06', 120, 'PENDING', NULL, 'N'),
(3028, '2021-08-06', 121, 'PENDING', NULL, 'N'),
(3029, '2021-08-06', 122, 'PENDING', NULL, 'N'),
(3030, '2021-08-06', 144, 'PENDING', NULL, 'N'),
(3031, '2021-08-06', 145, 'PENDING', NULL, 'N'),
(3032, '2021-08-06', 146, 'PENDING', NULL, 'N'),
(3033, '2021-08-06', 168, 'PENDING', NULL, 'N'),
(3034, '2021-08-06', 169, 'PENDING', NULL, 'N'),
(3035, '2021-08-06', 170, 'PENDING', NULL, 'N'),
(3036, '2021-08-06', 216, 'PENDING', NULL, 'N'),
(3037, '2021-08-06', 217, 'PENDING', NULL, 'N'),
(3038, '2021-08-06', 218, 'PENDING', NULL, 'N'),
(3039, '2021-08-06', 240, 'PENDING', NULL, 'N'),
(3040, '2021-08-06', 241, 'PENDING', NULL, 'N'),
(3041, '2021-08-06', 242, 'PENDING', NULL, 'N'),
(3042, '2021-08-06', 266, 'PENDING', NULL, 'N'),
(3043, '2021-08-06', 267, 'PENDING', NULL, 'N'),
(3044, '2021-08-06', 268, 'PENDING', NULL, 'N'),
(3045, '2021-08-06', 290, 'PENDING', NULL, 'N'),
(3046, '2021-08-06', 291, 'PENDING', NULL, 'N'),
(3047, '2021-08-06', 292, 'PENDING', NULL, 'N'),
(3048, '2021-08-06', 314, 'PENDING', NULL, 'N'),
(3049, '2021-08-06', 315, 'PENDING', NULL, 'N'),
(3050, '2021-08-06', 316, 'PENDING', NULL, 'N'),
(3051, '2021-08-06', 362, 'PENDING', NULL, 'N'),
(3052, '2021-08-06', 363, 'PENDING', NULL, 'N'),
(3053, '2021-08-06', 364, 'PENDING', NULL, 'N'),
(3054, '2021-08-06', 387, 'PENDING', NULL, 'N'),
(3055, '2021-08-06', 388, 'PENDING', NULL, 'N'),
(3056, '2021-08-06', 389, 'PENDING', NULL, 'N'),
(3057, '2021-08-06', 416, 'PENDING', NULL, 'N'),
(3058, '2021-08-06', 417, 'PENDING', NULL, 'N'),
(3059, '2021-08-06', 418, 'PENDING', NULL, 'N'),
(3060, '2021-08-06', 440, 'PENDING', NULL, 'N'),
(3061, '2021-08-06', 441, 'PENDING', NULL, 'N'),
(3062, '2021-08-06', 442, 'PENDING', NULL, 'N'),
(3063, '2021-08-06', 464, 'PENDING', NULL, 'N'),
(3064, '2021-08-06', 465, 'PENDING', NULL, 'N'),
(3065, '2021-08-06', 466, 'PENDING', NULL, 'N'),
(3066, '2021-08-06', 489, 'PENDING', NULL, 'N'),
(3067, '2021-08-06', 490, 'PENDING', NULL, 'N'),
(3068, '2021-08-06', 491, 'PENDING', NULL, 'N'),
(3069, '2021-08-06', 513, 'PENDING', NULL, 'N'),
(3070, '2021-08-06', 514, 'PENDING', NULL, 'N'),
(3071, '2021-08-06', 515, 'PENDING', NULL, 'N'),
(3072, '2021-08-06', 537, 'PENDING', NULL, 'N'),
(3073, '2021-08-06', 538, 'PENDING', NULL, 'N'),
(3074, '2021-08-06', 539, 'PENDING', NULL, 'N'),
(3075, '2021-08-06', 561, 'PENDING', NULL, 'N'),
(3076, '2021-08-06', 562, 'PENDING', NULL, 'N'),
(3077, '2021-08-06', 563, 'PENDING', NULL, 'N'),
(3078, '2021-08-06', 586, 'PENDING', NULL, 'N'),
(3079, '2021-08-06', 587, 'PENDING', NULL, 'N'),
(3080, '2021-08-06', 588, 'PENDING', NULL, 'N'),
(3081, '2021-08-07', 21, 'PENDING', NULL, 'N'),
(3082, '2021-08-07', 22, 'PENDING', NULL, 'N'),
(3083, '2021-08-07', 23, 'PENDING', NULL, 'N'),
(3084, '2021-08-07', 24, 'PENDING', NULL, 'N'),
(3085, '2021-08-07', 50, 'PENDING', NULL, 'N'),
(3086, '2021-08-07', 51, 'PENDING', NULL, 'N'),
(3087, '2021-08-07', 52, 'PENDING', NULL, 'N'),
(3088, '2021-08-07', 53, 'PENDING', NULL, 'N'),
(3089, '2021-08-07', 74, 'PENDING', NULL, 'N'),
(3090, '2021-08-07', 75, 'PENDING', NULL, 'N'),
(3091, '2021-08-07', 76, 'PENDING', NULL, 'N'),
(3092, '2021-08-07', 77, 'PENDING', NULL, 'N'),
(3093, '2021-08-07', 98, 'PENDING', NULL, 'N'),
(3094, '2021-08-07', 99, 'PENDING', NULL, 'N'),
(3095, '2021-08-07', 100, 'PENDING', NULL, 'N'),
(3096, '2021-08-07', 101, 'PENDING', NULL, 'N'),
(3097, '2021-08-07', 123, 'PENDING', NULL, 'N'),
(3098, '2021-08-07', 124, 'PENDING', NULL, 'N'),
(3099, '2021-08-07', 125, 'PENDING', NULL, 'N'),
(3100, '2021-08-07', 126, 'PENDING', NULL, 'N'),
(3101, '2021-08-07', 147, 'PENDING', NULL, 'N'),
(3102, '2021-08-07', 148, 'PENDING', NULL, 'N'),
(3103, '2021-08-07', 149, 'PENDING', NULL, 'N'),
(3104, '2021-08-07', 150, 'PENDING', NULL, 'N'),
(3105, '2021-08-07', 171, 'PENDING', NULL, 'N'),
(3106, '2021-08-07', 172, 'PENDING', NULL, 'N');
INSERT INTO `jurnal` (`id`, `tanggal`, `jadwal_mengajar_id`, `status`, `topik`, `validasi`) VALUES
(3107, '2021-08-07', 173, 'PENDING', NULL, 'N'),
(3108, '2021-08-07', 174, 'PENDING', NULL, 'N'),
(3109, '2021-08-07', 219, 'PENDING', NULL, 'N'),
(3110, '2021-08-07', 220, 'PENDING', NULL, 'N'),
(3111, '2021-08-07', 221, 'PENDING', NULL, 'N'),
(3112, '2021-08-07', 222, 'PENDING', NULL, 'N'),
(3113, '2021-08-07', 243, 'PENDING', NULL, 'N'),
(3114, '2021-08-07', 244, 'PENDING', NULL, 'N'),
(3115, '2021-08-07', 245, 'PENDING', NULL, 'N'),
(3116, '2021-08-07', 246, 'PENDING', NULL, 'N'),
(3117, '2021-08-07', 269, 'PENDING', NULL, 'N'),
(3118, '2021-08-07', 270, 'PENDING', NULL, 'N'),
(3119, '2021-08-07', 271, 'PENDING', NULL, 'N'),
(3120, '2021-08-07', 272, 'PENDING', NULL, 'N'),
(3121, '2021-08-07', 293, 'PENDING', NULL, 'N'),
(3122, '2021-08-07', 294, 'PENDING', NULL, 'N'),
(3123, '2021-08-07', 295, 'PENDING', NULL, 'N'),
(3124, '2021-08-07', 296, 'PENDING', NULL, 'N'),
(3125, '2021-08-07', 317, 'PENDING', NULL, 'N'),
(3126, '2021-08-07', 318, 'PENDING', NULL, 'N'),
(3127, '2021-08-07', 319, 'PENDING', NULL, 'N'),
(3128, '2021-08-07', 320, 'PENDING', NULL, 'N'),
(3129, '2021-08-07', 365, 'PENDING', NULL, 'N'),
(3130, '2021-08-07', 366, 'PENDING', NULL, 'N'),
(3131, '2021-08-07', 367, 'PENDING', NULL, 'N'),
(3132, '2021-08-07', 368, 'PENDING', NULL, 'N'),
(3133, '2021-08-07', 390, 'PENDING', NULL, 'N'),
(3134, '2021-08-07', 391, 'PENDING', NULL, 'N'),
(3135, '2021-08-07', 392, 'PENDING', NULL, 'N'),
(3136, '2021-08-07', 393, 'PENDING', NULL, 'N'),
(3137, '2021-08-07', 419, 'PENDING', NULL, 'N'),
(3138, '2021-08-07', 420, 'PENDING', NULL, 'N'),
(3139, '2021-08-07', 421, 'PENDING', NULL, 'N'),
(3140, '2021-08-07', 422, 'PENDING', NULL, 'N'),
(3141, '2021-08-07', 443, 'PENDING', NULL, 'N'),
(3142, '2021-08-07', 444, 'PENDING', NULL, 'N'),
(3143, '2021-08-07', 445, 'PENDING', NULL, 'N'),
(3144, '2021-08-07', 446, 'PENDING', NULL, 'N'),
(3145, '2021-08-07', 467, 'PENDING', NULL, 'N'),
(3146, '2021-08-07', 468, 'PENDING', NULL, 'N'),
(3147, '2021-08-07', 469, 'PENDING', NULL, 'N'),
(3148, '2021-08-07', 470, 'PENDING', NULL, 'N'),
(3149, '2021-08-07', 492, 'PENDING', NULL, 'N'),
(3150, '2021-08-07', 493, 'PENDING', NULL, 'N'),
(3151, '2021-08-07', 494, 'PENDING', NULL, 'N'),
(3152, '2021-08-07', 495, 'PENDING', NULL, 'N'),
(3153, '2021-08-07', 516, 'PENDING', NULL, 'N'),
(3154, '2021-08-07', 517, 'PENDING', NULL, 'N'),
(3155, '2021-08-07', 518, 'PENDING', NULL, 'N'),
(3156, '2021-08-07', 519, 'PENDING', NULL, 'N'),
(3157, '2021-08-07', 540, 'PENDING', NULL, 'N'),
(3158, '2021-08-07', 541, 'PENDING', NULL, 'N'),
(3159, '2021-08-07', 542, 'PENDING', NULL, 'N'),
(3160, '2021-08-07', 543, 'PENDING', NULL, 'N'),
(3161, '2021-08-07', 564, 'PENDING', NULL, 'N'),
(3162, '2021-08-07', 565, 'PENDING', NULL, 'N'),
(3163, '2021-08-07', 566, 'PENDING', NULL, 'N'),
(3164, '2021-08-07', 567, 'PENDING', NULL, 'N'),
(3165, '2021-08-07', 589, 'PENDING', NULL, 'N'),
(3166, '2021-08-07', 590, 'PENDING', NULL, 'N'),
(3167, '2021-08-07', 591, 'PENDING', NULL, 'N'),
(3168, '2021-08-07', 592, 'PENDING', NULL, 'N'),
(3169, '2021-08-09', 1, 'PENDING', NULL, 'N'),
(3170, '2021-08-09', 2, 'PENDING', NULL, 'N'),
(3171, '2021-08-09', 3, 'PENDING', NULL, 'N'),
(3172, '2021-08-09', 4, 'PENDING', NULL, 'N'),
(3173, '2021-08-09', 25, 'PENDING', NULL, 'N'),
(3174, '2021-08-09', 26, 'PENDING', NULL, 'N'),
(3175, '2021-08-09', 27, 'PENDING', NULL, 'N'),
(3176, '2021-08-09', 28, 'PENDING', NULL, 'N'),
(3177, '2021-08-09', 54, 'PENDING', NULL, 'N'),
(3178, '2021-08-09', 55, 'PENDING', NULL, 'N'),
(3179, '2021-08-09', 56, 'PENDING', NULL, 'N'),
(3180, '2021-08-09', 57, 'PENDING', NULL, 'N'),
(3181, '2021-08-09', 78, 'PENDING', NULL, 'N'),
(3182, '2021-08-09', 79, 'PENDING', NULL, 'N'),
(3183, '2021-08-09', 80, 'PENDING', NULL, 'N'),
(3184, '2021-08-09', 81, 'PENDING', NULL, 'N'),
(3185, '2021-08-09', 102, 'PENDING', NULL, 'N'),
(3186, '2021-08-09', 103, 'PENDING', NULL, 'N'),
(3187, '2021-08-09', 104, 'PENDING', NULL, 'N'),
(3188, '2021-08-09', 105, 'PENDING', NULL, 'N'),
(3189, '2021-08-09', 127, 'PENDING', NULL, 'N'),
(3190, '2021-08-09', 128, 'PENDING', NULL, 'N'),
(3191, '2021-08-09', 129, 'PENDING', NULL, 'N'),
(3192, '2021-08-09', 130, 'PENDING', NULL, 'N'),
(3193, '2021-08-09', 151, 'PENDING', NULL, 'N'),
(3194, '2021-08-09', 152, 'PENDING', NULL, 'N'),
(3195, '2021-08-09', 153, 'PENDING', NULL, 'N'),
(3196, '2021-08-09', 154, 'PENDING', NULL, 'N'),
(3197, '2021-08-09', 199, 'PENDING', NULL, 'N'),
(3198, '2021-08-09', 200, 'PENDING', NULL, 'N'),
(3199, '2021-08-09', 201, 'PENDING', NULL, 'N'),
(3200, '2021-08-09', 202, 'PENDING', NULL, 'N'),
(3201, '2021-08-09', 223, 'PENDING', NULL, 'N'),
(3202, '2021-08-09', 224, 'PENDING', NULL, 'N'),
(3203, '2021-08-09', 225, 'PENDING', NULL, 'N'),
(3204, '2021-08-09', 226, 'PENDING', NULL, 'N'),
(3205, '2021-08-09', 247, 'PENDING', NULL, 'N'),
(3206, '2021-08-09', 248, 'PENDING', NULL, 'N'),
(3207, '2021-08-09', 251, 'PENDING', NULL, 'N'),
(3208, '2021-08-09', 252, 'PENDING', NULL, 'N'),
(3209, '2021-08-09', 273, 'PENDING', NULL, 'N'),
(3210, '2021-08-09', 274, 'PENDING', NULL, 'N'),
(3211, '2021-08-09', 275, 'PENDING', NULL, 'N'),
(3212, '2021-08-09', 276, 'PENDING', NULL, 'N'),
(3213, '2021-08-09', 297, 'PENDING', NULL, 'N'),
(3214, '2021-08-09', 298, 'PENDING', NULL, 'N'),
(3215, '2021-08-09', 299, 'PENDING', NULL, 'N'),
(3216, '2021-08-09', 300, 'PENDING', NULL, 'N'),
(3217, '2021-08-09', 345, 'PENDING', NULL, 'N'),
(3218, '2021-08-09', 346, 'PENDING', NULL, 'N'),
(3219, '2021-08-09', 347, 'PENDING', NULL, 'N'),
(3220, '2021-08-09', 348, 'PENDING', NULL, 'N'),
(3221, '2021-08-09', 369, 'PENDING', NULL, 'N'),
(3222, '2021-08-09', 370, 'PENDING', NULL, 'N'),
(3223, '2021-08-09', 371, 'PENDING', NULL, 'N'),
(3224, '2021-08-09', 372, 'PENDING', NULL, 'N'),
(3225, '2021-08-09', 399, 'PENDING', NULL, 'N'),
(3226, '2021-08-09', 400, 'PENDING', NULL, 'N'),
(3227, '2021-08-09', 401, 'PENDING', NULL, 'N'),
(3228, '2021-08-09', 402, 'PENDING', NULL, 'N'),
(3229, '2021-08-09', 423, 'PENDING', NULL, 'N'),
(3230, '2021-08-09', 424, 'PENDING', NULL, 'N'),
(3231, '2021-08-09', 425, 'PENDING', NULL, 'N'),
(3232, '2021-08-09', 426, 'PENDING', NULL, 'N'),
(3233, '2021-08-09', 447, 'PENDING', NULL, 'N'),
(3234, '2021-08-09', 448, 'PENDING', NULL, 'N'),
(3235, '2021-08-09', 449, 'PENDING', NULL, 'N'),
(3236, '2021-08-09', 450, 'PENDING', NULL, 'N'),
(3237, '2021-08-09', 471, 'PENDING', NULL, 'N'),
(3238, '2021-08-09', 472, 'PENDING', NULL, 'N'),
(3239, '2021-08-09', 473, 'PENDING', NULL, 'N'),
(3240, '2021-08-09', 474, 'PENDING', NULL, 'N'),
(3241, '2021-08-09', 496, 'PENDING', NULL, 'N'),
(3242, '2021-08-09', 497, 'PENDING', NULL, 'N'),
(3243, '2021-08-09', 498, 'PENDING', NULL, 'N'),
(3244, '2021-08-09', 499, 'PENDING', NULL, 'N'),
(3245, '2021-08-09', 520, 'PENDING', NULL, 'N'),
(3246, '2021-08-09', 521, 'PENDING', NULL, 'N'),
(3247, '2021-08-09', 522, 'PENDING', NULL, 'N'),
(3248, '2021-08-09', 523, 'PENDING', NULL, 'N'),
(3249, '2021-08-09', 544, 'PENDING', NULL, 'N'),
(3250, '2021-08-09', 545, 'PENDING', NULL, 'N'),
(3251, '2021-08-09', 546, 'PENDING', NULL, 'N'),
(3252, '2021-08-09', 547, 'PENDING', NULL, 'N'),
(3253, '2021-08-09', 568, 'PENDING', NULL, 'N'),
(3254, '2021-08-09', 569, 'PENDING', NULL, 'N'),
(3255, '2021-08-09', 570, 'PENDING', NULL, 'N'),
(3256, '2021-08-09', 571, 'PENDING', NULL, 'N'),
(3257, '2021-08-10', 5, 'PENDING', NULL, 'N'),
(3258, '2021-08-10', 6, 'PENDING', NULL, 'N'),
(3259, '2021-08-10', 7, 'PENDING', NULL, 'N'),
(3260, '2021-08-10', 8, 'PENDING', NULL, 'N'),
(3261, '2021-08-10', 29, 'PENDING', NULL, 'N'),
(3262, '2021-08-10', 30, 'PENDING', NULL, 'N'),
(3263, '2021-08-10', 32, 'PENDING', NULL, 'N'),
(3264, '2021-08-10', 33, 'PENDING', NULL, 'N'),
(3265, '2021-08-10', 58, 'PENDING', NULL, 'N'),
(3266, '2021-08-10', 59, 'PENDING', NULL, 'N'),
(3267, '2021-08-10', 60, 'PENDING', NULL, 'N'),
(3268, '2021-08-10', 61, 'PENDING', NULL, 'N'),
(3269, '2021-08-10', 82, 'PENDING', NULL, 'N'),
(3270, '2021-08-10', 83, 'PENDING', NULL, 'N'),
(3271, '2021-08-10', 84, 'PENDING', NULL, 'N'),
(3272, '2021-08-10', 85, 'PENDING', NULL, 'N'),
(3273, '2021-08-10', 106, 'PENDING', NULL, 'N'),
(3274, '2021-08-10', 107, 'PENDING', NULL, 'N'),
(3275, '2021-08-10', 108, 'PENDING', NULL, 'N'),
(3276, '2021-08-10', 109, 'PENDING', NULL, 'N'),
(3277, '2021-08-10', 131, 'PENDING', NULL, 'N'),
(3278, '2021-08-10', 132, 'PENDING', NULL, 'N'),
(3279, '2021-08-10', 133, 'PENDING', NULL, 'N'),
(3280, '2021-08-10', 134, 'PENDING', NULL, 'N'),
(3281, '2021-08-10', 155, 'PENDING', NULL, 'N'),
(3282, '2021-08-10', 156, 'PENDING', NULL, 'N'),
(3283, '2021-08-10', 157, 'PENDING', NULL, 'N'),
(3284, '2021-08-10', 158, 'PENDING', NULL, 'N'),
(3285, '2021-08-10', 203, 'PENDING', NULL, 'N'),
(3286, '2021-08-10', 204, 'PENDING', NULL, 'N'),
(3287, '2021-08-10', 205, 'PENDING', NULL, 'N'),
(3288, '2021-08-10', 206, 'PENDING', NULL, 'N'),
(3289, '2021-08-10', 227, 'PENDING', NULL, 'N'),
(3290, '2021-08-10', 228, 'PENDING', NULL, 'N'),
(3291, '2021-08-10', 229, 'PENDING', NULL, 'N'),
(3292, '2021-08-10', 230, 'PENDING', NULL, 'N'),
(3293, '2021-08-10', 253, 'PENDING', NULL, 'N'),
(3294, '2021-08-10', 254, 'PENDING', NULL, 'N'),
(3295, '2021-08-10', 255, 'PENDING', NULL, 'N'),
(3296, '2021-08-10', 256, 'PENDING', NULL, 'N'),
(3297, '2021-08-10', 277, 'PENDING', NULL, 'N'),
(3298, '2021-08-10', 278, 'PENDING', NULL, 'N'),
(3299, '2021-08-10', 279, 'PENDING', NULL, 'N'),
(3300, '2021-08-10', 280, 'PENDING', NULL, 'N'),
(3301, '2021-08-10', 301, 'PENDING', NULL, 'N'),
(3302, '2021-08-10', 302, 'PENDING', NULL, 'N'),
(3303, '2021-08-10', 303, 'PENDING', NULL, 'N'),
(3304, '2021-08-10', 304, 'PENDING', NULL, 'N'),
(3305, '2021-08-10', 349, 'PENDING', NULL, 'N'),
(3306, '2021-08-10', 350, 'PENDING', NULL, 'N'),
(3307, '2021-08-10', 351, 'PENDING', NULL, 'N'),
(3308, '2021-08-10', 352, 'PENDING', NULL, 'N'),
(3309, '2021-08-10', 373, 'PENDING', NULL, 'N'),
(3310, '2021-08-10', 374, 'PENDING', NULL, 'N'),
(3311, '2021-08-10', 376, 'PENDING', NULL, 'N'),
(3312, '2021-08-10', 377, 'PENDING', NULL, 'N'),
(3313, '2021-08-10', 403, 'PENDING', NULL, 'N'),
(3314, '2021-08-10', 404, 'PENDING', NULL, 'N'),
(3315, '2021-08-10', 405, 'PENDING', NULL, 'N'),
(3316, '2021-08-10', 406, 'PENDING', NULL, 'N'),
(3317, '2021-08-10', 427, 'PENDING', NULL, 'N'),
(3318, '2021-08-10', 428, 'PENDING', NULL, 'N'),
(3319, '2021-08-10', 429, 'PENDING', NULL, 'N'),
(3320, '2021-08-10', 430, 'PENDING', NULL, 'N'),
(3321, '2021-08-10', 451, 'PENDING', NULL, 'N'),
(3322, '2021-08-10', 452, 'PENDING', NULL, 'N'),
(3323, '2021-08-10', 453, 'PENDING', NULL, 'N'),
(3324, '2021-08-10', 454, 'PENDING', NULL, 'N'),
(3325, '2021-08-10', 475, 'PENDING', NULL, 'N'),
(3326, '2021-08-10', 476, 'PENDING', NULL, 'N'),
(3327, '2021-08-10', 477, 'PENDING', NULL, 'N'),
(3328, '2021-08-10', 478, 'PENDING', NULL, 'N'),
(3329, '2021-08-10', 500, 'PENDING', NULL, 'N'),
(3330, '2021-08-10', 501, 'PENDING', NULL, 'N'),
(3331, '2021-08-10', 502, 'PENDING', NULL, 'N'),
(3332, '2021-08-10', 503, 'PENDING', NULL, 'N'),
(3333, '2021-08-10', 524, 'PENDING', NULL, 'N'),
(3334, '2021-08-10', 525, 'PENDING', NULL, 'N'),
(3335, '2021-08-10', 526, 'PENDING', NULL, 'N'),
(3336, '2021-08-10', 527, 'PENDING', NULL, 'N'),
(3337, '2021-08-10', 548, 'PENDING', NULL, 'N'),
(3338, '2021-08-10', 549, 'PENDING', NULL, 'N'),
(3339, '2021-08-10', 550, 'PENDING', NULL, 'N'),
(3340, '2021-08-10', 551, 'PENDING', NULL, 'N'),
(3341, '2021-08-10', 572, 'PENDING', NULL, 'N'),
(3342, '2021-08-10', 573, 'PENDING', NULL, 'N'),
(3343, '2021-08-10', 574, 'PENDING', NULL, 'N'),
(3344, '2021-08-10', 576, 'PENDING', NULL, 'N'),
(3345, '2021-08-11', 9, 'PENDING', NULL, 'N'),
(3346, '2021-08-11', 10, 'PENDING', NULL, 'N'),
(3347, '2021-08-11', 11, 'PENDING', NULL, 'N'),
(3348, '2021-08-11', 12, 'PENDING', NULL, 'N'),
(3349, '2021-08-11', 13, 'PENDING', NULL, 'N'),
(3350, '2021-08-11', 34, 'PENDING', NULL, 'N'),
(3351, '2021-08-11', 35, 'PENDING', NULL, 'N'),
(3352, '2021-08-11', 36, 'PENDING', NULL, 'N'),
(3353, '2021-08-11', 37, 'PENDING', NULL, 'N'),
(3354, '2021-08-11', 38, 'PENDING', NULL, 'N'),
(3355, '2021-08-11', 62, 'PENDING', NULL, 'N'),
(3356, '2021-08-11', 63, 'PENDING', NULL, 'N'),
(3357, '2021-08-11', 64, 'PENDING', NULL, 'N'),
(3358, '2021-08-11', 65, 'PENDING', NULL, 'N'),
(3359, '2021-08-11', 66, 'PENDING', NULL, 'N'),
(3360, '2021-08-11', 86, 'PENDING', NULL, 'N'),
(3361, '2021-08-11', 87, 'PENDING', NULL, 'N'),
(3362, '2021-08-11', 88, 'PENDING', NULL, 'N'),
(3363, '2021-08-11', 89, 'PENDING', NULL, 'N'),
(3364, '2021-08-11', 90, 'PENDING', NULL, 'N'),
(3365, '2021-08-11', 110, 'PENDING', NULL, 'N'),
(3366, '2021-08-11', 111, 'PENDING', NULL, 'N'),
(3367, '2021-08-11', 112, 'PENDING', NULL, 'N'),
(3368, '2021-08-11', 114, 'PENDING', NULL, 'N'),
(3369, '2021-08-11', 115, 'PENDING', NULL, 'N'),
(3370, '2021-08-11', 135, 'PENDING', NULL, 'N'),
(3371, '2021-08-11', 136, 'PENDING', NULL, 'N'),
(3372, '2021-08-11', 137, 'PENDING', NULL, 'N'),
(3373, '2021-08-11', 138, 'PENDING', NULL, 'N'),
(3374, '2021-08-11', 139, 'PENDING', NULL, 'N'),
(3375, '2021-08-11', 159, 'PENDING', NULL, 'N'),
(3376, '2021-08-11', 160, 'PENDING', NULL, 'N'),
(3377, '2021-08-11', 161, 'PENDING', NULL, 'N'),
(3378, '2021-08-11', 162, 'PENDING', NULL, 'N'),
(3379, '2021-08-11', 163, 'PENDING', NULL, 'N'),
(3380, '2021-08-11', 207, 'PENDING', NULL, 'N'),
(3381, '2021-08-11', 208, 'PENDING', NULL, 'N'),
(3382, '2021-08-11', 209, 'PENDING', NULL, 'N'),
(3383, '2021-08-11', 210, 'PENDING', NULL, 'N'),
(3384, '2021-08-11', 211, 'PENDING', NULL, 'N'),
(3385, '2021-08-11', 231, 'PENDING', NULL, 'N'),
(3386, '2021-08-11', 232, 'PENDING', NULL, 'N'),
(3387, '2021-08-11', 233, 'PENDING', NULL, 'N'),
(3388, '2021-08-11', 234, 'PENDING', NULL, 'N'),
(3389, '2021-08-11', 235, 'PENDING', NULL, 'N'),
(3390, '2021-08-11', 257, 'PENDING', NULL, 'N'),
(3391, '2021-08-11', 258, 'PENDING', NULL, 'N'),
(3392, '2021-08-11', 259, 'PENDING', NULL, 'N'),
(3393, '2021-08-11', 260, 'PENDING', NULL, 'N'),
(3394, '2021-08-11', 261, 'PENDING', NULL, 'N'),
(3395, '2021-08-11', 281, 'PENDING', NULL, 'N'),
(3396, '2021-08-11', 282, 'PENDING', NULL, 'N'),
(3397, '2021-08-11', 283, 'PENDING', NULL, 'N'),
(3398, '2021-08-11', 284, 'PENDING', NULL, 'N'),
(3399, '2021-08-11', 285, 'PENDING', NULL, 'N'),
(3400, '2021-08-11', 305, 'PENDING', NULL, 'N'),
(3401, '2021-08-11', 306, 'PENDING', NULL, 'N'),
(3402, '2021-08-11', 307, 'PENDING', NULL, 'N'),
(3403, '2021-08-11', 308, 'PENDING', NULL, 'N'),
(3404, '2021-08-11', 309, 'PENDING', NULL, 'N'),
(3405, '2021-08-11', 353, 'PENDING', NULL, 'N'),
(3406, '2021-08-11', 354, 'PENDING', NULL, 'N'),
(3407, '2021-08-11', 355, 'PENDING', NULL, 'N'),
(3408, '2021-08-11', 356, 'PENDING', NULL, 'N'),
(3409, '2021-08-11', 357, 'PENDING', NULL, 'N'),
(3410, '2021-08-11', 378, 'PENDING', NULL, 'N'),
(3411, '2021-08-11', 379, 'PENDING', NULL, 'N'),
(3412, '2021-08-11', 380, 'PENDING', NULL, 'N'),
(3413, '2021-08-11', 381, 'PENDING', NULL, 'N'),
(3414, '2021-08-11', 382, 'PENDING', NULL, 'N'),
(3415, '2021-08-11', 407, 'PENDING', NULL, 'N'),
(3416, '2021-08-11', 408, 'PENDING', NULL, 'N'),
(3417, '2021-08-11', 409, 'PENDING', NULL, 'N'),
(3418, '2021-08-11', 410, 'PENDING', NULL, 'N'),
(3419, '2021-08-11', 411, 'PENDING', NULL, 'N'),
(3420, '2021-08-11', 431, 'PENDING', NULL, 'N'),
(3421, '2021-08-11', 432, 'PENDING', NULL, 'N'),
(3422, '2021-08-11', 433, 'PENDING', NULL, 'N'),
(3423, '2021-08-11', 434, 'PENDING', NULL, 'N'),
(3424, '2021-08-11', 435, 'PENDING', NULL, 'N'),
(3425, '2021-08-11', 455, 'PENDING', NULL, 'N'),
(3426, '2021-08-11', 456, 'PENDING', NULL, 'N'),
(3427, '2021-08-11', 457, 'PENDING', NULL, 'N'),
(3428, '2021-08-11', 458, 'PENDING', NULL, 'N'),
(3429, '2021-08-11', 459, 'PENDING', NULL, 'N'),
(3430, '2021-08-11', 479, 'PENDING', NULL, 'N'),
(3431, '2021-08-11', 480, 'PENDING', NULL, 'N'),
(3432, '2021-08-11', 481, 'PENDING', NULL, 'N'),
(3433, '2021-08-11', 482, 'PENDING', NULL, 'N'),
(3434, '2021-08-11', 483, 'PENDING', NULL, 'N'),
(3435, '2021-08-11', 504, 'PENDING', NULL, 'N'),
(3436, '2021-08-11', 505, 'PENDING', NULL, 'N'),
(3437, '2021-08-11', 506, 'PENDING', NULL, 'N'),
(3438, '2021-08-11', 507, 'PENDING', NULL, 'N'),
(3439, '2021-08-11', 508, 'PENDING', NULL, 'N'),
(3440, '2021-08-11', 528, 'PENDING', NULL, 'N'),
(3441, '2021-08-11', 529, 'PENDING', NULL, 'N'),
(3442, '2021-08-11', 530, 'PENDING', NULL, 'N'),
(3443, '2021-08-11', 531, 'PENDING', NULL, 'N'),
(3444, '2021-08-11', 532, 'PENDING', NULL, 'N'),
(3445, '2021-08-11', 552, 'PENDING', NULL, 'N'),
(3446, '2021-08-11', 553, 'PENDING', NULL, 'N'),
(3447, '2021-08-11', 554, 'PENDING', NULL, 'N'),
(3448, '2021-08-11', 555, 'PENDING', NULL, 'N'),
(3449, '2021-08-11', 556, 'PENDING', NULL, 'N'),
(3450, '2021-08-11', 577, 'PENDING', NULL, 'N'),
(3451, '2021-08-11', 578, 'PENDING', NULL, 'N'),
(3452, '2021-08-11', 579, 'PENDING', NULL, 'N'),
(3453, '2021-08-11', 580, 'PENDING', NULL, 'N'),
(3454, '2021-08-11', 581, 'PENDING', NULL, 'N'),
(3455, '2021-08-12', 14, 'DIGANTIKAN', 'sholat jum\'at ', 'N'),
(3456, '2021-08-12', 15, 'DIGANTIKAN', 'kosong', 'N'),
(3457, '2021-08-12', 16, 'HADIR', 'toleransi agama ', 'N'),
(3458, '2021-08-12', 17, 'DIGANTIKAN', '-', 'N'),
(3459, '2021-08-12', 39, 'PENDING', NULL, 'N'),
(3460, '2021-08-12', 40, 'PENDING', NULL, 'N'),
(3461, '2021-08-12', 41, 'PENDING', NULL, 'N'),
(3462, '2021-08-12', 42, 'PENDING', NULL, 'N'),
(3463, '2021-08-12', 67, 'PENDING', NULL, 'N'),
(3464, '2021-08-12', 68, 'PENDING', NULL, 'N'),
(3465, '2021-08-12', 69, 'PENDING', NULL, 'N'),
(3466, '2021-08-12', 70, 'PENDING', NULL, 'N'),
(3467, '2021-08-12', 91, 'PENDING', NULL, 'N'),
(3468, '2021-08-12', 92, 'PENDING', NULL, 'N'),
(3469, '2021-08-12', 93, 'PENDING', NULL, 'N'),
(3470, '2021-08-12', 94, 'PENDING', NULL, 'N'),
(3471, '2021-08-12', 116, 'PENDING', NULL, 'N'),
(3472, '2021-08-12', 117, 'PENDING', NULL, 'N'),
(3473, '2021-08-12', 118, 'PENDING', NULL, 'N'),
(3474, '2021-08-12', 119, 'PENDING', NULL, 'N'),
(3475, '2021-08-12', 140, 'PENDING', NULL, 'N'),
(3476, '2021-08-12', 141, 'PENDING', NULL, 'N'),
(3477, '2021-08-12', 142, 'PENDING', NULL, 'N'),
(3478, '2021-08-12', 143, 'PENDING', NULL, 'N'),
(3479, '2021-08-12', 164, 'PENDING', NULL, 'N'),
(3480, '2021-08-12', 165, 'PENDING', NULL, 'N'),
(3481, '2021-08-12', 166, 'PENDING', NULL, 'N'),
(3482, '2021-08-12', 167, 'PENDING', NULL, 'N'),
(3483, '2021-08-12', 212, 'PENDING', NULL, 'N'),
(3484, '2021-08-12', 213, 'PENDING', NULL, 'N'),
(3485, '2021-08-12', 214, 'PENDING', NULL, 'N'),
(3486, '2021-08-12', 215, 'PENDING', NULL, 'N'),
(3487, '2021-08-12', 236, 'PENDING', NULL, 'N'),
(3488, '2021-08-12', 237, 'PENDING', NULL, 'N'),
(3489, '2021-08-12', 238, 'PENDING', NULL, 'N'),
(3490, '2021-08-12', 239, 'PENDING', NULL, 'N'),
(3491, '2021-08-12', 262, 'PENDING', NULL, 'N'),
(3492, '2021-08-12', 263, 'PENDING', NULL, 'N'),
(3493, '2021-08-12', 264, 'PENDING', NULL, 'N'),
(3494, '2021-08-12', 265, 'PENDING', NULL, 'N'),
(3495, '2021-08-12', 286, 'PENDING', NULL, 'N'),
(3496, '2021-08-12', 287, 'PENDING', NULL, 'N'),
(3497, '2021-08-12', 288, 'PENDING', NULL, 'N'),
(3498, '2021-08-12', 289, 'PENDING', NULL, 'N'),
(3499, '2021-08-12', 310, 'PENDING', NULL, 'N'),
(3500, '2021-08-12', 311, 'PENDING', NULL, 'N'),
(3501, '2021-08-12', 312, 'PENDING', NULL, 'N'),
(3502, '2021-08-12', 313, 'PENDING', NULL, 'N'),
(3503, '2021-08-12', 358, 'PENDING', NULL, 'N'),
(3504, '2021-08-12', 359, 'PENDING', NULL, 'N'),
(3505, '2021-08-12', 360, 'PENDING', NULL, 'N'),
(3506, '2021-08-12', 361, 'PENDING', NULL, 'N'),
(3507, '2021-08-12', 383, 'PENDING', NULL, 'N'),
(3508, '2021-08-12', 384, 'PENDING', NULL, 'N'),
(3509, '2021-08-12', 385, 'PENDING', NULL, 'N'),
(3510, '2021-08-12', 386, 'PENDING', NULL, 'N'),
(3511, '2021-08-12', 412, 'PENDING', NULL, 'N'),
(3512, '2021-08-12', 413, 'PENDING', NULL, 'N'),
(3513, '2021-08-12', 414, 'PENDING', NULL, 'N'),
(3514, '2021-08-12', 415, 'PENDING', NULL, 'N'),
(3515, '2021-08-12', 436, 'PENDING', NULL, 'N'),
(3516, '2021-08-12', 437, 'PENDING', NULL, 'N'),
(3517, '2021-08-12', 438, 'PENDING', NULL, 'N'),
(3518, '2021-08-12', 439, 'PENDING', NULL, 'N'),
(3519, '2021-08-12', 460, 'PENDING', NULL, 'N'),
(3520, '2021-08-12', 461, 'PENDING', NULL, 'N'),
(3521, '2021-08-12', 462, 'PENDING', NULL, 'N'),
(3522, '2021-08-12', 463, 'PENDING', NULL, 'N'),
(3523, '2021-08-12', 484, 'PENDING', NULL, 'N'),
(3524, '2021-08-12', 485, 'PENDING', NULL, 'N'),
(3525, '2021-08-12', 487, 'PENDING', NULL, 'N'),
(3526, '2021-08-12', 488, 'PENDING', NULL, 'N'),
(3527, '2021-08-12', 509, 'PENDING', NULL, 'N'),
(3528, '2021-08-12', 510, 'PENDING', NULL, 'N'),
(3529, '2021-08-12', 511, 'PENDING', NULL, 'N'),
(3530, '2021-08-12', 512, 'PENDING', NULL, 'N'),
(3531, '2021-08-12', 533, 'PENDING', NULL, 'N'),
(3532, '2021-08-12', 534, 'PENDING', NULL, 'N'),
(3533, '2021-08-12', 535, 'PENDING', NULL, 'N'),
(3534, '2021-08-12', 536, 'PENDING', NULL, 'N'),
(3535, '2021-08-12', 557, 'PENDING', NULL, 'N'),
(3536, '2021-08-12', 558, 'PENDING', NULL, 'N'),
(3537, '2021-08-12', 559, 'PENDING', NULL, 'N'),
(3538, '2021-08-12', 560, 'PENDING', NULL, 'N'),
(3539, '2021-08-12', 582, 'PENDING', NULL, 'N'),
(3540, '2021-08-12', 583, 'PENDING', NULL, 'N'),
(3541, '2021-08-12', 584, 'PENDING', NULL, 'N'),
(3542, '2021-08-12', 585, 'PENDING', NULL, 'N');

-- --------------------------------------------------------

--
-- Table structure for table `jurusan`
--

CREATE TABLE `jurusan` (
  `id` int(11) NOT NULL,
  `nama` varchar(50) DEFAULT NULL
) ENGINE=InnoDB DEFAULT CHARSET=latin1;

--
-- Dumping data for table `jurusan`
--

INSERT INTO `jurusan` (`id`, `nama`) VALUES
(1, 'Bisnis Kontruksi dan Properti'),
(2, 'Desain Pemodelan dan Informasi Bangunan'),
(3, 'Teknik Instalasi Tenaga Listrik'),
(4, 'Teknik Pemesinan'),
(5, 'Teknik Pengelasan'),
(6, 'Teknik Kendaraan Ringan'),
(7, 'Teknik Audio Video / Elektronika Industri'),
(9, 'Teknik Komputer dan Jaringan');

-- --------------------------------------------------------

--
-- Table structure for table `kelas`
--

CREATE TABLE `kelas` (
  `id` int(11) NOT NULL,
  `jurusan_id` tinyint(4) DEFAULT NULL,
  `nama_kelas` varchar(50) DEFAULT NULL
) ENGINE=InnoDB DEFAULT CHARSET=latin1;

--
-- Dumping data for table `kelas`
--

INSERT INTO `kelas` (`id`, `jurusan_id`, `nama_kelas`) VALUES
(1, 1, 'X BKP'),
(2, 2, 'X DPIB'),
(3, 3, 'X TITL'),
(4, 4, 'X TPM'),
(5, 5, 'X LAS'),
(6, 6, 'X TKR'),
(7, 7, 'X TAV/EI'),
(9, 9, 'X TKJ'),
(10, 1, 'XI BKP/LAS'),
(11, 2, 'XI DPIB'),
(12, 3, 'XI TITL'),
(13, 4, 'XI TPM'),
(15, 6, 'XI TKR'),
(16, 7, 'XI TAV/EI'),
(18, 9, 'XI TKJ'),
(19, 1, 'XII BKP/LAS'),
(20, 2, 'XII DPIB'),
(21, 3, 'XII TITL'),
(22, 4, 'XII TPM'),
(24, 6, 'XII TKR'),
(25, 7, 'XII TAV/EI'),
(27, 9, 'XII TKJ');

-- --------------------------------------------------------

--
-- Table structure for table `matapelajaran`
--

CREATE TABLE `matapelajaran` (
  `id` int(11) NOT NULL,
  `nama` varchar(50) DEFAULT NULL,
  `logo` varchar(150) DEFAULT NULL
) ENGINE=InnoDB DEFAULT CHARSET=latin1;

--
-- Dumping data for table `matapelajaran`
--

INSERT INTO `matapelajaran` (`id`, `nama`, `logo`) VALUES
(1, 'Bahasa Indonesia', 'ec0d5-download.jpeg'),
(2, 'Matematika', 'b462b-download-1-.jpeg'),
(3, 'Sejarah', 'ea6ff-sejarah.png'),
(4, 'Bahasa Inggris', 'd8dce-tuition_bahasa_inggeris_damansara_damai_1569398077_652d617d_progressive.jpg'),
(5, 'PKN', 'b5dbe-pendidikan-kewarganegaraan.jpg'),
(6, 'Agama', '646c5-unnamed.png'),
(7, 'Ekonomi', '3e8f2-image001.jpg'),
(8, 'Seni Budaya', 'c3422-contoh-soal-uas-seni-budaya-kelas-11-semester-1.png'),
(9, 'Penjaskes', '0bb40-1509726320_or.jpg'),
(10, 'Produk Kreatif dan Kewirausahaan', 'LOGO-SOSLING-DAN-KWU-02.png'),
(11, 'PKKB', NULL),
(12, 'Bahasa Daerah', '9c954-rpp-bahasa-jawa-735x400.jpeg');

-- --------------------------------------------------------

--
-- Table structure for table `notifikasi`
--

CREATE TABLE `notifikasi` (
  `id` int(11) NOT NULL,
  `jenis` enum('JURNAL') DEFAULT NULL
) ENGINE=InnoDB DEFAULT CHARSET=latin1;

-- --------------------------------------------------------

--
-- Table structure for table `pegawai`
--

CREATE TABLE `pegawai` (
  `id` int(11) NOT NULL,
  `kode_pegawai` varchar(50) DEFAULT NULL,
  `jabatan` enum('GURU','KASI','KASEK') DEFAULT NULL,
  `nuptk` varchar(50) DEFAULT NULL,
  `password` varchar(255) DEFAULT NULL,
  `nama_lengkap` varchar(50) DEFAULT NULL,
  `jk` enum('L','P') DEFAULT NULL,
  `alamat` varchar(250) DEFAULT NULL,
  `email` varchar(50) DEFAULT NULL,
  `telp` varchar(50) DEFAULT NULL,
  `foto` varchar(50) DEFAULT NULL,
  `aktif` enum('YA','TIDAK') DEFAULT 'YA',
  `token_firebase` varchar(250) DEFAULT NULL,
  `token_login` varchar(50) DEFAULT NULL,
  `tgl_update` datetime DEFAULT NULL
) ENGINE=InnoDB DEFAULT CHARSET=latin1;

--
-- Dumping data for table `pegawai`
--

INSERT INTO `pegawai` (`id`, `kode_pegawai`, `jabatan`, `nuptk`, `password`, `nama_lengkap`, `jk`, `alamat`, `email`, `telp`, `foto`, `aktif`, `token_firebase`, `token_login`, `tgl_update`) VALUES
(1, NULL, 'GURU', '1235747649200005', '758dafbad774c62b3e2c8cd384218af3', 'Agung Setiyono', 'L', NULL, NULL, NULL, NULL, NULL, NULL, NULL, '2021-06-24 12:34:10'),
(2, NULL, 'GURU', '1840741642200003', 'e45ca47f37ef73df1c1fe5e0bf570393', 'Agus Darmo Susanto', 'L', NULL, NULL, NULL, NULL, NULL, NULL, NULL, '2021-06-24 12:35:07'),
(3, NULL, 'GURU', '1334746648200004', 'd86a1e21f38a2071592b820c63484b78', 'Agus Hari Pujianto', 'L', NULL, NULL, NULL, NULL, NULL, NULL, NULL, '2021-06-24 12:36:08'),
(4, NULL, 'GURU', '1860750652200042', '18973dff126a21009a08aaf606f91618', 'Agus Santoso', 'L', NULL, NULL, NULL, NULL, NULL, NULL, NULL, '2021-06-24 12:36:50'),
(5, NULL, 'GURU', '1633748650200003', '34e114bdaa80405c0dc3459fcb1a1a05', 'Aida Handayani', 'P', NULL, NULL, NULL, NULL, NULL, NULL, NULL, '2021-06-24 12:37:23'),
(6, NULL, 'GURU', '3535753653300003', '645328bfae85a6f8e99b3ff18ae0e4c6', 'Alfi Rohmah', 'P', NULL, NULL, NULL, NULL, NULL, NULL, NULL, '2021-06-24 12:40:02'),
(7, NULL, 'GURU', '2643742644200004', 'b51268a5bf88f5e65373de619c777967', 'Ali Hidayadi', 'L', NULL, NULL, NULL, NULL, NULL, NULL, NULL, '2021-06-24 12:40:48'),
(8, NULL, 'GURU', '5341761663200003', '0a4dff461437677f3900e42633410f63', 'Andra Pipit Yudianto', 'L', NULL, NULL, NULL, NULL, NULL, NULL, NULL, '2021-06-24 12:41:46'),
(9, NULL, 'GURU', '6143744646300013', 'edc96d077aa0f9f8a361d121e3575a68', 'Anna Susanti', 'P', NULL, NULL, NULL, NULL, NULL, NULL, NULL, '2021-06-24 12:42:40'),
(10, NULL, 'GURU', '4336759660200003', '36a185542f5d6f11545513650d2feb9c', 'Apridiantono', 'L', NULL, NULL, NULL, NULL, NULL, NULL, NULL, '2021-06-24 12:45:12'),
(12, NULL, 'GURU', '1033761663200004', '061ad32a329628232b4b535e1f4ff550', 'Ari Suryadi', 'L', NULL, NULL, NULL, NULL, NULL, NULL, NULL, '2021-06-24 12:46:35'),
(13, NULL, 'GURU', '1734738639200012', '337449f612ff415d9ec015bbfbcf2d79', 'Bambang Nilatama', 'L', NULL, NULL, NULL, NULL, NULL, NULL, NULL, '2021-06-24 12:48:06'),
(14, NULL, 'GURU', '6444759660200002', '2608f715491e5f7c8726a96184f65285', 'Bambang Sulistio', 'L', NULL, NULL, NULL, NULL, NULL, NULL, NULL, '2021-06-24 12:48:53'),
(15, NULL, 'GURU', '5052742644200033', '2735d73041f4f4f7fba6c3a1cecba11b', 'Basuki', 'L', NULL, NULL, NULL, NULL, NULL, NULL, NULL, '2021-06-24 12:49:27'),
(16, NULL, 'GURU', '1956744647200042', '21a1dbd16cbf09573eac1a76d0aaeed3', 'Bunawi', 'L', NULL, NULL, NULL, NULL, NULL, NULL, NULL, '2021-06-24 12:49:58'),
(17, NULL, 'GURU', '1635757658200003', 'e8a2f764745a0b9b22741987dbcaba27', 'Dadang Ferdian', 'L', NULL, NULL, NULL, NULL, NULL, NULL, NULL, '2021-06-24 12:50:25'),
(18, NULL, 'GURU', '1843747649200003', '7bb42c9b783b5da27b7de5c5c435a846', 'Didik Firmanto', 'L', NULL, NULL, NULL, NULL, NULL, NULL, NULL, '2021-06-24 12:51:00'),
(19, NULL, 'GURU', '9742758659300072', '02e1032d8a8b90a2209e89eaed333c4d', 'Dyah Sunestri', 'P', NULL, NULL, NULL, NULL, NULL, NULL, NULL, '2021-06-24 12:52:19'),
(20, NULL, 'GURU', '1139757659300005', '5e3409e615cfebc9370619c2ab26a9b6', 'Dyah Yuliana', 'P', NULL, NULL, NULL, NULL, NULL, NULL, NULL, '2021-06-24 12:51:54'),
(21, NULL, 'GURU', '8133761663200023', 'b570da08e35c3267e57812f92ba01b53', 'Edy Purwanto', 'L', NULL, NULL, NULL, NULL, NULL, NULL, NULL, '2021-06-24 12:53:24'),
(22, NULL, 'GURU', '1144737638200005', '49c981b42309a08992186336a6bde4ea', 'Edy Suyono', 'L', NULL, NULL, NULL, NULL, NULL, NULL, NULL, '2021-06-24 12:53:50'),
(23, NULL, 'GURU', '0952763664200022', 'ddfce5cfba9e25cadb9e361b656cdae4', 'Eko Hari Santoso', 'L', NULL, NULL, NULL, NULL, NULL, NULL, NULL, '2021-06-24 12:54:15'),
(24, NULL, 'GURU', '6638761663200002', '19feff9cf2b6786d04a314e2c12adb69', 'Ekwandoko', 'L', NULL, NULL, NULL, NULL, NULL, NULL, NULL, '2021-06-24 12:54:44'),
(25, NULL, 'GURU', '3843750653300002', '4e5c8e74273a6704079f9edc07d42949', 'Elok Faiqotul Himah', 'P', NULL, NULL, NULL, NULL, NULL, NULL, NULL, '2021-06-24 12:55:15'),
(26, NULL, 'GURU', '1243749652300004', '1eb8ced58bffffffb9fdd19ce5d2057f', 'Eni Khoiriyah', 'P', NULL, NULL, NULL, NULL, NULL, NULL, NULL, '2021-06-24 12:55:41'),
(27, NULL, 'GURU', '9752745647300072', 'f68baf34f2dc1d98add34d802a6fe9ef', 'Eni Sugiarti', 'P', NULL, NULL, NULL, NULL, NULL, NULL, NULL, '2021-06-24 12:56:10'),
(28, NULL, 'GURU', '2835759660300003', 'c360dd0eac072eb9623c56e7642dc491', 'Erma Wijayanti	', 'P', NULL, NULL, NULL, NULL, NULL, NULL, NULL, '2021-06-24 12:56:34'),
(29, NULL, 'GURU', '1936747649200003', '3c6face13c8550434faece9c0e837b07', 'Fatwari	', 'L', NULL, NULL, NULL, NULL, NULL, NULL, NULL, '2021-06-24 12:57:02'),
(30, NULL, 'GURU', '1539755657300004', '5d68244ab73400244f60e75baf0ec38c', 'Fri Endang Setyo Isnani', 'P', NULL, NULL, NULL, NULL, NULL, NULL, NULL, '2021-06-24 12:57:34'),
(31, NULL, 'GURU', '1242759661200004', '4e777eb82c5a6073882009649b203967', 'Gedeon Ino Setiawan', 'L', NULL, NULL, NULL, NULL, NULL, NULL, NULL, '2021-06-24 12:59:51'),
(32, NULL, 'GURU', '8846766667210082', '4a4653a891e33a7104a86a06f6dc23b7', 'Gladis Nadya Darma', 'P', NULL, NULL, NULL, NULL, NULL, NULL, NULL, '2021-06-24 13:00:19'),
(33, NULL, 'GURU', '7436741644200002', 'e0b40ba774c9402b3cf12a97afea635b', 'Guntur', 'L', NULL, NULL, NULL, NULL, NULL, NULL, NULL, '2021-06-24 13:00:51'),
(34, NULL, 'GURU', '6048737639200023', '79bde8b103d72f850e163bb364071a51', 'H. Masduki', 'L', NULL, NULL, NULL, NULL, NULL, NULL, NULL, '2021-06-24 13:01:16'),
(35, NULL, 'GURU', '8234742644200003', 'fb68c524769f2970f7a103641e3ced21', 'Hadi Priyono', 'L', NULL, NULL, NULL, NULL, NULL, NULL, NULL, '2021-06-24 13:01:38'),
(36, NULL, 'GURU', '1933741642200004', '2b7a7b27048b182e28283f983a718b48', 'Hafidh', 'L', NULL, NULL, NULL, NULL, NULL, NULL, NULL, '2021-06-24 13:02:02'),
(37, NULL, 'GURU', '2839746648300004', '2c865924d56fedfa183c13ebba0d8b41', 'Hanipah Prayitnaningtyas	', 'P', NULL, NULL, NULL, NULL, NULL, NULL, NULL, '2021-06-24 13:02:39'),
(38, NULL, 'GURU', '2742752653200004', '5981b0eece592d81c56670f54d98c892', 'Hari Wahyudi	', 'L', NULL, NULL, NULL, NULL, NULL, NULL, NULL, '2021-06-24 13:03:01'),
(39, NULL, 'GURU', '2544758659300082', 'b30e8725293efc9897fcde8bdcb8050e', 'Hendrica Etmi Primarini, S.pd', 'P', NULL, NULL, NULL, NULL, NULL, NULL, NULL, '2021-06-24 13:03:28'),
(40, NULL, 'GURU', '0841762663210142', '740087604dcaae0b3fcfdbb9d27fd97f', 'Herdian Wijayanti	', 'P', NULL, NULL, NULL, NULL, NULL, NULL, NULL, '2021-06-24 13:04:04'),
(41, NULL, 'GURU', '1937740641200003', 'd3afb38f26d438ec8e58ef19016fc38a', 'Heru Supriyono', 'L', NULL, NULL, NULL, NULL, NULL, NULL, NULL, '2021-06-24 13:05:00'),
(42, NULL, 'GURU', '9736741642300082', '98b0e925a51cd7dfdf327c7798d153bb', 'Hj. Anies Hadiyati', 'P', NULL, NULL, NULL, NULL, NULL, NULL, NULL, '2021-06-24 13:05:24'),
(43, NULL, 'GURU', '0441759660300022', '42ed3bfef082b4c5f93d1055cbd5ead6', 'Husnul Chotimah', 'P', NULL, NULL, NULL, NULL, NULL, NULL, NULL, '2021-06-24 13:05:44'),
(44, NULL, 'GURU', '4235748649200013', 'f37d4477c96f28eaad035642d88c03be', 'I Wayan Dauh', 'L', NULL, NULL, NULL, NULL, NULL, NULL, NULL, '2021-06-24 13:06:03'),
(45, NULL, 'GURU', '1743747649300004', '48fe7da04b83b998ce7b2b688cb72464', 'Ida Royani', 'P', NULL, NULL, NULL, NULL, NULL, NULL, NULL, '2021-06-24 13:06:25'),
(46, NULL, 'GURU', '6452753654200002', '431f5c2625c889a1a38463b14a5b70f8', 'Ignatius Nur Pramuji', 'L', NULL, NULL, NULL, NULL, NULL, NULL, NULL, '2021-06-24 13:06:43'),
(47, NULL, 'GURU', '1333750651300004', '07e1599f105a2d0f8b2d9bbedd6552a8', 'Iin Ita Indaryanti', 'P', NULL, NULL, NULL, NULL, NULL, NULL, NULL, '2021-06-24 13:07:09'),
(48, NULL, 'GURU', '4552766667210033', 'e6d8fde856e23fdfd5856a4d45bf2be4', 'Ika Budi Tri Kumalasari', 'P', NULL, NULL, NULL, NULL, NULL, NULL, NULL, '2021-06-24 13:08:04'),
(49, NULL, 'GURU', '7441744644200002', '221685ac6cd2afb661f9694b49f049bb', 'Imam Pribadi', 'L', NULL, NULL, NULL, NULL, NULL, NULL, NULL, '2021-06-24 13:08:26'),
(50, NULL, 'GURU', '4953743644200022', '734a8ff23ce4568a80e451362b131a70', 'Imam Romli', 'L', NULL, NULL, NULL, NULL, NULL, NULL, NULL, '2021-06-24 13:08:44'),
(51, NULL, 'GURU', '7237741643200013', 'fc6b5f2c938a5e543f3531e38af524b6', 'Irawan', 'L', NULL, NULL, NULL, NULL, NULL, NULL, NULL, '2021-06-24 13:09:07'),
(52, NULL, 'GURU', '1536749654200003', '8f0c38b4363a1e7300acb5322a3ef621', 'Istisholi', 'L', NULL, NULL, NULL, NULL, NULL, NULL, NULL, '2021-06-24 13:09:31'),
(53, NULL, 'GURU', '1038753655300005', 'f247239b87805ebfb2eb013f688d1ac6', 'Itmi Iswulandari', 'P', NULL, NULL, NULL, NULL, NULL, NULL, NULL, '2021-06-24 13:10:23'),
(54, NULL, 'GURU', '1439760662200004', '66d427e60a8daac524c4c83aeaaca061', 'Iwan Sapta Yulianto', 'L', NULL, NULL, NULL, NULL, NULL, NULL, NULL, '2021-06-24 13:10:48'),
(55, NULL, 'GURU', '3558744646300042', '9a8068cbe0d32b201bf479879cfc0720', 'Joedarini', 'P', NULL, NULL, NULL, NULL, NULL, NULL, NULL, '2021-06-24 13:11:18'),
(56, NULL, 'GURU', '1244743646200004', '22bf0693d5be1fa2314a54d627832671', 'Kaprawi', 'L', NULL, NULL, NULL, NULL, NULL, NULL, NULL, '2021-06-24 13:11:50'),
(57, NULL, 'GURU', '3839743646200003', 'f8212d5ce981dc34bff0e1dbcd41b07c', 'Kasiyanto', 'L', NULL, NULL, NULL, NULL, NULL, NULL, NULL, '2021-06-24 13:12:11'),
(58, NULL, 'GURU', '5443747649200013', 'a8157fc7cf93a47cb29d5558d008f9bf', 'Kusnadi', 'L', NULL, NULL, NULL, NULL, NULL, NULL, NULL, '2021-06-24 13:12:38'),
(59, NULL, 'GURU', '1642762663200004', '700c51ae5284b2e72c20f4222a52d995', 'Lexi Iwan Putra', 'L', NULL, NULL, NULL, NULL, NULL, NULL, NULL, '2021-06-24 13:13:03'),
(60, NULL, 'GURU', '9935754655300022', '409f134b77ae5e9650216c79440d25c7', 'Lilik Istianah', 'P', NULL, NULL, NULL, NULL, NULL, NULL, NULL, '2021-06-24 13:13:26'),
(61, NULL, 'GURU', '2344744646300005', '5eb4509cf9eb7c389e52acd8671eab33', 'Lilis Riyantin', 'P', NULL, NULL, NULL, NULL, NULL, NULL, NULL, '2021-06-24 13:14:12'),
(62, NULL, 'GURU', '5734763666200012', 'f1ee41d17ba3ac594dbe0aa54c36a7a8', 'M. Arif Rahman	', 'L', NULL, NULL, NULL, NULL, NULL, NULL, NULL, '2021-06-24 13:14:32'),
(63, NULL, 'GURU', '6042743646200013', '32e61fc2ff558ed75ba06364b8eb927e', 'M. Hariono	', 'L', NULL, NULL, NULL, NULL, NULL, NULL, NULL, '2021-06-24 13:14:49'),
(64, NULL, 'GURU', '7441737640300003', '3598a098f4e0573e37e66ff2d3df1207', 'Maisyaroh Aziz', 'P', NULL, NULL, NULL, NULL, NULL, NULL, NULL, '2021-06-24 13:15:08'),
(65, NULL, 'GURU', '7363759661200023', 'de2b41b64ae5b91a03b4aaaea2314bd9', 'Mashuri Kurniawan', 'L', NULL, NULL, NULL, NULL, NULL, NULL, NULL, '2021-06-24 13:15:31'),
(66, NULL, 'GURU', '0040754656300013', 'aa812848014fee9545794a0eaae67d39', 'Masruroh', 'P', NULL, NULL, NULL, NULL, NULL, NULL, NULL, '2021-06-24 13:15:57'),
(67, NULL, 'GURU', '4141765666130133', 'ed5ae24c765fcf67f6a4e13091e546c9', 'Misbahus Surur', 'L', NULL, NULL, NULL, NULL, NULL, NULL, NULL, '2021-06-24 13:16:20'),
(68, NULL, 'GURU', '1838748650300003', '7ca69529d1fe52ccfbbe5ba4232c082c', 'Miyatiwi', 'P', NULL, NULL, NULL, NULL, NULL, NULL, NULL, '2021-06-24 13:16:40'),
(69, NULL, 'GURU', '1760739641200022', '7a4dfba1de143466d16deffdf9bba020', 'Moh. Natsir', 'L', NULL, NULL, NULL, NULL, NULL, NULL, NULL, '2021-06-24 13:17:01'),
(70, NULL, 'GURU', '9842747649200012', 'e8cc6b5298d074773c5620df581bcba7', 'Moh. Zaenuri', 'L', NULL, NULL, NULL, NULL, NULL, NULL, NULL, '2021-06-24 13:17:20'),
(71, NULL, 'GURU', '1544761663200004', 'db5d4cf764c8614ec6bd1104f5de145b', 'Mohammad Adhi Prasetya', 'L', NULL, NULL, NULL, NULL, NULL, NULL, NULL, '2021-06-24 13:17:43'),
(72, NULL, 'GURU', '0942762663200022', 'a0dd0c6018d1ff6034d0a1b51142f687', 'Mohammad Affan Abdurahman', 'L', NULL, NULL, NULL, NULL, NULL, NULL, NULL, '2021-06-24 13:18:05'),
(73, NULL, 'GURU', '6036742643200013', 'c1c258f0ed7df9e7a40ec966d1968b63', 'Mukayin', 'L', NULL, NULL, NULL, NULL, NULL, NULL, NULL, '2021-06-24 13:18:24'),
(74, NULL, 'GURU', '0640741644200012', '7e65e494efc73fdc3c6cfbb8c309bd76', 'Mulyono', 'L', NULL, NULL, NULL, NULL, NULL, NULL, NULL, '2021-06-24 13:18:41'),
(75, NULL, 'GURU', '1040752654200005', '8f14838bac7448966f9a2f4f82be21a3', 'Muri Kuwandoko	', 'L', NULL, NULL, NULL, NULL, NULL, NULL, NULL, '2021-06-24 13:18:58'),
(76, NULL, 'GURU', '2951761663200022', '2fe298e61d68abbba13a1be84fc946a3', 'Mursalin', 'L', NULL, NULL, NULL, NULL, NULL, NULL, NULL, '2021-06-24 13:19:16'),
(77, NULL, 'GURU', '1143751653200004', 'd73584c8239b18d26e1a3e09ff1cc137', 'Mustakim Hermawan', 'L', NULL, NULL, NULL, NULL, NULL, NULL, NULL, '2021-06-24 13:19:41'),
(78, NULL, 'GURU', '6936750652300092', '960aa86a07ef708748fb76d80655a800', 'Ni Gusti Ayu Sri Widayawati', 'P', NULL, NULL, NULL, NULL, NULL, NULL, NULL, '2021-06-24 13:20:02'),
(79, NULL, 'GURU', '9757753654300022', '9f14912abaaf5ffaded3b0c1ba52c3b7', 'Nunik Endrowati', 'P', NULL, NULL, NULL, NULL, NULL, NULL, NULL, '2021-06-24 13:20:20'),
(80, NULL, 'GURU', '1644745647200004', '3deb739ccb65d6a8a8bf177d8a44ace1', 'Nur Aminoto', 'L', NULL, NULL, NULL, NULL, NULL, NULL, NULL, '2021-06-24 13:21:11'),
(81, NULL, 'GURU', '0738749652200012', '802ea33c63095037b90dd7265d728d67', 'Nur Patah', 'L', NULL, NULL, NULL, NULL, NULL, NULL, NULL, '2021-06-24 13:30:03'),
(82, NULL, 'GURU', '8537750651300042', '6274b6fb78281480f6cfb269d4e34ffd', 'Oni Krisna Wati', 'P', NULL, NULL, NULL, NULL, NULL, NULL, NULL, '2021-06-24 13:31:20'),
(83, NULL, 'KASEK', '1547741643200073', '0adbf2f53ab5d42e2a0d65407fd5cab7', 'Panuri', 'L', NULL, NULL, NULL, NULL, NULL, NULL, NULL, '2021-06-24 13:33:48'),
(84, NULL, 'GURU', '1734763664300004', 'a3e0385d948e83acd22d75c847da645a', 'Pisca Febriana Ariyanti	', 'P', NULL, NULL, NULL, NULL, NULL, NULL, NULL, '2021-06-24 13:34:07'),
(85, NULL, 'GURU', '1941745647300003', '9ba5fd583bce272c72e70a2671e760ac', 'Ponikem', 'P', NULL, NULL, NULL, NULL, NULL, NULL, NULL, '2021-06-24 13:34:24'),
(86, NULL, 'GURU', '0948741642200042', '863e7e66b9546e691946dea7029e6a38', 'Pramuji Wibowo', 'L', NULL, NULL, NULL, NULL, NULL, NULL, NULL, '2021-06-24 13:34:44'),
(87, NULL, 'GURU', '4452740642300033', '3b72ace6a20b8cd8bf94a8464c985026', 'Puji Rahayu', 'P', NULL, NULL, NULL, NULL, NULL, NULL, NULL, '2021-06-24 13:34:59'),
(88, NULL, 'GURU', '7643740642200002', 'c2fb27dbd8326b032dce228a65c474ae', 'Pujo Wahyu Widodo', 'L', NULL, NULL, NULL, NULL, NULL, NULL, NULL, '2021-06-24 13:35:17'),
(89, NULL, 'GURU', '1141738639200005', '5091eb802d69d2238afe94e64e3139fd', 'R. Sukrismanto', 'L', NULL, NULL, NULL, NULL, NULL, NULL, NULL, '2021-06-24 13:35:40'),
(90, NULL, 'GURU', '2339749651200004', '1ce0cacd778372be4f503557fd47cb42', 'Ridho Pramono', 'L', NULL, NULL, NULL, NULL, NULL, NULL, NULL, '2021-06-24 13:35:59'),
(91, NULL, 'GURU', '1640750653200004', 'd8ca328a35f7ed5b0455300e43499192', 'Rikat', 'L', NULL, NULL, NULL, NULL, NULL, NULL, NULL, '2021-06-24 13:36:21'),
(92, NULL, 'GURU', '1942741643200003', 'c4660bb09c8f9bf76a6de9ddb55f4096', 'Rimbawanto', 'L', NULL, NULL, NULL, NULL, NULL, NULL, NULL, '2021-06-24 13:36:37'),
(93, NULL, 'GURU', '2349759661300023', 'bf9efdf38ca77ad6dcc799526a25f964', 'Ririn Puji Rahayu', 'P', NULL, NULL, NULL, NULL, NULL, NULL, NULL, '2021-06-24 13:36:54'),
(94, NULL, 'GURU', '1244745649200005', '1b77b2522ed50ff908760061e00721ac', 'Rusiyanto', 'L', NULL, NULL, NULL, NULL, NULL, NULL, NULL, '2021-06-24 13:37:10'),
(95, NULL, 'GURU', '1133750651200004', '951776c9efc7d6aa8840a0b15223ca94', 'Samsu Bashari', 'L', NULL, NULL, NULL, NULL, NULL, NULL, NULL, '2021-06-24 13:39:01'),
(96, NULL, 'GURU', '1637761663200003', '3040e15a2f14cd94981edf96165387c0', 'Sekta Heri Jamaludin', 'L', NULL, NULL, NULL, NULL, NULL, NULL, NULL, '2021-06-24 13:39:33'),
(97, NULL, 'GURU', '6755740640200002', '9f99933760dfa000747833975c4ce723', 'Silverius Supiyandono	', 'L', NULL, NULL, NULL, NULL, NULL, NULL, NULL, '2021-06-24 13:40:42'),
(98, NULL, 'GURU', '1033756657300004', '1497f2938442e73adfe8bac3d0677041', 'Sinta Ari Ferdiyana', 'P', NULL, NULL, NULL, NULL, NULL, NULL, NULL, '2021-06-24 13:42:02'),
(99, NULL, 'GURU', '1941762663300003', '5f9a955363d4bfd262354989ea8f7ded', 'Siti Lailiatus Sakdiyah', 'P', NULL, NULL, NULL, NULL, NULL, NULL, NULL, '2021-06-24 13:42:22'),
(100, NULL, 'GURU', '1254747649300063', '4b42f0b8892a150d75e32e1cbadc3413', 'Siti Masita', 'P', NULL, NULL, NULL, NULL, NULL, NULL, NULL, '2021-06-24 13:42:41'),
(101, NULL, 'GURU', '7744746646300002', 'a0e605cb84bf950f1c3a65844b603672', 'Siti Qomariyah', 'P', NULL, NULL, NULL, NULL, NULL, NULL, NULL, '2021-06-24 13:43:06'),
(102, NULL, 'GURU', '1059739642200023', '414cdbd594d71edcb55f6b70657369c8', 'Slamet', 'L', NULL, NULL, NULL, NULL, NULL, NULL, NULL, '2021-06-24 13:43:29'),
(103, NULL, 'GURU', '1142742647200005', '1497bb86a06ca94a0cccd7d3545be91d', 'Slamet Widodo', 'L', NULL, NULL, NULL, NULL, NULL, NULL, NULL, '2021-06-24 13:43:47'),
(104, NULL, 'GURU', '5663758659300092', '7f004e0e2439c13f65ab11d669cfd078', 'Soeci Prapti Ningrum', 'P', NULL, NULL, NULL, NULL, NULL, NULL, NULL, '2021-06-24 13:44:08'),
(105, NULL, 'GURU', '1344749652300005', '98910838c3298843145195b16f301504', 'Sri Suryanti', 'P', NULL, NULL, NULL, NULL, NULL, NULL, NULL, '2021-06-24 13:44:29'),
(106, NULL, 'GURU', '9634744647300012', 'f35e0c90776e7afef186c20e16bd7b13', 'Sri Umi Ertiningsih', 'P', NULL, NULL, NULL, NULL, NULL, NULL, NULL, '2021-06-24 13:44:48'),
(107, NULL, 'GURU', '0334742644300013', '61b3fed85837c5ce967e2bfc12724956', 'Sriwidayati	', 'P', NULL, NULL, NULL, NULL, NULL, NULL, NULL, '2021-06-24 13:45:06'),
(108, NULL, 'GURU', '8439763665200022', '08db89f462f2e0b33ea607f8d9f6f4cf', 'Suci Hartono', 'L', NULL, NULL, NULL, NULL, NULL, NULL, NULL, '2021-06-24 13:45:33'),
(109, NULL, 'GURU', '2837745647200022', '2fc514fbfd73df5969047db7540c564e', 'Sudai	', 'L', NULL, NULL, NULL, NULL, NULL, NULL, NULL, '2021-06-24 13:45:53'),
(110, NULL, 'GURU', '1142746649200005', '78fe28f50f388a257ef8c53d76939c07', 'Sudarminto', 'L', NULL, NULL, NULL, NULL, NULL, NULL, NULL, '2021-06-24 13:46:14'),
(111, NULL, 'GURU', '8139743644200013', '9c56f525a06f66371b05a84ba9f2aca8', 'Sugeng Hariadi', 'L', NULL, NULL, NULL, NULL, NULL, NULL, NULL, '2021-06-24 13:46:33'),
(112, NULL, 'GURU', '4561737639300073', '99172526a69d9b8a62f12e5d185f1d15', 'Suharmani', 'P', NULL, NULL, NULL, NULL, NULL, NULL, NULL, '2021-06-24 13:46:54'),
(113, NULL, 'GURU', '7036742643200013', '0cea67636f501fd62bb2b6d8112ff961', 'Sujiyono', 'L', NULL, NULL, NULL, NULL, NULL, NULL, NULL, '2021-06-24 13:47:24'),
(114, NULL, 'GURU', '1135739642200005', 'f0bdd5029e5ba90f288882c49628e8e6', 'Sumiran', 'L', NULL, NULL, NULL, NULL, NULL, NULL, NULL, '2021-06-24 13:47:44'),
(115, NULL, 'GURU', '7955745647200022', '641533219ca2b1d2e14364e00c7d6514', 'Suparman', 'L', NULL, NULL, NULL, NULL, NULL, NULL, NULL, '2021-06-24 13:48:00'),
(116, NULL, 'GURU', '3837740640200002', '128d12563f59f2b91d725bebcce3976e', 'Supono', 'L', NULL, NULL, NULL, NULL, NULL, NULL, NULL, '2021-06-24 13:48:19'),
(117, NULL, 'GURU', '0738743644200012', 'f2af997c44a41b6c6c6c094163d935b2', 'Suprapto', 'L', NULL, NULL, NULL, NULL, NULL, NULL, NULL, '2021-06-24 13:48:35'),
(118, NULL, 'GURU', '2435746649200012', 'ef812dbe95eb4bc3e14a041e5729fad2', 'Suroto', 'L', NULL, NULL, NULL, NULL, NULL, NULL, NULL, '2021-06-24 13:48:54'),
(119, NULL, 'GURU', '0441762663300062', '36f8d59ea2d051eb4884fc448e6ca617', 'Susanti', 'P', NULL, NULL, NULL, NULL, NULL, NULL, NULL, '2021-06-24 13:49:10'),
(120, NULL, 'GURU', '7743742644200002', '182f2b0c216dfe51a807db8ea82f7416', 'Sutono', 'L', NULL, NULL, NULL, NULL, NULL, NULL, NULL, '2021-06-24 13:49:30'),
(121, NULL, 'GURU', '1842743646300004', 'e9e664d52aa1b159f389a74ce850b39a', 'Taslimah', 'L', NULL, NULL, NULL, NULL, NULL, NULL, NULL, '2021-06-24 13:50:48'),
(122, NULL, 'GURU', '1344739641200005', '80f7f19d7a056d3c17bdc50f37c74a5b', 'Toetoeko Dwi Handhiejono', 'L', NULL, NULL, NULL, NULL, NULL, NULL, NULL, '2021-06-24 13:51:08'),
(123, NULL, 'GURU', '9837743646200022', '7a4b8dbe56476b518348c5bb2bddbd5d', 'Tri Wahyudi', 'L', NULL, NULL, NULL, NULL, NULL, NULL, NULL, '2021-06-24 13:51:24'),
(124, NULL, 'GURU', '1333749650300004', '8cbfecdb8d7538a7d47a64f2992c0685', 'Tutik Erwiyani', 'P', NULL, NULL, NULL, NULL, NULL, NULL, NULL, '2021-06-24 13:51:43'),
(125, NULL, 'GURU', '1335742644200004', '2ed807d1e494921074c7d406429c6220', 'Wagiso', 'L', NULL, NULL, NULL, NULL, NULL, NULL, NULL, '2021-06-24 13:51:59'),
(126, NULL, 'GURU', '1241738641200005', 'e435ad48b59110817c23bd5d2cfb649a', 'Wasili', 'L', NULL, NULL, NULL, NULL, NULL, NULL, NULL, '2021-06-24 13:52:24'),
(127, NULL, 'GURU', '5540751652300012', 'bb2ade3a0bfb87139635d6d079a842b4', 'Widi Nugrahani', 'P', NULL, NULL, NULL, NULL, NULL, NULL, NULL, '2021-06-24 13:53:00'),
(128, NULL, 'GURU', '1834762663300004', '809b0b28efddce8e9bbe2bfd55558313', 'Yuli Wahyuni', 'P', NULL, NULL, NULL, NULL, NULL, NULL, NULL, '2021-06-24 13:53:26'),
(129, NULL, 'GURU', '5534749651300043', '211d7198efc6f5b900624fdb286db41b', 'Yulia Lesmana Dewi', 'P', NULL, NULL, NULL, NULL, NULL, NULL, NULL, '2021-06-24 13:53:48'),
(130, NULL, 'GURU', '1340755657300005', 'cb0de7a6674eff60c1331268ea576955', 'Yuliana', 'P', NULL, NULL, NULL, NULL, NULL, NULL, NULL, '2021-06-24 13:54:05'),
(131, NULL, 'GURU', '3458766668110013', '8d9dfbe1b299db8ff7929668f4255f34', 'Yunus Kristanto', 'L', NULL, NULL, NULL, NULL, NULL, NULL, NULL, '2021-06-24 13:54:23'),
(132, NULL, 'GURU', 'AG7', '635debab1ed95650da54ff1e71616619', 'Miqdad Afif', 'L', NULL, NULL, NULL, NULL, NULL, NULL, NULL, '2021-06-25 12:47:14'),
(133, NULL, 'GURU', 'SB2', '4f0dea759a7774eaeb9882551d5c89ca', 'Yunita Agustin', 'P', NULL, NULL, NULL, NULL, NULL, NULL, NULL, '2021-06-25 13:19:45'),
(134, NULL, 'GURU', 'SJ2', '30032ae1b8482d43bd538cfe455a585f', 'Selamet', 'L', NULL, NULL, NULL, NULL, NULL, NULL, NULL, '2021-06-25 13:28:08'),
(135, NULL, 'GURU', 'BE8', '019aa51b0a33042d0055d6c935ec7f23', 'Anandita Kartika P.', 'P', NULL, NULL, NULL, NULL, NULL, NULL, NULL, '2021-06-25 13:30:35'),
(136, NULL, 'GURU', 'SB1', 'f7fc17e477cdc6d7f1fc0fb60263196c', 'Ingkan Prio Manunggal', 'L', NULL, NULL, NULL, NULL, NULL, NULL, NULL, '2021-06-25 13:37:39'),
(137, NULL, 'GURU', 'AG5', '07719d071fd814763e7eb3efc175a711', 'Fara Ajeng W.', 'P', NULL, NULL, NULL, NULL, NULL, NULL, NULL, '2021-06-25 15:24:40'),
(138, NULL, 'GURU', 'BE7', 'd6f7273af988970d20a35f2a8c33aa03', 'Septina Fika M.', 'P', NULL, NULL, NULL, NULL, NULL, NULL, NULL, '2021-06-25 15:27:57'),
(139, NULL, 'GURU', 'PKKB', '41ac3e1ef32117203a40ffe00fd2991e', 'PKKB', 'L', NULL, NULL, NULL, NULL, NULL, NULL, NULL, '2021-06-27 10:56:06'),
(140, NULL, 'GURU', 'BE5', '28cea9f11abcb91e1cc30cab4a1351fc', 'Anggia Luky Sherliyani', 'P', NULL, NULL, NULL, NULL, NULL, NULL, NULL, '2021-06-27 11:20:46'),
(141, NULL, 'GURU', 'BE6', '2ec7356c31ca5930450241a984613d69', 'M. Afan Abdul R.', 'L', NULL, NULL, NULL, NULL, NULL, NULL, NULL, '2021-06-27 12:23:28'),
(142, NULL, 'GURU', '1735743643200003', '0fa1e6d039e7df93c48a1e8b6183be1c', 'Waluyo Handoko', 'L', NULL, NULL, NULL, NULL, NULL, NULL, NULL, '2021-06-27 14:10:03'),
(143, NULL, 'GURU', 'AG4', 'e2a83aba5d8f4b55ca855cc6f48a50f6', 'Yusuf Taufik Kurrohman', 'L', NULL, NULL, NULL, NULL, NULL, NULL, NULL, '2021-06-27 14:24:43');

-- --------------------------------------------------------

--
-- Table structure for table `settings`
--

CREATE TABLE `settings` (
  `title` varchar(100) NOT NULL,
  `tipe` enum('small-text','big-text','image','map','options') DEFAULT 'small-text',
  `value` text,
  `note` varchar(150) DEFAULT NULL
) ENGINE=InnoDB DEFAULT CHARSET=latin1;

--
-- Dumping data for table `settings`
--

INSERT INTO `settings` (`title`, `tipe`, `value`, `note`) VALUES
('notif_max_time', 'small-text', '10', 'Waktu kosong maksimal sebelum notifikasi jam pelajaran kosong dikirimkan kepada guru piket');

-- --------------------------------------------------------

--
-- Table structure for table `siswa`
--

CREATE TABLE `siswa` (
  `id` int(11) NOT NULL,
  `kelas_id` int(11) DEFAULT NULL,
  `petugas_jurnal` enum('YA','TIDAK') DEFAULT 'TIDAK',
  `nisn` varchar(50) DEFAULT NULL,
  `password` varchar(255) DEFAULT NULL,
  `nama_lengkap` varchar(50) DEFAULT NULL,
  `jk` enum('L','P') DEFAULT NULL,
  `email` varchar(50) DEFAULT NULL,
  `telp` varchar(50) DEFAULT NULL,
  `alamat` varchar(250) DEFAULT NULL,
  `foto` varchar(50) DEFAULT NULL,
  `aktif` enum('YA','TIDAK') DEFAULT 'YA',
  `tgl_update` datetime DEFAULT NULL,
  `token_firebase` varchar(250) DEFAULT NULL,
  `token_login` varchar(50) DEFAULT NULL
) ENGINE=InnoDB DEFAULT CHARSET=latin1 COMMENT='operator sekolah masukin siswa => sekolah_id\r\ntrus pegawai (guru kelas) masukin siswa ke kelas => set kelas_id';

--
-- Dumping data for table `siswa`
--

INSERT INTO `siswa` (`id`, `kelas_id`, `petugas_jurnal`, `nisn`, `password`, `nama_lengkap`, `jk`, `email`, `telp`, `alamat`, `foto`, `aktif`, `tgl_update`, `token_firebase`, `token_login`) VALUES
(1, 1, 'YA', '28178129', '04ce3ff083a54c94361dac5d63407dec', 'IQBAL FIKHRIANSYAH R', 'L', 'IQBALFIKHRIANSYAHR@gmail.com', NULL, NULL, NULL, 'YA', '2021-07-04 13:41:10', NULL, 'dab46c08-3204-4696-9b75-a022a0611526'),
(2, 2, 'YA', '33033875', '572bb6fdc3d60e8a90386a1cd3365bff', 'ADITYA RAMANDA FAUZI', 'L', 'ADITYARAMANDAFAUZI@gmail.com', NULL, NULL, NULL, 'YA', '2021-07-04 13:42:25', NULL, '5f80250a-bf3c-47be-a200-72ce7ca18ab3'),
(3, 5, 'YA', '25268943', 'f97c9f7c95ae9f009388f5bc098a57f1', 'GIBRAN FITRATULLAH', 'L', 'GIBRANFITRATULLAH@gmail.com', NULL, NULL, NULL, 'YA', '2021-07-04 13:43:28', NULL, 'aa4cb830-883b-453d-ac19-359d888ab051'),
(4, 7, 'YA', '26477929', '3fd767d8fe2296a3084312afa5767a5f', 'M. FAJARSYAH EKA PERMANA', 'L', 'M.FAJARSYAHEKAPERMANA@gmail.com', NULL, NULL, NULL, 'YA', '2021-07-04 13:44:39', NULL, 'e0ad9469-3a82-4778-a63a-2d7d7d5e83f9'),
(5, 3, 'YA', '23007891', '93743b82d1802ab0d0d7d9e1a755ff13', 'MUH. RAFQI PUTRA RUSDI', 'L', 'MUH.RAFQIPUTRARUSDI@gmail.com', NULL, NULL, NULL, 'YA', '2021-07-04 13:45:44', NULL, '125df117-0051-4593-a073-6baaef1adcd8'),
(6, 9, 'YA', '36837988', '306dc2c6f66439fbc9c2e787530cc074', 'BIMA YUSUF PRATAMA', 'L', 'BIMAYUSUFPRATAMA@gmail.com', NULL, NULL, NULL, 'YA', '2021-07-04 13:47:05', NULL, 'a14cdea0-cb34-4d7d-94ff-d19ba877593b'),
(7, 6, 'YA', '33644622', '523dea9d19418adb838703b65b34e45d', 'FARHAN RAMADITA', 'L', 'FARHANRAMADITA@gmail.com', NULL, NULL, NULL, 'YA', '2021-07-04 13:47:44', NULL, '21fe4552-e1ca-4ebd-a113-4aebe8fc8fa2'),
(8, 4, 'YA', '35612437', 'c9f0f895fb98ab9159f51fd0297e236d', 'ALVIAN NUR FIRDAUS', 'L', 'ALVIANNURFIRDAUS@gmail.com', NULL, NULL, NULL, 'YA', '2021-07-04 13:48:26', NULL, 'c533e5b1-19a1-4f30-ad5d-0e909baea631'),
(9, 10, 'YA', '28853679', 'df26bf55b30e1b7dee3623c1cfe4daee', 'RENDRA HADI WIRA KUSUMA', 'L', 'RENDRAHADIWIRAKUSUMA@gmail.com', NULL, NULL, NULL, 'YA', '2021-07-04 13:49:15', NULL, '23809c34-cd8e-4682-bbd8-a9da88b0ae15'),
(10, 11, 'YA', '32233152', 'd3d9446802a44259755d38e6d163e820', 'RIZAL ANDRIANSYAH', 'L', 'RIZALANDRIANSYAH@gmail.com', NULL, NULL, NULL, 'YA', '2021-07-04 13:49:57', NULL, '9e078565-9d65-4e0f-b35e-ee6ff4c7f264'),
(11, 16, 'YA', '11', '6512bd43d9caa6e02c990b0a82652dca', 'xitavei', 'L', 'xitavei@gmail.com', NULL, NULL, NULL, NULL, '2021-06-29 14:12:45', NULL, '76bf7bce-294c-4703-9d87-75f01369f8c8'),
(12, 12, 'YA', '12', 'c20ad4d76fe97759aa27a0c99bff6710', 'xititl', 'L', 'xititl@gmail.com', NULL, NULL, NULL, NULL, '2021-06-29 14:13:40', NULL, 'ed8e273f-b53d-46f4-97dd-9a4278f2a3de'),
(13, 18, 'YA', '13', 'c51ce410c124a10e0db5e4b97fc2af39', 'xitkj', 'L', 'xitkj@gmail.com', NULL, NULL, NULL, NULL, '2021-06-29 14:18:59', NULL, '21799dae-0d6d-4296-9bd3-6a15df15ac02'),
(14, 15, 'YA', '14', 'aab3238922bcc25a6f606eb525ffdc56', 'xitkr', 'L', 'xitkr@gmail.com', NULL, NULL, NULL, NULL, '2021-06-29 14:18:39', NULL, '7902c6cb-64f6-4e0b-bec2-f3ac040c3d70'),
(15, 13, 'YA', '15', '9bf31c7ff062936a96d3c8bd1f8f2ff3', 'xitpm', 'L', 'xitpm@gmail.com', NULL, NULL, NULL, NULL, '2021-06-29 14:19:47', NULL, '51597037-2e55-484e-a73b-1ab92c0aac74'),
(16, 19, 'YA', '16', 'c74d97b01eae257e44aa9d5bade97baf', 'xiibkplas', 'L', 'xiibkplas@gmail.com', NULL, NULL, NULL, NULL, '2021-06-29 14:22:54', NULL, '39fce942-cd14-43b9-9c82-56b2dee10533'),
(17, 20, 'YA', '17', '70efdf2ec9b086079795c442636b55fb', 'xiidpib', 'L', 'xiidpib@gmail.com', NULL, NULL, NULL, NULL, '2021-06-29 14:23:45', NULL, 'a9732cf2-e4de-4a78-9341-a1a642940a3d'),
(18, 25, 'YA', '18', '6f4922f45568161a8cdf4ad2299f6d23', 'xiitavei', 'L', 'xiitavei@gmail.com', NULL, NULL, NULL, NULL, '2021-06-29 14:24:54', NULL, '820e581d-c324-4c83-8aa7-c5f4d0db19ff'),
(19, 21, 'YA', '19', '1f0e3dad99908345f7439f8ffabdffc4', 'xiititl', 'L', 'xiititl@gmail.com', NULL, NULL, NULL, NULL, '2021-06-29 14:25:29', NULL, '4f18d81e-3358-48b3-9722-6af7d3951d8a'),
(20, 27, 'YA', '20', '98f13708210194c475687be6106a3b84', 'xiitkj', 'L', 'xiitkj@gmail.com', NULL, NULL, NULL, NULL, '2021-06-29 14:26:03', NULL, '690eaf57-1955-4abb-a6cc-fd22bfc35c47'),
(21, 24, 'YA', '21', '3c59dc048e8850243be8079a5c74d079', 'xiitkr', 'L', 'xiitkr@gmail.com', NULL, NULL, NULL, NULL, '2021-06-29 14:27:03', NULL, '4f46040a-c6f2-4798-ad01-baa1371125c4'),
(22, 22, 'YA', '22', 'b6d767d2f8ed5d21a44b0e5886680cb9', 'xiitpm', 'L', 'xiitpm@gmail.com', NULL, NULL, NULL, NULL, '2021-06-29 14:27:33', NULL, '596b0389-68c8-4dd1-82b2-859cddb53f4b');

-- --------------------------------------------------------

--
-- Table structure for table `user`
--

CREATE TABLE `user` (
  `id` int(11) NOT NULL,
  `username` varchar(50) DEFAULT NULL,
  `password` varchar(255) DEFAULT NULL,
  `nama_lengkap` varchar(50) DEFAULT NULL,
  `email` varchar(50) DEFAULT NULL,
  `telp` varchar(50) DEFAULT NULL,
  `foto` varchar(50) DEFAULT NULL,
  `level` enum('ADMIN','KURIKULUM','GUEST') DEFAULT NULL,
  `tgl_update` datetime DEFAULT NULL,
  `terakhir_login` datetime DEFAULT NULL,
  `token_firebase` varchar(250) DEFAULT NULL,
  `token_login` varchar(50) DEFAULT NULL
) ENGINE=InnoDB DEFAULT CHARSET=latin1;

--
-- Dumping data for table `user`
--

INSERT INTO `user` (`id`, `username`, `password`, `nama_lengkap`, `email`, `telp`, `foto`, `level`, `tgl_update`, `terakhir_login`, `token_firebase`, `token_login`) VALUES
(1, 'admin', '21232f297a57a5a743894a0e4a801fc3', 'admin', 'admin@gmail.com', NULL, NULL, 'ADMIN', '2020-04-01 22:45:30', '2020-04-01 22:45:32', NULL, NULL),
(2, 'kurikulum', '4e7f2477836fa0c289105740fee0ebb1', 'kurikulum', 'kurikulum@gmail.com', NULL, NULL, 'KURIKULUM', '2020-04-01 22:46:28', '2020-04-01 22:46:29', NULL, NULL),
(3, 'tamu', 'f8829935a87192f3f9fab79856122c0f', 'Tamu', 'tamu@gmail.com', NULL, NULL, 'GUEST', NULL, NULL, NULL, NULL);

--
-- Indexes for dumped tables
--

--
-- Indexes for table `ci_session`
--
ALTER TABLE `ci_session`
  ADD PRIMARY KEY (`id`),
  ADD KEY `ci_sessions_timestamp` (`timestamp`);

--
-- Indexes for table `cronjob_status`
--
ALTER TABLE `cronjob_status`
  ADD PRIMARY KEY (`id`);

--
-- Indexes for table `dates`
--
ALTER TABLE `dates`
  ADD PRIMARY KEY (`idDate`),
  ADD UNIQUE KEY `td_ymd_idx` (`year`,`month`,`day`),
  ADD UNIQUE KEY `td_dbdate_idx` (`fulldate`);

--
-- Indexes for table `hari_libur`
--
ALTER TABLE `hari_libur`
  ADD PRIMARY KEY (`id`);

--
-- Indexes for table `jadwal_mengajar`
--
ALTER TABLE `jadwal_mengajar`
  ADD PRIMARY KEY (`id`),
  ADD UNIQUE KEY `hari_jam_mulai_jam_selesai_kelas_id` (`hari`,`jam`,`kelas_id`);

--
-- Indexes for table `jadwal_piket`
--
ALTER TABLE `jadwal_piket`
  ADD PRIMARY KEY (`id`);

--
-- Indexes for table `jam_aktif`
--
ALTER TABLE `jam_aktif`
  ADD PRIMARY KEY (`id`);

--
-- Indexes for table `jurnal`
--
ALTER TABLE `jurnal`
  ADD PRIMARY KEY (`id`);

--
-- Indexes for table `jurusan`
--
ALTER TABLE `jurusan`
  ADD PRIMARY KEY (`id`);

--
-- Indexes for table `kelas`
--
ALTER TABLE `kelas`
  ADD PRIMARY KEY (`id`);

--
-- Indexes for table `matapelajaran`
--
ALTER TABLE `matapelajaran`
  ADD PRIMARY KEY (`id`);

--
-- Indexes for table `notifikasi`
--
ALTER TABLE `notifikasi`
  ADD PRIMARY KEY (`id`);

--
-- Indexes for table `pegawai`
--
ALTER TABLE `pegawai`
  ADD PRIMARY KEY (`id`);

--
-- Indexes for table `settings`
--
ALTER TABLE `settings`
  ADD PRIMARY KEY (`title`);

--
-- Indexes for table `siswa`
--
ALTER TABLE `siswa`
  ADD PRIMARY KEY (`id`),
  ADD UNIQUE KEY `nisn` (`nisn`);

--
-- Indexes for table `user`
--
ALTER TABLE `user`
  ADD PRIMARY KEY (`id`),
  ADD UNIQUE KEY `email` (`email`),
  ADD UNIQUE KEY `username` (`username`);

--
-- AUTO_INCREMENT for dumped tables
--

--
-- AUTO_INCREMENT for table `cronjob_status`
--
ALTER TABLE `cronjob_status`
  MODIFY `id` int(11) NOT NULL AUTO_INCREMENT, AUTO_INCREMENT=50;

--
-- AUTO_INCREMENT for table `hari_libur`
--
ALTER TABLE `hari_libur`
  MODIFY `id` int(11) NOT NULL AUTO_INCREMENT, AUTO_INCREMENT=21;

--
-- AUTO_INCREMENT for table `jadwal_mengajar`
--
ALTER TABLE `jadwal_mengajar`
  MODIFY `id` int(11) NOT NULL AUTO_INCREMENT, AUTO_INCREMENT=593;

--
-- AUTO_INCREMENT for table `jadwal_piket`
--
ALTER TABLE `jadwal_piket`
  MODIFY `id` int(11) NOT NULL AUTO_INCREMENT;

--
-- AUTO_INCREMENT for table `jam_aktif`
--
ALTER TABLE `jam_aktif`
  MODIFY `id` int(11) NOT NULL AUTO_INCREMENT, AUTO_INCREMENT=11;

--
-- AUTO_INCREMENT for table `jurnal`
--
ALTER TABLE `jurnal`
  MODIFY `id` int(11) NOT NULL AUTO_INCREMENT, AUTO_INCREMENT=3543;

--
-- AUTO_INCREMENT for table `jurusan`
--
ALTER TABLE `jurusan`
  MODIFY `id` int(11) NOT NULL AUTO_INCREMENT, AUTO_INCREMENT=10;

--
-- AUTO_INCREMENT for table `kelas`
--
ALTER TABLE `kelas`
  MODIFY `id` int(11) NOT NULL AUTO_INCREMENT, AUTO_INCREMENT=28;

--
-- AUTO_INCREMENT for table `matapelajaran`
--
ALTER TABLE `matapelajaran`
  MODIFY `id` int(11) NOT NULL AUTO_INCREMENT, AUTO_INCREMENT=13;

--
-- AUTO_INCREMENT for table `notifikasi`
--
ALTER TABLE `notifikasi`
  MODIFY `id` int(11) NOT NULL AUTO_INCREMENT;

--
-- AUTO_INCREMENT for table `pegawai`
--
ALTER TABLE `pegawai`
  MODIFY `id` int(11) NOT NULL AUTO_INCREMENT, AUTO_INCREMENT=144;

--
-- AUTO_INCREMENT for table `siswa`
--
ALTER TABLE `siswa`
  MODIFY `id` int(11) NOT NULL AUTO_INCREMENT, AUTO_INCREMENT=23;

--
-- AUTO_INCREMENT for table `user`
--
ALTER TABLE `user`
  MODIFY `id` int(11) NOT NULL AUTO_INCREMENT, AUTO_INCREMENT=4;
COMMIT;

/*!40101 SET CHARACTER_SET_CLIENT=@OLD_CHARACTER_SET_CLIENT */;
/*!40101 SET CHARACTER_SET_RESULTS=@OLD_CHARACTER_SET_RESULTS */;
/*!40101 SET COLLATION_CONNECTION=@OLD_COLLATION_CONNECTION */;
